label,seed,trigger_strategy,event_driven_freq,controller_freq,periodic_freq,threshold_confidence,TED_combined,TED_passenger,TED_freight,delay_ratio,n_delay_gt3min,n_delay_gt5min,max_end_delay,n_rescheduled,n_evaluated,n_skipped_no_improvement,total_solve_time_s,mean_solve_time_s,trigger_rate_pct,trigger_rate_mc_pct,n_platform_switches,n_fcfs_fallback,deadlock
ED_600_300_c04,0,event_driven,600.0,300.0,600.0,0.4,39843.09999999999,37021.3,2821.7999999999884,0.43052293359008503,66,9,356.59999999999945,52,184,38,3.5154294967651367,0.06760441339932956,0.47780942754755124,28.26086956521739,18,0,False
ED_600_300_c04,1,event_driven,600.0,300.0,600.0,0.4,43178.99999999998,38545.39999999997,4633.600000000006,0.6789967725799251,53,12,1428.0,56,177,40,3.5555567741394043,0.06349208525248937,0.5136672170243992,31.63841807909605,15,0,False
ED_600_300_c04,2,event_driven,600.0,300.0,600.0,0.4,43345.69999999998,39340.49999999999,4005.199999999987,0.5750505972719704,52,17,1442.699999999997,61,185,31,3.909714698791504,0.06409368358674597,0.5600440690414984,32.972972972972975,16,0,False
ED_600_300_c04,3,event_driven,600.0,300.0,600.0,0.4,40375.4,38260.3,2115.0999999999985,0.3122513041306148,53,8,610.0,56,178,41,3.664715528488159,0.06544134872300285,0.5139972464433226,31.46067415730337,13,0,False
ED_600_300_c04,4,event_driven,600.0,300.0,600.0,0.4,39887.4,37218.799999999996,2668.600000000006,0.4049886403858062,50,7,523.0,48,179,47,3.055861711502075,0.06366378565629323,0.4406499586890664,26.81564245810056,14,0,False
ED_600_300_c04,5,event_driven,600.0,300.0,600.0,0.4,38371.79999999999,35738.19999999999,2633.5999999999985,0.41623525810194406,45,5,528.0,56,183,36,3.598223924636841,0.0642539986542293,0.5143277002204262,30.601092896174865,14,0,False
ED_600_300_c04,6,event_driven,600.0,300.0,600.0,0.4,40179.79999999998,35259.799999999996,4919.999999999983,0.7881465609529836,47,12,1471.0,49,179,47,3.1675846576690674,0.06464458485038913,0.45065759220086454,27.37430167597765,15,0,False
ED_600_300_c04,7,event_driven,600.0,300.0,600.0,0.4,43727.19999999999,39855.799999999996,3871.3999999999924,0.5486536105517523,57,15,1439.0999999999913,59,181,36,4.437049150466919,0.07520422288926981,0.540441513236237,32.59668508287293,15,0,False
ED_600_300_c04,8,event_driven,600.0,300.0,600.0,0.4,42548.49999999999,38993.5,3554.9999999999955,0.514954802977165,51,15,1633.0,61,171,40,4.1493940353393555,0.0680228530383501,0.5593251421236017,35.67251461988304,15,0,False
ED_600_300_c04,9,event_driven,600.0,300.0,600.0,0.4,40517.29999999999,37798.399999999994,2718.899999999997,0.4062950626667605,62,6,488.0,52,181,44,3.4392309188842773,0.06613905613238995,0.4766706389219911,28.7292817679558,15,0,False
ED_600_300_c04,10,event_driven,600.0,300.0,600.0,0.4,38525.39999999988,35372.299999999894,3153.0999999999854,0.5034961702353975,49,8,1426.0999999999913,58,185,33,3.7760934829711914,0.06510506005122743,0.5332842956969475,31.351351351351354,15,0,False
ED_600_300_c04,11,event_driven,600.0,300.0,600.0,0.4,44584.59999999995,40493.99999999998,4090.599999999973,0.5705819936965257,60,10,1424.4999999999854,54,184,37,3.670640707015991,0.06797482790770354,0.4959588537839824,29.347826086956523,15,0,False
ED_600_300_c04,12,event_driven,600.0,300.0,600.0,0.4,43154.299999999996,38370.399999999994,4783.900000000004,0.7042186021138556,52,11,1633.0,56,182,39,3.37865948677063,0.06033320512090411,0.5143277002204262,30.76923076923077,15,0,False
ED_600_300_c04,13,event_driven,600.0,300.0,600.0,0.4,42745.399999999994,38550.8,4194.599999999988,0.6145806526498996,58,15,1485.5999999999913,58,176,39,3.748539447784424,0.06462999047904179,0.5327454762560853,32.95454545454545,13,0,False
ED_600_300_c04,14,event_driven,600.0,300.0,600.0,0.4,41382.499999999985,37159.2,4223.29999999999,0.6419590173223175,62,11,1442.699999999997,57,180,39,3.555756092071533,0.06238168582581637,0.5238007719169271,31.666666666666664,15,0,False
ED_600_300_c04,15,event_driven,600.0,300.0,600.0,0.4,41408.6,38818.100000000006,2590.4999999999905,0.3769389780812272,58,14,646.0,50,183,45,3.144876718521118,0.06289753437042236,0.45930553003858166,27.322404371584703,18,0,False
ED_600_300_c04,16,event_driven,600.0,300.0,600.0,0.4,42204.499999999956,39077.699999999975,3126.799999999983,0.45195254413811076,65,10,431.0,56,181,39,3.5137593746185303,0.06274570311818804,0.5144221936432115,30.939226519337016,17,0,False
ED_600_300_c04,17,event_driven,600.0,300.0,600.0,0.4,39828.299999999996,38213.600000000006,1614.699999999988,0.23866878301424982,56,9,472.0,64,173,38,4.03122878074646,0.06298794969916344,0.5866715555962967,36.99421965317919,15,0,False
ED_600_300_c04,18,event_driven,600.0,300.0,600.0,0.4,42731.70000000001,38495.600000000006,4236.1000000000095,0.621551097205459,48,12,1574.0,56,181,37,3.5489373207092285,0.06337388072695051,0.5149425287356322,30.939226519337016,14,0,False
ED_600_300_c04,19,event_driven,600.0,300.0,600.0,0.4,46264.09999999995,44418.69999999997,1845.3999999999824,0.23466396206705825,71,21,808.1999999999971,63,181,32,4.793565273284912,0.07608833767118908,0.577240241891149,34.806629834254146,15,0,False
ED_600_300_c04,20,event_driven,600.0,300.0,600.0,0.4,39386.00000000001,35345.09999999999,4040.900000000015,0.6457592191229977,48,10,1381.6000000000058,55,178,40,3.3663790225982666,0.06120689131996848,0.5054682474037312,30.89887640449438,15,0,False
ED_600_300_c04,21,event_driven,600.0,300.0,600.0,0.4,39027.9,36924.5,2103.4000000000046,0.3217577179689064,53,8,422.0,59,177,40,3.755506992340088,0.06365266088712013,0.5424289785786522,33.33333333333333,15,0,False
ED_600_300_c04,22,event_driven,600.0,300.0,600.0,0.4,39092.09999999999,36276.30000000001,2815.7999999999847,0.43843028565284997,47,9,438.0,55,180,39,3.3441741466522217,0.060803166302767664,0.5051432770022043,30.555555555555557,16,0,False
ED_600_300_c04,23,event_driven,600.0,300.0,600.0,0.4,42108.99999999994,37479.89999999996,4629.099999999985,0.6976215148755616,65,14,1670.0,61,183,32,3.733372211456299,0.06120282313862785,0.5606102380295929,33.33333333333333,18,0,False
ED_600_300_c04,24,event_driven,600.0,300.0,600.0,0.4,39120.69999999999,35830.999999999985,3289.7000000000035,0.518583975261155,45,7,1432.6000000000058,59,179,38,3.7055821418762207,0.06280647698095289,0.5427283598564989,32.960893854748605,15,0,False
ED_600_300_c04,25,event_driven,600.0,300.0,600.0,0.4,41259.59999999999,39019.499999999985,2240.1000000000026,0.3242704936627211,51,14,626.0,56,180,39,3.6535279750823975,0.06524157098361424,0.5141860251583876,31.11111111111111,14,0,False
ED_600_300_c04,26,event_driven,600.0,300.0,600.0,0.4,37398.50000000001,34728.4,2670.100000000004,0.4342746494587645,46,5,457.3000000000029,50,191,36,3.0088136196136475,0.060176272392272946,0.45909466531998894,26.17801047120419,14,0,False
ED_600_300_c04,27,event_driven,600.0,300.0,600.0,0.4,43331.399999999914,36104.599999999984,7226.799999999928,1.1305902209775849,55,8,2526.9999999999854,54,181,40,3.442251682281494,0.06374540152373137,0.4957767168564084,29.83425414364641,16,0,False
ED_600_300_c04,28,event_driven,600.0,300.0,600.0,0.4,38261.39999999997,35337.79999999999,2923.5999999999863,0.4673047240949014,52,7,493.0,50,178,47,2.8773841857910156,0.057547683715820315,0.4602356406480118,28.08988764044944,15,0,False
ED_600_300_c04,29,event_driven,600.0,300.0,600.0,0.4,44678.39999999998,38594.799999999996,6083.59999999998,0.8903352806054697,49,13,1548.0,55,177,42,3.5263991355895996,0.0641163479198109,0.5050968867664616,31.07344632768362,14,0,False
ED_600_300_c04,30,event_driven,600.0,300.0,600.0,0.4,39174.699999999975,37110.099999999984,2064.5999999999885,0.3142429369143913,52,7,476.0,60,185,32,3.853808641433716,0.06423014402389526,0.5511160099200882,32.432432432432435,15,0,False
ED_600_300_c04,31,event_driven,600.0,300.0,600.0,0.4,42803.49999999991,37278.39999999994,5525.099999999973,0.8371525519418105,46,13,1548.0,54,179,43,3.388056755065918,0.06274179176047996,0.49668874172185434,30.16759776536313,15,0,False
ED_600_300_c04,32,event_driven,600.0,300.0,600.0,0.4,43117.6,41548.99999999999,1568.6000000000024,0.21324230175466102,63,16,708.0,55,189,31,3.762984275817871,0.06841789592396129,0.5047260713957971,29.100529100529098,13,0,False
ED_600_300_c04,33,event_driven,600.0,300.0,600.0,0.4,42879.99999999996,38408.799999999996,4471.19999999997,0.6575292612659005,58,11,1429.9999999999854,58,176,41,3.7128515243530273,0.06401468145436254,0.5327454762560853,32.95454545454545,17,0,False
ED_600_300_c04,34,event_driven,600.0,300.0,600.0,0.4,39331.7,37557.0,1774.699999999997,0.2669044298088147,60,10,534.0,53,181,40,3.3881301879882812,0.06392698467902418,0.48632776656267207,29.2817679558011,15,0,False
ED_600_300_c04,35,event_driven,600.0,300.0,600.0,0.4,38450.19999999999,35617.29999999999,2832.9000000000005,0.4492540249995197,53,5,468.6999999999998,60,182,34,3.8023436069488525,0.06337239344914754,0.5514705882352942,32.967032967032964,16,0,False
ED_600_300_c04,36,event_driven,600.0,300.0,600.0,0.4,38106.09999999997,36652.89999999998,1453.199999999989,0.22394366108505895,47,11,452.0,51,176,48,3.119736909866333,0.061171311958163395,0.46840558412931665,28.97727272727273,14,0,False
ED_600_300_c04,37,event_driven,600.0,300.0,600.0,0.4,36803.89999999998,34075.09999999999,2728.799999999986,0.45233093895606774,50,4,328.0,55,177,43,3.2762322425842285,0.05956785895607688,0.5057471264367815,31.07344632768362,16,0,False
ED_600_300_c04,38,event_driven,600.0,300.0,600.0,0.4,36533.09999999995,34355.999999999985,2177.099999999966,0.35792951372762216,48,6,404.0,44,183,48,2.7136569023132324,0.06167402050711892,0.4043374379709612,24.043715846994534,14,0,False
ED_600_300_c04,39,event_driven,600.0,300.0,600.0,0.4,43613.599999999984,41780.79999999999,1832.7999999999988,0.24777646433526634,72,14,690.0,50,183,44,3.3385815620422363,0.06677163124084473,0.4574565416285453,27.322404371584703,13,0,False
ED_600_300_c04,40,event_driven,600.0,300.0,600.0,0.4,39662.19999999997,38125.99999999997,1536.1999999999966,0.22758741546970016,57,11,445.0,52,176,47,3.067683458328247,0.0589939126601586,0.4775900073475386,29.545454545454547,16,0,False
ED_600_300_c04,41,event_driven,600.0,300.0,600.0,0.4,44239.20000000001,39482.500000000015,4756.699999999999,0.6804917187542396,56,17,1397.300000000003,58,178,40,3.6469297409057617,0.06287809898113382,0.5319636797211776,32.58426966292135,18,0,False
ED_600_300_c04,42,event_driven,600.0,300.0,600.0,0.4,44521.399999999936,38167.49999999995,6353.899999999987,0.9403042258062884,58,13,1493.0,56,177,43,3.720089912414551,0.0664301770074027,0.5141388174807198,31.63841807909605,18,0,False
ED_600_300_c04,43,event_driven,600.0,300.0,600.0,0.4,41988.59999999996,36995.000000000015,4993.599999999948,0.7624167804083924,59,11,1427.0999999999913,59,178,36,3.7741448879241943,0.06396855742244398,0.5428282270678075,33.146067415730336,16,0,False
ED_600_300_c04,44,event_driven,600.0,300.0,600.0,0.4,41805.799999999996,38966.4,2839.3999999999915,0.41158356097380366,63,14,576.0,66,179,32,4.305454969406128,0.06523416620312315,0.6060049582223854,36.87150837988827,15,0,False
ED_600_300_c04,45,event_driven,600.0,300.0,600.0,0.4,40905.40000000001,36610.10000000003,4295.299999999985,0.6626959455222665,57,12,1423.199999999997,55,181,41,3.513253927230835,0.06387734413146973,0.5062592047128129,30.386740331491712,14,0,False
ED_600_300_c04,46,event_driven,600.0,300.0,600.0,0.4,40214.39999999998,37033.99999999999,3180.399999999986,0.48506825032179907,55,7,1510.0,47,178,50,2.794909715652466,0.05946616416281842,0.43206471777900346,26.40449438202247,15,0,False
ED_600_300_c04,47,event_driven,600.0,300.0,600.0,0.4,39757.59999999999,37589.100000000006,2168.499999999988,0.3258511257106576,59,8,406.0,62,179,34,3.9904866218566895,0.06436268744930145,0.5696958559220803,34.63687150837989,15,0,False
ED_600_300_c04,48,event_driven,600.0,300.0,600.0,0.4,41109.99999999999,39433.0,1676.9999999999923,0.24021215008459088,56,10,467.0,60,184,32,3.681997776031494,0.0613666296005249,0.5503577325261421,32.608695652173914,15,0,False
ED_600_300_c04,49,event_driven,600.0,300.0,600.0,0.4,40014.599999999984,37660.19999999998,2354.4000000000024,0.35311759153905553,56,13,568.0,53,181,42,3.028655767440796,0.057144448442279165,0.48606016140865743,29.2817679558011,15,0,False
ED_600_300_c08,0,event_driven,600.0,300.0,600.0,0.8,52656.70000000001,49790.10000000001,2866.600000000002,0.3111193868784235,79,21,1563.0,50,153,22,183.22012376785278,3.664402475357056,0.5672149744753261,32.6797385620915,15,2,True
ED_600_300_c08,1,event_driven,600.0,300.0,600.0,0.8,38789.1,36865.6,1923.5,0.29470846522515287,56,5,446.0,43,196,35,2.786386013031006,0.0647996747216513,0.3945678106074509,21.93877551020408,14,0,False
ED_600_300_c08,2,event_driven,600.0,300.0,600.0,0.8,43726.20000000001,38890.700000000004,4835.500000000004,0.7022914063157621,55,14,1556.0,50,197,27,3.2480413913726807,0.06496082782745362,0.45896823939783365,25.380710659898476,15,0,False
ED_600_300_c08,3,event_driven,600.0,300.0,600.0,0.8,37711.29999999999,35835.700000000004,1875.5999999999822,0.29562833575591513,48,8,469.0,52,193,30,3.3198165893554688,0.0638426267183744,0.4773707885798219,26.94300518134715,14,0,False
ED_600_300_c08,4,event_driven,600.0,300.0,600.0,0.8,39121.69999999997,37062.199999999975,2059.4999999999927,0.31387182141859327,49,8,554.0,43,195,36,2.774198532104492,0.06451624493266261,0.3947126858821369,22.05128205128205,15,0,False
ED_600_300_c08,5,event_driven,600.0,300.0,600.0,0.8,39876.8,36178.100000000006,3698.699999999997,0.5774642184569733,50,4,1633.0,46,195,34,2.919236898422241,0.06346167170483133,0.4222895437436886,23.589743589743588,15,0,False
ED_600_300_c08,6,event_driven,600.0,300.0,600.0,0.8,38114.799999999974,33406.89999999999,4707.899999999987,0.7959994709259064,44,11,1471.0,44,188,41,2.915992498397827,0.0662725567817688,0.4054552156284556,23.404255319148938,17,0,False
ED_600_300_c08,7,event_driven,600.0,300.0,600.0,0.8,43232.79999999999,37728.8,5503.999999999985,0.8239999012035206,59,15,1439.0999999999913,51,191,32,3.260387420654297,0.06392916511086856,0.4681046351537403,26.701570680628272,15,0,False
ED_600_300_c08,8,event_driven,600.0,300.0,600.0,0.8,41998.50000000001,38240.3,3758.2000000000044,0.5551116273887806,61,13,1633.0,51,191,31,3.2756004333496094,0.06422745947744332,0.4678040726472207,26.701570680628272,15,0,False
ED_600_300_c08,9,event_driven,600.0,300.0,600.0,0.8,39032.399999999965,35644.199999999975,3388.199999999988,0.536910494693246,53,13,488.0,48,194,32,3.1405372619628906,0.06542785962422688,0.44093330883703835,24.742268041237114,14,0,False
ED_600_300_c08,10,event_driven,600.0,300.0,600.0,0.8,38834.79999999998,34760.200000000004,4074.599999999978,0.6621013005210988,51,11,1426.0999999999913,49,195,31,3.0770180225372314,0.06279628617422921,0.4511139753268275,25.128205128205128,13,0,False
ED_600_300_c08,11,event_driven,600.0,300.0,600.0,0.8,39447.89999999998,36605.6,2842.2999999999847,0.43857524231565126,52,6,381.8000000000002,45,199,30,2.9722237586975098,0.06604941685994466,0.41356492969396197,22.613065326633166,16,0,False
ED_600_300_c08,12,event_driven,600.0,300.0,600.0,0.8,46623.799999999996,40023.3,6600.499999999995,0.9315060241145788,61,12,1633.0,57,191,29,3.621412515640259,0.06353355290596946,0.523175768701239,29.84293193717277,15,0,False
ED_600_300_c08,13,event_driven,600.0,300.0,600.0,0.8,44297.399999999994,39776.89999999999,4520.500000000004,0.64191461944932,61,12,1633.0,49,192,32,3.1367106437683105,0.06401450293404716,0.44875904386848614,25.520833333333332,14,0,False
ED_600_300_c08,14,event_driven,600.0,300.0,600.0,0.8,42743.29999999998,38304.79999999998,4438.5,0.6544926168837536,63,16,1442.699999999997,50,191,33,3.3079302310943604,0.0661586046218872,0.4588418830870882,26.17801047120419,14,0,False
ED_600_300_c08,15,event_driven,600.0,300.0,600.0,0.8,38671.9,36313.600000000006,2358.2999999999934,0.36681870407526806,54,8,522.3000000000029,46,201,29,2.882479190826416,0.06266259110492209,0.4223670920943899,22.885572139303484,17,0,False
ED_600_300_c08,16,event_driven,600.0,300.0,600.0,0.8,42137.59999999999,38310.09999999999,3827.500000000002,0.5643176586348234,66,16,476.0,41,201,33,2.7137019634246826,0.06618785276645567,0.3761122832767636,20.398009950248756,14,0,False
ED_600_300_c08,17,event_driven,600.0,300.0,600.0,0.8,41031.80000000001,39058.80000000001,1972.9999999999982,0.2853184891035513,65,15,597.0,50,193,32,3.305872678756714,0.06611745357513428,0.45846323124885385,25.906735751295333,14,0,False
ED_600_300_c08,18,event_driven,600.0,300.0,600.0,0.8,41497.49999999996,37580.59999999997,3916.899999999991,0.5887087638682867,52,9,1388.0999999999913,48,196,29,3.0259158611297607,0.06303991377353668,0.44081182845073014,24.489795918367346,14,0,False
ED_600_300_c08,19,event_driven,600.0,300.0,600.0,0.8,40058.299999999974,36519.2,3539.09999999998,0.5473855210048743,58,10,1385.0,55,186,33,3.4742980003356934,0.06316905455155807,0.5051432770022043,29.56989247311828,14,0,False
ED_600_300_c08,20,event_driven,600.0,300.0,600.0,0.8,39570.29999999998,37092.89999999999,2477.3999999999933,0.3772481087654603,52,10,529.0,47,195,31,3.0309054851531982,0.06448735074794039,0.4321441706509746,24.102564102564102,15,0,False
ED_600_300_c08,21,event_driven,600.0,300.0,600.0,0.8,39086.099999999984,37606.59999999999,1479.499999999995,0.22221461827807454,52,6,502.0,57,192,27,3.5805394649505615,0.06281648184123792,0.5230797467192805,29.6875,15,0,False
ED_600_300_c08,22,event_driven,600.0,300.0,600.0,0.8,39353.80022562086,36877.40022562086,2476.399999999996,0.37929946081882476,49,8,383.0,49,192,33,3.016366481781006,0.06155849962818379,0.4508234428190266,25.520833333333332,13,0,False
ED_600_300_c08,23,event_driven,600.0,300.0,600.0,0.8,42634.49999999998,36933.7,5700.799999999982,0.8718358322324321,59,13,1726.0,54,184,36,3.312502145767212,0.06134263232902244,0.49582223854558805,29.347826086956523,16,0,False
ED_600_300_c08,24,event_driven,600.0,300.0,600.0,0.8,40568.69999999997,35981.99999999998,4586.699999999989,0.7200070731336351,51,11,1594.0,48,197,33,3.0474061965942383,0.0634876290957133,0.44129815206398826,24.36548223350254,13,0,False
ED_600_300_c08,25,event_driven,600.0,300.0,600.0,0.8,39848.19999999996,37655.09999999998,2193.099999999981,0.32897004655411616,50,17,632.0,45,200,30,2.9632463455200195,0.06584991878933377,0.41295769477837935,22.5,14,0,False
ED_600_300_c08,26,event_driven,600.0,300.0,600.0,0.8,39608.69999999999,37042.1,2566.5999999999894,0.3913671023149142,57,10,653.0,51,192,32,3.2605981826782227,0.063933297699573,0.46750389586579894,26.5625,14,0,False
ED_600_300_c08,27,event_driven,600.0,300.0,600.0,0.8,39629.89999999997,34881.6,4748.299999999972,0.7688887015466026,47,13,1425.7999999999884,53,200,21,3.541700839996338,0.0668245441508743,0.4875804967801288,26.5,14,0,False
ED_600_300_c08,28,event_driven,600.0,300.0,600.0,0.8,38249.39999999999,35058.1,3191.299999999985,0.5141631923973213,43,4,396.0,48,188,40,2.909132957458496,0.060606936613718666,0.4411764705882353,25.53191489361702,15,0,False
ED_600_300_c08,29,event_driven,600.0,300.0,600.0,0.8,35136.000000000015,32311.0,2825.000000000012,0.457729747836743,41,9,594.4000000000087,42,149,25,183.18163800239563,4.36146757148561,0.5008944543828265,28.187919463087248,13,2,True
ED_600_300_c08,30,event_driven,600.0,300.0,600.0,0.8,41330.0,39082.00000000001,2247.9999999999927,0.32489367241938644,62,8,435.0,52,194,29,3.3275065422058105,0.06399051042703482,0.4774146162320969,26.804123711340207,15,0,False
ED_600_300_c08,31,event_driven,600.0,300.0,600.0,0.8,46238.199999999975,40114.89999999999,6123.299999999988,0.8621871585957237,63,13,1483.0,48,193,34,3.1480183601379395,0.06558371583620708,0.44093330883703835,24.870466321243523,13,0,False
ED_600_300_c08,32,event_driven,600.0,300.0,600.0,0.8,40374.899999999994,38760.69999999999,1614.2000000000025,0.23522715613415773,53,10,575.0,47,197,29,3.0854427814483643,0.06564771875422051,0.43178686265502986,23.85786802030457,13,0,False
ED_600_300_c08,33,event_driven,600.0,300.0,600.0,0.8,41868.69999999998,36387.40000000001,5481.299999999976,0.8508524898758841,50,10,1429.9999999999854,45,192,38,2.9446938037872314,0.0654376400841607,0.41276829939460646,23.4375,16,0,False
ED_600_300_c08,34,event_driven,600.0,300.0,600.0,0.8,38542.49999999998,35246.1,3296.3999999999805,0.5282634496760285,51,8,1432.2999999999884,50,187,37,3.2217464447021484,0.06443492889404297,0.46048996131884323,26.737967914438503,15,0,False
ED_600_300_c08,35,event_driven,600.0,300.0,600.0,0.8,39912.7,37223.7,2689.0000000000027,0.40803084009428403,55,9,553.0,58,193,24,3.712465763092041,0.06400803039813864,0.5326965466568699,30.05181347150259,16,0,False
ED_600_300_c08,36,event_driven,600.0,300.0,600.0,0.8,38901.19999999996,37441.59999999997,1459.5999999999904,0.2201918204866784,49,14,465.09999999999127,48,193,35,3.121347665786743,0.06502807637055714,0.440852314474651,24.870466321243523,14,0,False
ED_600_300_c08,37,event_driven,600.0,300.0,600.0,0.8,41114.79999999999,36366.50000000001,4748.299999999977,0.7374937959899358,64,7,1426.0999999999913,50,191,34,2.9556117057800293,0.059112234115600584,0.45909466531998894,26.17801047120419,16,0,False
ED_600_300_c08,38,event_driven,600.0,300.0,600.0,0.8,38298.799999999974,36112.09999999999,2186.699999999979,0.3420252643698492,46,8,433.0,49,195,30,2.9164786338806152,0.05951997212001255,0.4499954082101203,25.128205128205128,14,0,False
ED_600_300_c08,39,event_driven,600.0,300.0,600.0,0.8,41945.700000000004,40275.100000000006,1670.6000000000017,0.23429206293060162,62,12,642.0,52,191,32,3.4166293144226074,0.06570440989274245,0.47693295423278,27.225130890052355,15,0,False
ED_600_300_c08,40,event_driven,600.0,300.0,600.0,0.8,41820.39999999997,38742.69999999998,3077.6999999999894,0.4487021262878379,60,15,433.0,45,194,36,2.866285800933838,0.06369524002075196,0.4131093362709997,23.195876288659793,17,0,False
ED_600_300_c08,41,event_driven,600.0,300.0,600.0,0.8,44121.5,38993.89999999999,5127.600000000011,0.7427440679718619,69,13,1411.0,52,195,28,3.112027645111084,0.05984668548290546,0.47706422018348627,26.666666666666668,17,0,False
ED_600_300_c08,42,event_driven,600.0,300.0,600.0,0.8,45195.69999999991,37864.79999999994,7330.8999999999705,1.0935618595344754,61,10,1493.0,44,190,40,2.840799570083618,0.06456362659280951,0.4046721236089396,23.157894736842106,16,0,False
ED_600_300_c08,43,event_driven,600.0,300.0,600.0,0.8,42844.09999999997,38679.00000000001,4165.099999999962,0.6082357209480398,63,14,1427.0999999999913,44,193,35,2.7644200325012207,0.06282772801139137,0.4042259990813046,22.797927461139896,16,0,False
ED_600_300_c08,44,event_driven,600.0,300.0,600.0,0.8,41537.5,38246.700000000004,3290.799999999994,0.4859921406133227,61,15,576.0,56,190,29,3.642282724380493,0.06504076293536595,0.5148005148005148,29.47368421052631,15,0,False
ED_600_300_c08,45,event_driven,600.0,300.0,600.0,0.8,39423.59999999998,36923.29999999999,2500.2999999999915,0.38248405820643283,57,11,472.90000000000146,44,197,36,2.7870137691497803,0.06334122202613136,0.4044117647058824,22.33502538071066,15,0,False
ED_600_300_c08,46,event_driven,600.0,300.0,600.0,0.8,44137.09999999993,39490.39999999996,4646.699999999979,0.6646221766402851,69,17,1510.0,47,192,34,3.2847635746002197,0.06988858669362169,0.43060009161704077,24.479166666666664,15,0,False
ED_600_300_c08,47,event_driven,600.0,300.0,600.0,0.8,41356.399999999994,39146.399999999994,2210.0000000000027,0.3188762476972892,50,8,395.0,58,190,27,3.75001859664917,0.06465549304567535,0.5319636797211776,30.526315789473685,16,0,False
ED_600_300_c08,48,event_driven,600.0,300.0,600.0,0.8,39233.599999999984,37006.49999999999,2227.099999999989,0.33992525518608613,57,10,463.0,49,195,31,3.1175248622894287,0.06362295637325364,0.45016077170418006,25.128205128205128,13,0,False
ED_600_300_c08,49,event_driven,600.0,300.0,600.0,0.8,39458.29999999996,36728.499999999985,2729.7999999999765,0.41980669860381453,54,9,672.0,53,195,28,3.376965045928955,0.06371632162130104,0.48619392716264564,27.17948717948718,14,0,False
ED_600_600_c04,0,event_driven,600.0,600.0,600.0,0.4,43806.19999999998,38153.399999999994,5652.799999999992,0.8368586337731935,67,14,1574.0,57,139,19,3.9415063858032227,0.06914923483865303,0.5226480836236934,41.007194244604314,14,0,False
ED_600_600_c04,1,event_driven,600.0,600.0,600.0,0.4,38145.69999999999,35993.59999999999,2152.099999999997,0.33772163891407275,48,8,614.0,49,140,31,3.2244927883148193,0.065805975271731,0.4503676470588235,35.0,17,0,False
ED_600_600_c04,2,event_driven,600.0,600.0,600.0,0.4,44083.399999999965,39652.299999999996,4431.099999999968,0.631196954250089,64,17,1442.699999999997,45,140,38,3.2559163570404053,0.07235369682312012,0.4129198017984952,32.142857142857146,15,0,False
ED_600_600_c04,3,event_driven,600.0,600.0,600.0,0.4,37263.600000000006,34615.200000000004,2648.3999999999987,0.43215392386854606,51,7,392.60000000000036,49,140,29,3.0595245361328125,0.06243927624760842,0.4514048825426071,35.0,13,0,False
ED_600_600_c04,4,event_driven,600.0,600.0,600.0,0.4,39286.19999999999,37592.1,1694.0999999999926,0.2545447721056415,59,9,603.0,52,140,25,3.3777287006378174,0.06495632116611187,0.4775900073475386,37.142857142857146,14,0,False
ED_600_600_c04,5,event_driven,600.0,600.0,600.0,0.4,40086.09999999997,36726.999999999985,3359.0999999999867,0.5166057130170707,54,7,419.0,43,140,34,2.794257879257202,0.06498274137807447,0.39543866102630126,30.714285714285715,14,0,False
ED_600_600_c04,6,event_driven,600.0,600.0,600.0,0.4,43419.49999999999,38740.50000000001,4678.999999999988,0.6821965994924508,51,14,1471.0,48,141,35,2.973477602005005,0.061947450041770935,0.4402458039071815,34.04255319148936,16,0,False
ED_600_600_c04,7,event_driven,600.0,600.0,600.0,0.4,43590.999999999956,38237.39999999997,5353.599999999982,0.7908230001154709,58,14,1439.0999999999913,45,140,33,2.963672161102295,0.06585938135782878,0.41189931350114417,32.142857142857146,15,0,False
ED_600_600_c04,8,event_driven,600.0,600.0,600.0,0.4,42777.79999999996,37830.09999999998,4947.699999999983,0.7387331635536087,61,17,1448.0,46,141,40,3.1710634231567383,0.06893616137297257,0.4219796348958811,32.62411347517731,14,0,False
ED_600_600_c04,9,event_driven,600.0,600.0,600.0,0.4,41547.59999999999,37879.5,3668.099999999992,0.546963890265675,56,10,488.0,50,141,31,3.3117730617523193,0.06623546123504638,0.45938993017273055,35.46099290780142,13,0,False
ED_600_600_c04,10,event_driven,600.0,600.0,600.0,0.4,39959.09999999997,34586.299999999996,5372.799999999972,0.8774417539969173,51,11,1426.0999999999913,44,140,38,2.938443660736084,0.06678281047127464,0.4047838086476541,31.428571428571427,14,0,False
ED_600_600_c04,11,event_driven,600.0,600.0,600.0,0.4,39586.09999999997,35454.89999999999,4131.199999999984,0.6581451457956518,49,4,779.0,42,140,33,2.7463455200195312,0.06538917904808408,0.38642009384487996,30.0,15,0,False
ED_600_600_c04,12,event_driven,600.0,600.0,600.0,0.4,44827.59999999999,37577.89999999999,7249.700000000001,1.0897057830548,51,13,1633.0,46,140,31,3.0035693645477295,0.0652949861858202,0.4230274048188339,32.857142857142854,14,0,False
ED_600_600_c04,13,event_driven,600.0,600.0,600.0,0.4,41954.29999999997,38986.79999999999,2967.4999999999814,0.42992714242983304,58,17,1081.0,50,141,35,3.2955033779144287,0.06591006755828857,0.45837917125045835,35.46099290780142,14,0,False
ED_600_600_c04,14,event_driven,600.0,600.0,600.0,0.4,43200.29999999996,35634.99999999999,7565.29999999997,1.1991433906348972,59,20,1442.699999999997,41,140,38,2.7511518001556396,0.06710126341843023,0.3772890402134904,29.28571428571429,14,0,False
ED_600_600_c04,15,event_driven,600.0,600.0,600.0,0.4,40895.0,37015.30000000001,3879.6999999999907,0.5920230253465413,59,13,522.3000000000029,51,141,36,3.2478418350219727,0.06368317323572495,0.46866384855725046,36.17021276595745,13,0,False
ED_600_600_c04,16,event_driven,600.0,600.0,600.0,0.4,42509.3,38490.499999999985,4018.8000000000147,0.589745407422499,64,14,431.0,49,140,25,3.100947618484497,0.06328464527519381,0.4496650454253464,35.0,14,0,False
ED_600_600_c04,17,event_driven,600.0,600.0,600.0,0.4,40740.3,37759.90000000002,2980.399999999983,0.4458260549616696,54,8,392.0,51,141,37,3.2415218353271484,0.06355925167308134,0.46771826852531184,36.17021276595745,13,0,False
ED_600_600_c04,18,event_driven,600.0,600.0,600.0,0.4,41159.00000000004,35968.500000000015,5190.500000000019,0.8150956873589204,45,11,1574.0,49,141,34,3.068229913711548,0.06261693701452138,0.45065759220086454,34.751773049645394,14,0,False
ED_600_600_c04,19,event_driven,600.0,600.0,600.0,0.4,45396.999999999985,40491.0,4905.999999999987,0.6843696917046532,65,14,1431.0,50,141,30,3.0725340843200684,0.061450681686401366,0.4585052728106373,35.46099290780142,14,0,False
ED_600_600_c04,20,event_driven,600.0,600.0,600.0,0.4,41855.499999999956,40064.49999999996,1790.9999999999918,0.25249779236475595,64,10,509.0,51,139,24,3.2253267765045166,0.06324170150008857,0.46827655862638873,36.69064748201439,16,0,False
ED_600_600_c04,21,event_driven,600.0,600.0,600.0,0.4,43379.99999999994,38925.39999999995,4454.599999999995,0.6463940576782065,59,12,1595.0,50,141,33,3.227184295654297,0.06454368591308594,0.4588839941262849,35.46099290780142,13,0,False
ED_600_600_c04,22,event_driven,600.0,600.0,600.0,0.4,37727.79999999997,34866.499999999985,2861.2999999999806,0.4635288477888078,45,8,603.0,47,141,31,3.0510971546173096,0.0649169607365385,0.43298019345923533,33.33333333333333,14,0,False
ED_600_600_c04,23,event_driven,600.0,600.0,600.0,0.4,42564.499999999985,36180.299999999996,6384.199999999991,0.9966806962188415,57,15,1428.3999999999942,50,141,30,2.936469078063965,0.0587293815612793,0.45977011494252873,35.46099290780142,17,0,False
ED_600_600_c04,24,event_driven,600.0,600.0,600.0,0.4,40588.099999999955,34660.69999999999,5927.399999999966,0.9659366244893893,48,8,1427.0,50,141,34,3.0968332290649414,0.06193666458129883,0.46057479734708917,35.46099290780142,14,0,False
ED_600_600_c04,25,event_driven,600.0,600.0,600.0,0.4,43813.599999999984,40681.999999999985,3131.600000000001,0.4347961757528644,66,20,654.0,50,140,25,3.4560012817382812,0.06912002563476563,0.4578335317278638,35.714285714285715,14,0,False
ED_600_600_c04,26,event_driven,600.0,600.0,600.0,0.4,43597.4,38187.60000000001,5409.79999999999,0.8001668800147871,65,12,842.3000000000002,53,141,31,3.237955331802368,0.06109349682645978,0.4865063337617037,37.5886524822695,13,0,False
ED_600_600_c04,27,event_driven,600.0,600.0,600.0,0.4,42473.39999999995,36121.000000000015,6352.399999999936,0.9933442875609378,51,10,2526.9999999999854,50,142,31,3.2595787048339844,0.0651915740966797,0.45871559633027525,35.2112676056338,20,0,False
ED_600_600_c04,28,event_driven,600.0,600.0,600.0,0.4,40586.09999999998,36679.89999999999,3906.19999999999,0.6015172126639156,55,9,500.0,50,141,25,3.2228100299835205,0.06445620059967042,0.4598546859192495,35.46099290780142,14,0,False
ED_600_600_c04,29,event_driven,600.0,600.0,600.0,0.4,43513.79999999997,37953.2,5560.599999999971,0.8275514100477435,61,12,1548.0,47,140,31,2.8153018951416016,0.059900040322161736,0.4319058996507995,33.57142857142857,15,0,False
ED_600_600_c04,30,event_driven,600.0,600.0,600.0,0.4,41333.1,38031.29999999999,3301.8000000000084,0.49037838497573116,56,10,597.0,53,141,33,3.3223941326141357,0.06268668174743652,0.4867744305657605,37.5886524822695,13,0,False
ED_600_600_c04,31,event_driven,600.0,600.0,600.0,0.4,41116.399999999994,37490.6,3625.7999999999925,0.5462647545409614,56,12,813.1000000000004,55,141,31,3.5758864879608154,0.06501611796292392,0.5061660224553653,39.00709219858156,15,0,False
ED_600_600_c04,32,event_driven,600.0,600.0,600.0,0.4,43394.19999999998,41769.69999999998,1624.4999999999993,0.21967472241235278,66,18,517.0,45,140,33,2.952852487564087,0.06561894416809082,0.41288191577208916,32.142857142857146,13,0,False
ED_600_600_c04,33,event_driven,600.0,600.0,600.0,0.4,43414.799999999996,37736.2,5678.599999999997,0.8499724315201228,64,12,522.4000000000001,49,141,26,2.941795587539673,0.060036644643666794,0.44917040975341455,34.751773049645394,14,0,False
ED_600_600_c04,34,event_driven,600.0,600.0,600.0,0.4,40338.3,38251.5,2086.800000000002,0.3081442615264821,59,4,461.0,47,140,35,3.0228967666625977,0.06431695248218293,0.4321441706509746,33.57142857142857,14,0,False
ED_600_600_c04,35,event_driven,600.0,600.0,600.0,0.4,44535.69999999998,39043.79999999999,5491.8999999999905,0.7944970114994537,60,12,1560.0,48,141,31,3.0699307918548584,0.06395689149697621,0.44000366669722246,34.04255319148936,14,0,False
ED_600_600_c04,36,event_driven,600.0,600.0,600.0,0.4,39331.79999999997,36374.19999999998,2957.599999999984,0.45926961514383136,50,12,577.0,44,140,30,2.813992977142334,0.06395438584414395,0.4046721236089396,31.428571428571427,12,0,False
ED_600_600_c04,37,event_driven,600.0,600.0,600.0,0.4,40151.69999999996,35334.39999999999,4817.299999999976,0.7700655563870978,56,8,1431.2999999999884,54,141,33,3.2273666858673096,0.05976604973828351,0.4967801287948482,38.297872340425535,16,0,False
ED_600_600_c04,38,event_driven,600.0,600.0,600.0,0.4,38707.49999999998,36662.79999999998,2044.699999999995,0.31501098157763713,44,10,664.0,52,141,27,3.324117660522461,0.06392533962543194,0.4771079915588586,36.87943262411347,15,0,False
ED_600_600_c04,39,event_driven,600.0,600.0,600.0,0.4,40772.599999999984,38557.99999999999,2214.599999999994,0.32441619275998573,53,10,622.0,45,141,32,2.803257703781128,0.06229461563958062,0.4133749770347235,31.914893617021278,14,0,False
ED_600_600_c04,40,event_driven,600.0,600.0,600.0,0.4,40432.199999999975,37347.59999999998,3084.5999999999976,0.46650669640098674,55,18,564.0,47,140,32,3.057067632675171,0.0650439921845781,0.4312322231397376,33.57142857142857,17,0,False
ED_600_600_c04,41,event_driven,600.0,600.0,600.0,0.4,44226.3,38701.7,5524.600000000002,0.8062923209182938,63,15,1421.8999999999942,57,141,31,3.7052364349365234,0.06500414798134252,0.5236083042439831,40.42553191489361,16,0,False
ED_600_600_c04,42,event_driven,600.0,600.0,600.0,0.4,46219.89999999992,38618.59999999994,7601.299999999983,1.111765195647055,69,15,1493.0,50,141,32,3.418419361114502,0.06836838722229004,0.4588839941262849,35.46099290780142,17,0,False
ED_600_600_c04,43,event_driven,600.0,600.0,600.0,0.4,44898.09999999997,39093.799999999974,5804.299999999996,0.8386170562218938,67,10,1427.1000000000058,55,141,26,3.408799648284912,0.061978175423362036,0.5049577671685641,39.00709219858156,16,0,False
ED_600_600_c04,44,event_driven,600.0,600.0,600.0,0.4,38278.899999999994,36355.69999999999,1923.2000000000046,0.2987952340378515,48,6,475.0,52,141,32,3.2031326293945312,0.061598704411433294,0.4780729980693206,36.87943262411347,13,0,False
ED_600_600_c04,45,event_driven,600.0,600.0,600.0,0.4,40534.00000000001,35242.700000000004,5291.300000000006,0.8480372694749013,58,7,1441.3999999999942,45,141,33,2.9318180084228516,0.06515151129828559,0.4133370074400662,31.914893617021278,14,0,False
ED_600_600_c04,46,event_driven,600.0,600.0,600.0,0.4,42901.99999999997,37558.19999999998,5343.799999999992,0.8036503756426426,68,11,1510.0,50,140,28,3.1371800899505615,0.06274360179901123,0.4592211609110948,35.714285714285715,15,0,False
ED_600_600_c04,47,event_driven,600.0,600.0,600.0,0.4,40682.199999999946,36162.39999999997,4519.799999999975,0.7059658590198564,54,12,579.8000000000002,44,141,26,2.9793758392333984,0.0677130872553045,0.40430028484792796,31.20567375886525,12,0,False
ED_600_600_c04,48,event_driven,600.0,600.0,600.0,0.4,40791.99999999997,38668.39999999998,2123.5999999999913,0.3101974625389082,62,10,612.0,45,141,40,2.8505260944366455,0.06334502432081435,0.4125412541254125,31.914893617021278,15,0,False
ED_600_600_c04,49,event_driven,600.0,600.0,600.0,0.4,38087.699999999946,35447.09999999998,2640.599999999972,0.420768902466978,55,7,379.0,37,140,38,2.2971670627593994,0.062085596290794576,0.340198602427363,26.42857142857143,13,0,False
ED_600_600_c08,0,event_driven,600.0,600.0,600.0,0.8,41156.49999999998,36959.99999999999,4196.499999999987,0.6413232600732582,55,11,452.0,46,139,17,3.1477155685424805,0.06842859931614088,0.4222895437436886,33.093525179856115,12,0,False
ED_600_600_c08,1,event_driven,600.0,600.0,600.0,0.8,40056.49999999998,38066.89999999997,1989.6000000000045,0.2952160653891038,51,8,489.0,36,140,22,2.2661750316619873,0.0629493064350552,0.33042680128499313,25.71428571428571,13,0,False
ED_600_600_c08,2,event_driven,600.0,600.0,600.0,0.8,41140.49999999998,36694.3,4446.199999999973,0.6844033296425044,55,16,1442.699999999997,39,140,29,2.9835989475250244,0.07650253711602627,0.3583570706606634,27.857142857142858,16,0,False
ED_600_600_c08,3,event_driven,600.0,600.0,600.0,0.8,40490.399999999994,37792.899999999994,2697.4999999999973,0.40315584597711634,55,8,392.60000000000036,45,141,20,2.7377982139587402,0.06083996031019423,0.41288191577208916,31.914893617021278,15,0,False
ED_600_600_c08,4,event_driven,600.0,600.0,600.0,0.8,39592.09999999996,36601.49999999997,2990.599999999989,0.4615100594117834,51,9,557.0,41,140,17,2.7183001041412354,0.06630000254003013,0.3768036026100542,29.28571428571429,12,0,False
ED_600_600_c08,5,event_driven,600.0,600.0,600.0,0.8,41478.399999999965,37834.09999999998,3644.299999999991,0.5440670694449683,50,11,607.0,45,141,23,2.9443938732147217,0.06543097496032715,0.41284403669724773,31.914893617021278,14,0,False
ED_600_600_c08,6,event_driven,600.0,600.0,600.0,0.8,42835.19999999998,36851.49999999999,5983.6999999999925,0.9171415480575207,57,12,1471.0,33,140,21,2.03487491607666,0.061662876244747276,0.3029468465987331,23.57142857142857,14,0,False
ED_600_600_c08,7,event_driven,600.0,600.0,600.0,0.8,43683.29999999994,38361.49999999995,5321.7999999999865,0.7835824407856254,60,14,1439.0999999999913,36,140,31,2.3554999828338623,0.0654305550787184,0.32967032967032966,25.71428571428571,15,0,False
ED_600_600_c08,8,event_driven,600.0,600.0,600.0,0.8,42899.49999999998,37672.5,5226.999999999979,0.7836998889358007,55,17,1633.0,36,141,22,2.52236008644104,0.07006555795669556,0.3297609233305853,25.53191489361702,14,0,False
ED_600_600_c08,9,event_driven,600.0,600.0,600.0,0.8,43710.399999999965,39275.89999999997,4434.499999999989,0.6377349821293806,63,16,508.5,46,141,28,3.021772623062134,0.06569070919700291,0.422250780246007,32.62411347517731,13,0,False
ED_600_600_c08,10,event_driven,600.0,600.0,600.0,0.8,36717.89999999997,33102.79999999999,3615.099999999982,0.6168467937442135,47,10,449.0,41,140,24,2.66971492767334,0.06511499823593511,0.37767133382461315,29.28571428571429,12,0,False
ED_600_600_c08,11,event_driven,600.0,600.0,600.0,0.8,42066.59999999999,38239.899999999994,3826.699999999999,0.5652354544009595,61,6,779.0,37,140,27,2.3970186710357666,0.06478428840637207,0.3396364971543969,26.42857142857143,14,0,False
ED_600_600_c08,12,event_driven,600.0,600.0,600.0,0.8,48082.7,39668.19999999999,8414.500000000004,1.1981399444657175,60,14,1403.0,46,141,21,3.102731943130493,0.06745069441588028,0.4217861727489456,32.62411347517731,13,0,False
ED_600_600_c08,13,event_driven,600.0,600.0,600.0,0.8,41589.39999999999,38555.59999999999,3033.799999999999,0.44444825734184473,59,16,1081.0,46,141,23,2.93367338180542,0.06377550830011783,0.42151562356822136,32.62411347517731,14,0,False
ED_600_600_c08,14,event_driven,600.0,600.0,600.0,0.8,42575.29999999996,35498.499999999985,7076.79999999997,1.126026591125112,65,17,1442.699999999997,38,140,23,2.3992156982421875,0.06313725521689967,0.3492005146112847,27.142857142857142,13,0,False
ED_600_600_c08,15,event_driven,600.0,600.0,600.0,0.8,41883.899999999994,37961.000000000015,3922.8999999999805,0.5837021859623973,63,12,522.3000000000029,45,141,19,3.088836193084717,0.06864080429077149,0.4129955947136564,31.914893617021278,14,0,False
ED_600_600_c08,16,event_driven,600.0,600.0,600.0,0.8,41733.700000000004,37343.5,4390.200000000005,0.6640350638422601,62,15,420.0,38,140,21,2.5403244495391846,0.06685064340892591,0.3494895612986296,27.142857142857142,14,0,False
ED_600_600_c08,17,event_driven,600.0,600.0,600.0,0.8,40454.700000000004,36501.10000000002,3953.5999999999844,0.6117986328336127,53,7,511.0,40,141,25,2.5355403423309326,0.06338850855827331,0.3670735064696706,28.368794326241137,13,0,False
ED_600_600_c08,18,event_driven,600.0,600.0,600.0,0.8,46496.90000000001,40098.3,6398.600000000003,0.9013235687583482,60,16,1574.0,41,141,29,2.5566000938415527,0.06235609984979397,0.37607778389286367,29.078014184397162,12,0,False
ED_600_600_c08,19,event_driven,600.0,600.0,600.0,0.8,39796.49999999998,37186.799999999996,2609.6999999999857,0.3963907434009707,55,9,435.6999999999971,38,141,25,2.4000802040100098,0.06316000536868446,0.349264705882353,26.95035460992908,13,0,False
ED_600_600_c08,20,event_driven,600.0,600.0,600.0,0.8,41660.60000000002,38277.8,3382.8000000000166,0.49917299207488536,51,6,1381.6000000000058,46,139,22,2.850327491760254,0.06196364112522291,0.42209579739401726,33.093525179856115,17,0,False
ED_600_600_c08,21,event_driven,600.0,600.0,600.0,0.8,40951.79999999997,37843.09999999998,3108.699999999992,0.4639955703742753,59,10,511.0,35,141,24,2.2890894412994385,0.06540255546569824,0.3213662657239923,24.822695035460992,12,0,False
ED_600_600_c08,22,event_driven,600.0,600.0,600.0,0.8,40625.4,37307.5,3317.900000000001,0.502329717458043,50,12,493.0,44,141,23,2.897601842880249,0.06585458733818748,0.403706762088265,31.20567375886525,14,0,False
ED_600_600_c08,23,event_driven,600.0,600.0,600.0,0.8,42991.19999999997,35805.49999999998,7185.699999999991,1.1335510030459124,55,15,1726.0,40,141,20,2.368673801422119,0.05921684503555298,0.36791758646063283,28.368794326241137,16,0,False
ED_600_600_c08,24,event_driven,600.0,600.0,600.0,0.8,38892.59999999997,34115.099999999984,4777.499999999986,0.7909987073172858,40,11,1428.699999999997,38,141,27,2.431514263153076,0.06398721745139674,0.35003684598378776,26.95035460992908,13,0,False
ED_600_600_c08,25,event_driven,600.0,600.0,600.0,0.8,42035.49999999998,38644.399999999994,3391.0999999999863,0.49565073528700665,62,19,654.0,42,140,20,2.791227340698242,0.06645779382614862,0.3853918150119288,30.0,13,0,False
ED_600_600_c08,26,event_driven,600.0,600.0,600.0,0.8,39030.80000000001,34918.40000000001,4112.400000000004,0.6652160843189074,59,10,504.0,47,141,26,2.9057209491729736,0.06182384998240369,0.43202500229800533,33.33333333333333,12,0,False
ED_600_600_c08,27,event_driven,600.0,600.0,600.0,0.8,42102.899999999965,38017.19999999998,4085.6999999999794,0.6070270911500644,57,15,1428.3999999999942,39,142,21,2.570343494415283,0.06590624344654572,0.3581267217630854,27.464788732394368,14,0,False
ED_600_600_c08,28,event_driven,600.0,600.0,600.0,0.8,42277.99999999997,38229.099999999984,4048.8999999999905,0.5982251998872834,58,10,505.0,45,141,23,2.9332432746887207,0.06518318388197157,0.4136789851075565,31.914893617021278,14,0,False
ED_600_600_c08,29,event_driven,600.0,600.0,600.0,0.8,42287.59999999997,36782.1,5505.499999999973,0.8454384061812634,54,10,1548.0,43,140,28,2.566321849822998,0.05968190348425577,0.3952205882352941,30.714285714285715,15,0,False
ED_600_600_c08,30,event_driven,600.0,600.0,600.0,0.8,44193.600000000006,40840.799999999996,3352.8000000000075,0.4636979051975831,60,15,597.0,41,141,24,2.64448881149292,0.06449972710958342,0.375733137829912,29.078014184397162,14,0,False
ED_600_600_c08,31,event_driven,600.0,600.0,600.0,0.8,38673.69999999996,35134.899999999965,3538.7999999999934,0.5689040473485565,42,11,813.1000000000004,40,141,26,2.4836747646331787,0.062091869115829465,0.3676470588235294,28.368794326241137,13,0,False
ED_600_600_c08,32,event_driven,600.0,600.0,600.0,0.8,47526.799999999945,40710.39999999998,6816.399999999964,0.9457392748738405,62,18,1436.199999999997,43,140,22,2.764167547225952,0.06428296621455702,0.3944230416437351,30.714285714285715,15,0,False
ED_600_600_c08,33,event_driven,600.0,600.0,600.0,0.8,41960.9,36261.49999999999,5699.400000000007,0.8877794736736051,55,12,522.4000000000001,42,141,18,2.5152134895324707,0.05988603546505883,0.3852857536005871,29.78723404255319,14,0,False
ED_600_600_c08,34,event_driven,600.0,600.0,600.0,0.8,42126.39999999999,39438.89999999999,2687.4999999999973,0.38489777998232827,63,15,670.0,37,140,20,2.8274924755096436,0.07641871555431469,0.339231686073164,26.42857142857143,14,0,False
ED_600_600_c08,35,event_driven,600.0,600.0,600.0,0.8,44174.30000000002,38369.30000000001,5805.000000000011,0.8545551083465525,56,10,1642.0,46,141,21,3.0199167728424072,0.06565036462700885,0.42194092827004215,32.62411347517731,14,0,False
ED_600_600_c08,36,event_driven,600.0,600.0,600.0,0.8,40096.39999999995,37283.79999999997,2812.599999999984,0.42609803309088046,52,10,627.0,35,140,25,2.2507121562957764,0.06430606160845076,0.3215434083601286,25.0,12,0,False
ED_600_600_c08,37,event_driven,600.0,600.0,600.0,0.8,39679.69999999998,36520.39999999999,3159.2999999999934,0.48862655837935315,61,5,518.3999999999942,40,141,22,2.3906657695770264,0.05976664423942566,0.3672420124862284,28.368794326241137,14,0,False
ED_600_600_c08,38,event_driven,600.0,600.0,600.0,0.8,39540.09999999995,37019.79999999997,2520.2999999999793,0.3845385620489725,51,10,639.0,44,141,22,2.845889091491699,0.06467929753390225,0.40392912879831083,31.20567375886525,14,0,False
ED_600_600_c08,39,event_driven,600.0,600.0,600.0,0.8,43116.89999999997,39438.599999999984,3678.2999999999856,0.5268019622433808,65,11,696.0,40,141,23,2.7639694213867188,0.06909923553466797,0.3675794890645102,28.368794326241137,11,0,False
ED_600_600_c08,40,event_driven,600.0,600.0,600.0,0.8,41298.2,36588.899999999994,4709.300000000001,0.7269904921323798,64,18,480.0,38,140,27,2.7028372287750244,0.07112729549407959,0.34878384580082605,27.142857142857142,16,0,False
ED_600_600_c08,41,event_driven,600.0,600.0,600.0,0.8,43589.699999999975,37851.5,5738.199999999977,0.8562770677138634,57,11,1421.8999999999942,42,141,22,2.529566764831543,0.06022778011503674,0.38606489567055796,29.78723404255319,14,0,False
ED_600_600_c08,42,event_driven,600.0,600.0,600.0,0.8,45648.399999999914,37457.39999999994,8190.999999999973,1.235153757379003,68,18,1493.0,38,141,24,2.5204501152038574,0.06632763461062782,0.3492005146112847,26.95035460992908,17,0,False
ED_600_600_c08,43,event_driven,600.0,600.0,600.0,0.8,45714.90000000001,39885.200000000026,5829.6999999999825,0.8255742883173579,65,14,1427.0999999999913,47,141,20,2.9751415252685547,0.06330088351635223,0.4318265343623668,33.33333333333333,15,0,False
ED_600_600_c08,44,event_driven,600.0,600.0,600.0,0.8,41693.399999999994,38326.2,3367.199999999996,0.49624355324372493,55,13,576.0,46,141,25,2.956195831298828,0.06426512676736583,0.4226775705228338,32.62411347517731,12,0,False
ED_600_600_c08,45,event_driven,600.0,600.0,600.0,0.8,36278.09999999999,33238.99999999999,3039.1000000000013,0.5164386863174435,42,5,471.0,35,141,30,2.2466084957122803,0.06418881416320801,0.32189828014347466,24.822695035460992,14,0,False
ED_600_600_c08,46,event_driven,600.0,600.0,600.0,0.8,44064.19999999999,38278.2,5785.999999999993,0.8537852521111912,59,13,1510.0,41,140,21,2.617812156677246,0.06384907699212795,0.37549226119608026,29.28571428571429,15,0,False
ED_600_600_c08,47,event_driven,600.0,600.0,600.0,0.8,40865.599999999984,36517.19999999999,4348.399999999995,0.6725951690625865,58,11,579.8000000000002,49,142,14,3.2066433429718018,0.06544170087697554,0.4499127720135892,34.50704225352113,12,0,False
ED_600_600_c08,48,event_driven,600.0,600.0,600.0,0.8,41152.29999999997,37738.59999999999,3413.699999999977,0.5109298707948333,66,8,402.5999999999999,39,141,25,2.4356796741485596,0.0624533249781682,0.35852178709321564,27.659574468085108,14,0,False
ED_600_600_c08,49,event_driven,600.0,600.0,600.0,0.8,41629.49999999996,37870.39999999998,3759.099999999983,0.5606679274926749,62,8,377.9000000000001,36,141,28,2.289191484451294,0.06358865234586927,0.3302449316576461,25.53191489361702,12,0,False
ED_900_450_c04,0,event_driven,900.0,450.0,900.0,0.4,41575.099999999984,36657.9,4917.199999999983,0.7576559138759893,57,11,1574.0,40,122,23,2.4113104343414307,0.06028276085853577,0.36737692872887584,32.78688524590164,15,0,False
ED_900_450_c04,1,event_driven,900.0,450.0,900.0,0.4,38454.999999999956,36708.19999999996,1746.799999999992,0.2687830146763019,46,12,438.0,36,122,28,2.2692010402679443,0.06303336222966512,0.3305178112376056,29.508196721311474,12,0,False
ED_900_450_c04,2,event_driven,900.0,450.0,900.0,0.4,42519.69999999996,38814.299999999974,3705.3999999999864,0.5392188496972027,53,13,1447.8999999999942,38,121,27,2.3414177894592285,0.06161625761734812,0.349264705882353,31.40495867768595,13,0,False
ED_900_450_c04,3,event_driven,900.0,450.0,900.0,0.4,36650.29999999998,33945.89999999999,2704.399999999996,0.4499925527914176,42,6,430.89999999999964,35,125,27,2.1141915321350098,0.06040547234671456,0.3220167448707333,28.000000000000004,14,0,False
ED_900_450_c04,4,event_driven,900.0,450.0,900.0,0.4,39195.89999999998,36784.19999999999,2411.6999999999907,0.37032556560505925,55,9,382.0,39,123,23,2.3877735137939453,0.061224961892152444,0.35855474855199043,31.70731707317073,15,0,False
ED_900_450_c04,5,event_driven,900.0,450.0,900.0,0.4,40335.799999999996,37910.700000000004,2425.099999999992,0.36131798100318735,47,11,794.0,38,124,25,2.4256591796875,0.06383313630756579,0.3486558399853198,30.64516129032258,14,0,False
ED_900_450_c04,6,event_driven,900.0,450.0,900.0,0.4,38875.09999999999,35520.09999999999,3354.9999999999964,0.5335069377681866,43,9,1471.0,46,120,20,2.8798892498016357,0.062606288039166,0.42310522442972776,38.333333333333336,18,0,False
ED_900_450_c04,7,event_driven,900.0,450.0,900.0,0.4,43039.90000000001,38372.70000000001,4667.199999999993,0.6869984862463879,59,10,1439.0999999999913,40,123,23,2.3872146606445312,0.05968036651611328,0.3663674665689687,32.52032520325203,13,0,False
ED_900_450_c04,8,event_driven,900.0,450.0,900.0,0.4,40348.89999999998,35684.799999999996,4664.09999999998,0.7382548570561362,61,14,1633.0,37,121,28,2.317413806915283,0.06263280559230495,0.3396988615497613,30.57851239669421,12,0,False
ED_900_450_c04,9,event_driven,900.0,450.0,900.0,0.4,40102.900000000016,37200.30000000001,2902.600000000004,0.4407197117901069,55,8,589.0,45,119,22,2.631624460220337,0.05848054356045193,0.41326108917255944,37.81512605042017,15,0,False
ED_900_450_c04,10,event_driven,900.0,450.0,900.0,0.4,40389.89999999999,36197.4,4192.499999999987,0.6542103655432218,49,9,1426.0999999999913,45,119,22,2.7879436016082764,0.061954302257961696,0.41371701755998896,37.81512605042017,14,0,False
ED_900_450_c04,11,event_driven,900.0,450.0,900.0,0.4,40583.89999999999,37655.89999999999,2927.999999999998,0.43919740668457324,57,9,691.0,41,124,20,2.609666585922241,0.06365040453468881,0.37625034413141234,33.064516129032256,13,0,False
ED_900_450_c04,12,event_driven,900.0,450.0,900.0,0.4,40440.99999999997,35506.59999999998,4934.399999999992,0.7849590322257368,52,9,1633.0,43,121,23,2.6509013175964355,0.0616488678510799,0.39540229885057476,35.53719008264463,14,0,False
ED_900_450_c04,13,event_driven,900.0,450.0,900.0,0.4,39654.00000000001,35936.600000000006,3717.399999999999,0.5842840562986596,49,14,1485.5999999999913,42,114,31,2.5935704708099365,0.06175167787642706,0.3868828297715549,36.84210526315789,15,0,False
ED_900_450_c04,14,event_driven,900.0,450.0,900.0,0.4,40386.799999999974,36385.19999999999,4001.5999999999835,0.6211988378803434,58,14,1442.699999999997,43,121,22,2.643688440322876,0.06148112651913665,0.39536594336152997,35.53719008264463,14,0,False
ED_900_450_c04,15,event_driven,900.0,450.0,900.0,0.4,42171.59999999998,39602.299999999996,2569.299999999979,0.36645118819133665,66,13,615.0,45,120,22,2.9382333755493164,0.06529407501220703,0.41288191577208916,37.5,15,0,False
ED_900_450_c04,16,event_driven,900.0,450.0,900.0,0.4,40729.89999999997,38133.799999999974,2596.0999999999976,0.3845325069698197,62,12,445.0,39,124,24,2.2713680267333984,0.058240205813676886,0.3580938389495914,31.451612903225808,16,0,False
ED_900_450_c04,17,event_driven,900.0,450.0,900.0,0.4,38680.60000000001,36466.9,2213.70000000001,0.3428795988679076,54,6,550.0,40,124,22,2.4843616485595703,0.06210904121398926,0.3671745915182669,32.25806451612903,14,0,False
ED_900_450_c04,18,event_driven,900.0,450.0,900.0,0.4,40446.100000000035,35019.90000000001,5426.200000000026,0.8751905549212263,45,7,1574.0,38,121,27,2.09570574760437,0.05515015125274658,0.34907220282932205,31.40495867768595,15,0,False
ED_900_450_c04,19,event_driven,900.0,450.0,900.0,0.4,43498.39999999997,40300.79999999999,3197.599999999987,0.44815907452877274,79,9,487.0,39,120,27,2.481288433074951,0.06362278033525516,0.35750297919149326,32.5,13,0,False
ED_900_450_c04,20,event_driven,900.0,450.0,900.0,0.4,40201.00000000001,37538.700000000004,2662.3000000000056,0.4005894341947543,47,10,499.0,39,124,25,2.5262935161590576,0.06477675682459122,0.3581925055106539,31.451612903225808,15,0,False
ED_900_450_c04,21,event_driven,900.0,450.0,900.0,0.4,40695.79999999997,39077.499999999985,1618.2999999999843,0.23391280078120116,52,9,487.0,42,120,24,2.516319990158081,0.05991238071804955,0.3861713865391688,35.0,15,0,False
ED_900_450_c04,22,event_driven,900.0,450.0,900.0,0.4,39878.30022560129,36709.4002256013,3168.899999999996,0.48758795917288317,54,7,434.0,37,126,22,2.249634027481079,0.060800919661650785,0.3405116878336094,29.365079365079367,14,0,False
ED_900_450_c04,23,event_driven,900.0,450.0,900.0,0.4,42097.599999999984,37456.19999999999,4641.399999999992,0.6999177530197752,66,9,1421.8999999999942,39,125,21,2.2515900135040283,0.05773307726933406,0.35848883169408957,31.2,17,0,False
ED_900_450_c04,24,event_driven,900.0,450.0,900.0,0.4,39110.39999999999,35032.899999999994,4077.4999999999945,0.6574149969358466,48,8,1594.0,41,127,19,2.3150017261505127,0.05646345673537836,0.3770808424537846,32.28346456692913,13,0,False
ED_900_450_c04,25,event_driven,900.0,450.0,900.0,0.4,39783.19999999998,36826.799999999996,2956.39999999999,0.4534411573415762,55,10,437.0,40,120,28,2.457465887069702,0.061436647176742555,0.3671745915182669,33.33333333333333,14,0,False
ED_900_450_c04,26,event_driven,900.0,450.0,900.0,0.4,38353.59999999999,35759.69999999999,2593.9000000000015,0.40971426887416157,55,3,475.0,32,120,35,1.9785468578338623,0.0618295893073082,0.2938205858047929,26.666666666666668,16,0,False
ED_900_450_c04,27,event_driven,900.0,450.0,900.0,0.4,39747.39999999999,36693.399999999994,3053.999999999994,0.4701135881130096,51,12,1428.3999999999942,48,117,21,2.8908891677856445,0.06022685766220093,0.44166359955833645,41.02564102564102,15,0,False
ED_900_450_c04,28,event_driven,900.0,450.0,900.0,0.4,40131.7,36924.0,3207.699999999994,0.4906894589540014,54,5,381.8000000000002,40,121,25,2.4089412689208984,0.06022353172302246,0.3671745915182669,33.057851239669425,15,0,False
ED_900_450_c04,29,event_driven,900.0,450.0,900.0,0.4,46709.29999999997,39862.9,6846.399999999968,0.9700968751715139,70,16,1548.0,38,123,25,2.2911217212677,0.060292676875465794,0.348112861854159,30.89430894308943,14,0,False
ED_900_450_c04,30,event_driven,900.0,450.0,900.0,0.4,74293.39999999998,70730.2,3563.19999999998,0.2680333334565882,81,41,2085.0,40,101,14,183.41302919387817,4.5853257298469545,0.455736584254301,39.603960396039604,15,2,True
ED_900_450_c04,31,event_driven,900.0,450.0,900.0,0.4,41026.59999999997,37441.499999999985,3585.099999999987,0.5408411921131747,58,12,813.1000000000004,34,119,32,2.1213128566741943,0.06239155460806454,0.3127011864250897,28.57142857142857,13,0,False
ED_900_450_c04,32,event_driven,900.0,450.0,900.0,0.4,36727.299999999974,35364.099999999984,1363.1999999999862,0.21773021134520296,41,6,645.1999999999971,40,122,24,2.4275877475738525,0.06068969368934631,0.3673431903756084,32.78688524590164,15,0,False
ED_900_450_c04,33,event_driven,900.0,450.0,900.0,0.4,36014.999999999985,32247.0,3767.999999999982,0.659999039011037,42,8,471.0,42,120,24,2.7241270542144775,0.06486016795748756,0.38642009384487996,35.0,18,0,False
ED_900_450_c04,34,event_driven,900.0,450.0,900.0,0.4,38604.39999999995,36390.09999999998,2214.29999999997,0.34369636398209663,63,10,463.0,42,123,21,2.5732805728912354,0.061268585068838935,0.3862779361721696,34.146341463414636,14,0,False
ED_900_450_c04,35,event_driven,900.0,450.0,900.0,0.4,41708.599999999955,38996.899999999965,2711.6999999999925,0.3927654548139759,57,8,547.0,42,119,26,2.574892997741699,0.061306976136707124,0.38510911424903727,35.294117647058826,15,0,False
ED_900_450_c04,36,event_driven,900.0,450.0,900.0,0.4,39028.29999999999,36854.5,2173.799999999992,0.3331584152053825,50,14,437.0,41,123,22,2.5491981506347656,0.06217556464962843,0.37690751976466264,33.33333333333333,12,0,False
ED_900_450_c04,37,event_driven,900.0,450.0,900.0,0.4,43906.49999999998,38309.49999999999,5596.999999999984,0.8252215292766569,71,15,1431.2999999999884,35,123,28,2.073038339614868,0.05922966684613909,0.3209831254585473,28.455284552845526,14,0,False
ED_900_450_c04,38,event_driven,900.0,450.0,900.0,0.4,36193.09999999996,34423.29999999997,1769.7999999999965,0.2903978627049916,46,5,557.0,38,119,30,2.2674458026885986,0.05966962638654207,0.3495217071376012,31.932773109243694,17,0,False
ED_900_450_c04,39,event_driven,900.0,450.0,900.0,0.4,40714.4,39055.40000000001,1658.999999999996,0.2399313637708322,58,10,465.0,33,122,32,1.9733192920684814,0.0597975543051055,0.30280785465222976,27.049180327868854,14,0,False
ED_900_450_c04,40,event_driven,900.0,450.0,900.0,0.4,39797.2,38071.0,1726.1999999999966,0.2561052931466102,52,15,616.0,35,123,28,2.084859609603882,0.059567417417253764,0.32104201064024945,28.455284552845526,15,0,False
ED_900_450_c04,41,event_driven,900.0,450.0,900.0,0.4,42054.999999999985,37034.59999999999,5020.399999999995,0.7656889669494092,58,14,1397.300000000003,43,124,19,2.5823416709899902,0.06005445746488349,0.39474892132562195,34.67741935483871,18,0,False
ED_900_450_c04,42,event_driven,900.0,450.0,900.0,0.4,43087.6999999999,36735.69999999993,6351.999999999973,0.9766611135851387,56,13,1495.9999999999854,36,121,29,2.1674978733062744,0.060208274258507624,0.3309127677176211,29.75206611570248,18,0,False
ED_900_450_c04,43,event_driven,900.0,450.0,900.0,0.4,42555.499999999956,37626.59999999999,4928.899999999969,0.7399063545353625,61,9,1427.0999999999913,40,119,27,2.56597900390625,0.06414947509765626,0.3674106732800588,33.61344537815126,16,0,False
ED_900_450_c04,44,event_driven,900.0,450.0,900.0,0.4,40914.100000000006,38272.6,2641.5000000000045,0.38983818395198927,60,11,574.0,44,121,20,2.6792116165161133,0.06089117310263894,0.40404040404040403,36.36363636363637,15,0,False
ED_900_450_c04,45,event_driven,900.0,450.0,900.0,0.4,38420.2,32704.5,5715.700000000001,0.9871511112074338,55,11,1441.3999999999942,37,127,22,2.3465754985809326,0.06342095942110629,0.340762571375944,29.133858267716533,12,0,False
ED_900_450_c04,46,event_driven,900.0,450.0,900.0,0.4,40588.599999999984,36865.100000000006,3723.499999999981,0.5705026532584274,51,6,1510.0,37,121,29,2.2395975589752197,0.06052966375608702,0.3394184019814696,30.57851239669421,15,0,False
ED_900_450_c04,47,event_driven,900.0,450.0,900.0,0.4,40494.15137754454,38547.751377544555,1946.3999999999849,0.2852034491110663,59,6,494.6999999999971,40,120,26,2.453885555267334,0.06134713888168335,0.36714089031665903,33.33333333333333,16,0,False
ED_900_450_c04,48,event_driven,900.0,450.0,900.0,0.4,42643.400000000016,40294.50000000001,2348.9000000000074,0.32926114449399363,58,17,658.0,45,125,17,2.729112148284912,0.060646936628553604,0.41329904481998525,36.0,15,0,False
ED_900_450_c04,49,event_driven,900.0,450.0,900.0,0.4,41182.79999999996,39237.39999999998,1945.3999999999787,0.28004667222352103,59,10,489.7999999999993,38,123,26,2.2380001544952393,0.05889474090776945,0.347985347985348,30.89430894308943,14,0,False
ED_900_450_c08,0,event_driven,900.0,450.0,900.0,0.8,45032.199999999975,40274.79999999999,4757.399999999984,0.6672030185591996,67,15,1574.0,36,130,20,2.2517313957214355,0.06254809432559544,0.3302146395156852,27.692307692307693,15,0,False
ED_900_450_c08,1,event_driven,900.0,450.0,900.0,0.8,41411.49999999997,39135.99999999998,2275.4999999999964,0.3284143544517621,55,17,478.0,33,131,21,2.156501531600952,0.06534853126063492,0.3022254785236743,25.190839694656486,14,0,False
ED_900_450_c08,2,event_driven,900.0,450.0,900.0,0.8,46456.199999999975,40550.69999999998,5905.499999999993,0.8225835968143739,64,19,1431.0,41,130,15,2.719864845275879,0.06633816695794827,0.3758020164986251,31.538461538461537,12,0,False
ED_900_450_c08,3,event_driven,900.0,450.0,900.0,0.8,39468.90000000001,36528.200000000004,2940.7000000000016,0.45472012561001357,47,16,430.89999999999964,31,132,22,1.8093605041503906,0.058366467875819054,0.2847171197648788,23.484848484848484,12,0,False
ED_900_450_c08,4,event_driven,900.0,450.0,900.0,0.8,46962.09999999993,44815.79999999996,2146.2999999999774,0.27050855151212355,69,20,1148.0,34,123,29,2.994781494140625,0.08808180865119486,0.3105590062111801,27.64227642276423,13,0,False
ED_900_450_c08,5,event_driven,900.0,450.0,900.0,0.8,42485.49999999996,37679.99999999999,4805.499999999972,0.7203597092928263,60,8,1633.0,36,136,14,2.1071527004241943,0.05853201945622762,0.3307911421483047,26.47058823529412,15,0,False
ED_900_450_c08,6,event_driven,900.0,450.0,900.0,0.8,43158.99999999997,37931.799999999996,5227.199999999973,0.7783723349870977,60,10,1471.0,37,132,16,2.4707372188568115,0.06677668159072464,0.33997978498575765,28.030303030303028,13,0,False
ED_900_450_c08,7,event_driven,900.0,450.0,900.0,0.8,40105.59999999999,35663.00000000001,4442.599999999988,0.7036246819663786,46,8,1439.0999999999913,32,129,24,2.010528326034546,0.06282901018857956,0.2938745523004867,24.8062015503876,16,0,False
ED_900_450_c08,8,event_driven,900.0,450.0,900.0,0.8,39449.89999999998,34637.0,4812.899999999983,0.7848529505543654,50,11,1633.0,34,130,22,2.1375787258148193,0.06286996252396528,0.3124425657048337,26.153846153846157,11,0,False
ED_900_450_c08,9,event_driven,900.0,450.0,900.0,0.8,38874.29999999999,35536.999999999985,3337.300000000001,0.5304399346046085,51,8,491.0,35,130,21,2.151651620864868,0.061475760596139094,0.32142529157865735,26.923076923076923,14,0,False
ED_900_450_c08,10,event_driven,900.0,450.0,900.0,0.8,38691.69999999998,34541.40000000001,4150.299999999976,0.6786741083497977,42,7,1426.0999999999913,36,134,15,2.152705430984497,0.0597973730829027,0.3309431880860452,26.865671641791046,14,0,False
ED_900_450_c08,11,event_driven,900.0,450.0,900.0,0.8,41841.60000000001,38289.70000000001,3551.9000000000033,0.5239628469217631,68,11,400.0,31,134,20,2.033503770828247,0.06559689583316926,0.2846909725410965,23.134328358208954,12,0,False
ED_900_450_c08,12,event_driven,900.0,450.0,900.0,0.8,44778.49999999999,37313.299999999996,7465.2,1.130054825632542,53,10,1633.0,42,130,14,2.7078514099121094,0.06447265261695498,0.3857457751653196,32.30769230769231,15,0,False
ED_900_450_c08,13,event_driven,900.0,450.0,900.0,0.8,43662.09999999999,38929.899999999994,4732.200000000001,0.6865964122777012,64,16,1633.0,35,134,17,2.335214376449585,0.06672041075570243,0.32095369096744614,26.119402985074625,14,0,False
ED_900_450_c08,14,event_driven,900.0,450.0,900.0,0.8,40073.09999999996,35934.99999999997,4138.099999999991,0.6504367317669103,55,14,1442.699999999997,36,132,18,2.209444761276245,0.06137346559100681,0.33088235294117646,27.27272727272727,14,0,False
ED_900_450_c08,15,event_driven,900.0,450.0,900.0,0.8,40549.40000000001,37497.80000000002,3051.599999999989,0.45966723088047357,60,12,522.3000000000029,39,129,18,2.3680126667022705,0.060718273505186424,0.3581925055106539,30.23255813953488,14,0,False
ED_900_450_c08,16,event_driven,900.0,450.0,900.0,0.8,40977.29999999994,37315.79999999996,3661.49999999998,0.5542274200322509,56,11,512.0,32,133,20,2.0333659648895264,0.0635426864027977,0.29406359125160814,24.06015037593985,13,0,False
ED_900_450_c08,17,event_driven,900.0,450.0,900.0,0.8,38880.49999999999,36781.80000000001,2098.6999999999816,0.32228427114484604,46,6,444.0,32,131,22,1.9850280284881592,0.062032125890254974,0.29417172274315134,24.427480916030532,15,0,False
ED_900_450_c08,18,event_driven,900.0,450.0,900.0,0.8,43197.79999999999,37691.89999999999,5505.9000000000015,0.8250913151276363,46,12,1574.0,37,128,20,2.1955370903015137,0.05933884027841929,0.34041770172048946,28.90625,15,0,False
ED_900_450_c08,19,event_driven,900.0,450.0,900.0,0.8,41105.99999999997,38634.299999999996,2471.6999999999784,0.3613636268608632,67,8,399.0,33,128,24,1.9503569602966309,0.05910172606959487,0.30261348005502064,25.78125,13,0,False
ED_900_450_c08,20,event_driven,900.0,450.0,900.0,0.8,41891.099999999984,39143.89999999998,2747.200000000007,0.39641302088835545,61,10,604.0,37,136,13,2.2360446453094482,0.06043363906241752,0.3388588698598773,27.205882352941174,14,0,False
ED_900_450_c08,21,event_driven,900.0,450.0,900.0,0.8,43562.19999999998,39018.79999999999,4543.3999999999905,0.6577014382585018,58,15,1595.0,32,132,21,2.2401247024536133,0.07000389695167542,0.29333577779814834,24.242424242424242,11,0,False
ED_900_450_c08,22,event_driven,900.0,450.0,900.0,0.8,37774.89999999997,34858.09999999999,2916.799999999983,0.4726336802037976,46,9,601.0,32,133,20,1.9433987140655518,0.06073120981454849,0.2944965948831217,24.06015037593985,12,0,False
ED_900_450_c08,23,event_driven,900.0,450.0,900.0,0.8,43106.19999999995,38341.89999999998,4764.299999999974,0.7018546748659201,69,12,1428.3999999999942,38,133,14,2.2813000679016113,0.060034212313200296,0.348719831146187,28.57142857142857,16,0,False
ED_900_450_c08,24,event_driven,900.0,450.0,900.0,0.8,40531.29999999998,35684.39999999999,4846.899999999992,0.7671978680991013,53,12,1594.0,34,133,19,1.981454849243164,0.05827808380126953,0.31287383822582127,25.563909774436087,13,0,False
ED_900_450_c08,25,event_driven,900.0,450.0,900.0,0.8,41269.3,37822.399999999994,3446.900000000012,0.5147558932458904,66,9,437.0,31,127,29,1.8874025344848633,0.06088395272531817,0.2845603084266569,24.409448818897637,14,0,False
ED_900_450_c08,26,event_driven,900.0,450.0,900.0,0.8,42236.09999999999,39181.1,3054.9999999999945,0.4404091331206693,62,10,457.3000000000029,36,129,20,2.1809911727905273,0.0605830881330702,0.3309127677176211,27.906976744186046,14,0,False
ED_900_450_c08,27,event_driven,900.0,450.0,900.0,0.8,43060.99999999997,35232.299999999996,7828.699999999977,1.255077032991046,46,11,2527.0,37,135,14,2.3435792922973633,0.06333998087290171,0.34044902465955096,27.40740740740741,15,0,False
ED_900_450_c08,28,event_driven,900.0,450.0,900.0,0.8,41277.999999999985,37574.1,3703.899999999989,0.5567912383884007,53,6,413.0,30,137,19,1.777705430984497,0.05925684769948324,0.27527986786566344,21.897810218978105,14,0,False
ED_900_450_c08,29,event_driven,900.0,450.0,900.0,0.8,46825.999999999956,39489.299999999996,7336.699999999962,1.0494048144297652,64,16,1548.0,32,132,22,2.0487725734710693,0.06402414292097092,0.29328200898176154,24.242424242424242,13,0,False
ED_900_450_c08,30,event_driven,900.0,450.0,900.0,0.8,40549.69999999999,37591.299999999996,2958.399999999994,0.44451996915465775,48,9,568.0,38,124,25,2.356224775314331,0.06200591513985082,0.3486558399853198,30.64516129032258,13,0,False
ED_900_450_c08,31,event_driven,900.0,450.0,900.0,0.8,40092.6,35982.799999999996,4109.800000000004,0.6451303290570947,51,9,813.1000000000004,34,131,21,2.1886818408966064,0.06437299532048843,0.31252872506664214,25.954198473282442,14,0,False
ED_900_450_c08,32,event_driven,900.0,450.0,900.0,0.8,39627.699999999975,36002.7,3624.9999999999764,0.568714977634305,46,12,1430.9999999999854,39,131,15,2.5357937812805176,0.06502035336616711,0.3588186585702457,29.770992366412212,13,0,False
ED_900_450_c08,33,event_driven,900.0,450.0,900.0,0.8,37568.5,33401.1,4167.399999999998,0.7047354925239183,53,11,471.0,38,129,18,2.338639736175537,0.06154315095198782,0.34913634693127527,29.457364341085274,16,0,False
ED_900_450_c08,34,event_driven,900.0,450.0,900.0,0.8,32800.700000000004,30434.90000000001,2365.7999999999956,0.4079719109878943,48,4,522.0,34,103,12,99.31235337257385,2.9209515697815838,0.40845747236905333,33.00970873786408,14,2,True
ED_900_450_c08,35,event_driven,900.0,450.0,900.0,0.8,40676.99999999995,37339.99999999996,3336.9999999999854,0.5047817206895925,54,13,780.3999999999996,32,130,24,1.9860625267028809,0.06206445395946503,0.2938205858047929,24.615384615384617,14,0,False
ED_900_450_c08,36,event_driven,900.0,450.0,900.0,0.8,39619.39999999994,35824.899999999965,3794.4999999999786,0.5982618326825819,46,10,465.09999999999127,35,134,18,2.340423345565796,0.06686923844473702,0.3216320529314464,26.119402985074625,11,0,False
ED_900_450_c08,37,event_driven,900.0,450.0,900.0,0.8,41483.599999999984,36028.099999999984,5455.499999999998,0.8552930189930199,62,9,1431.2999999999884,36,128,22,2.1858277320861816,0.06071743700239393,0.3306696059520529,28.125,14,0,False
ED_900_450_c08,38,event_driven,900.0,450.0,900.0,0.8,37950.399999999965,35797.09999999997,2153.2999999999956,0.33976483023472825,51,9,584.0,31,136,17,1.8749573230743408,0.06048249429272067,0.28474327179204556,22.794117647058822,14,0,False
ED_900_450_c08,39,event_driven,900.0,450.0,900.0,0.8,41392.79999999999,39262.799999999996,2129.999999999996,0.3064220842881555,58,8,379.0,35,132,19,2.314403533935547,0.06612581525530134,0.3209242618741977,26.515151515151516,13,0,False
ED_900_450_c08,40,event_driven,900.0,450.0,900.0,0.8,41510.7,39584.69999999999,1926.0000000000068,0.27482146573613836,69,7,323.0,35,134,17,2.1170077323913574,0.06048593521118164,0.32086541987532086,26.119402985074625,14,0,False
ED_900_450_c08,41,event_driven,900.0,450.0,900.0,0.8,42836.80000000002,38330.700000000004,4506.100000000011,0.6640118067929212,54,9,1397.300000000003,39,131,16,2.465975046157837,0.06323012938866249,0.35776534262911663,29.770992366412212,18,0,False
ED_900_450_c08,42,event_driven,900.0,450.0,900.0,0.8,46600.699999999946,39205.49999999995,7395.199999999994,1.065429343074062,64,16,1493.0,36,126,24,2.256782293319702,0.06268839703665839,0.3301540719002201,28.57142857142857,17,0,False
ED_900_450_c08,43,event_driven,900.0,450.0,900.0,0.8,41664.89999999998,38623.299999999996,3041.5999999999854,0.4448099042191188,59,11,420.0,38,127,20,2.2781128883361816,0.05995033916674162,0.348719831146187,29.92125984251969,16,0,False
ED_900_450_c08,44,event_driven,900.0,450.0,900.0,0.8,41686.59999999998,37789.4,3897.199999999979,0.5825113932466757,58,10,576.0,32,134,19,2.018660068511963,0.06308312714099884,0.2938475665748393,23.88059701492537,12,0,False
ED_900_450_c08,45,event_driven,900.0,450.0,900.0,0.8,40558.20000000001,34618.10000000001,5940.099999999995,0.9691974321633361,61,8,1441.3999999999942,38,128,21,2.361081123352051,0.06213371377242239,0.3495217071376012,29.6875,12,0,False
ED_900_450_c08,46,event_driven,900.0,450.0,900.0,0.8,42541.099999999984,39187.99999999999,3353.099999999993,0.4832981502523189,56,11,1510.0,31,128,27,1.9275662899017334,0.062179557738765594,0.28440366972477066,24.21875,15,0,False
ED_900_450_c08,47,event_driven,900.0,450.0,900.0,0.8,41667.500000000015,38892.10000000002,2775.399999999997,0.40307505032731944,59,9,422.0,38,130,18,2.4466986656188965,0.06438680698997096,0.34843205574912894,29.230769230769234,15,0,False
ED_900_450_c08,48,event_driven,900.0,450.0,900.0,0.8,40603.399999999965,38400.099999999984,2203.2999999999824,0.3240880410939839,58,15,658.0,33,135,18,2.023820400238037,0.061327890916304154,0.30303030303030304,24.444444444444443,13,0,False
ED_900_450_c08,49,event_driven,900.0,450.0,900.0,0.8,39015.19999999998,36852.00000000001,2163.1999999999744,0.3315563411948914,55,7,663.0,34,134,18,2.1761763095855713,0.06400518557604622,0.3118693817648138,25.37313432835821,15,0,False
ED_900_900_c04,0,event_driven,900.0,900.0,900.0,0.4,40161.79999999997,36289.09999999998,3872.699999999987,0.6027807641570435,61,8,1574.0,38,95,14,2.3815295696258545,0.06267183077962775,0.34878384580082605,40.0,15,0,False
ED_900_900_c04,1,event_driven,900.0,900.0,900.0,0.4,39844.89999999998,37767.69999999998,2077.199999999997,0.3106558261148027,47,9,610.0,29,95,18,2.069284677505493,0.07135464405191355,0.2654219293428519,30.526315789473685,14,0,False
ED_900_900_c04,2,event_driven,900.0,900.0,900.0,0.4,42793.10000000001,37867.9,4925.200000000012,0.7346396694419707,50,20,1556.0,34,94,26,2.077756404876709,0.0611104824963738,0.3119838502477519,36.17021276595745,15,0,False
ED_900_900_c04,3,event_driven,900.0,900.0,900.0,0.4,36863.100000000006,34890.40000000001,1972.7000000000007,0.31935728156465093,50,9,462.0,37,94,23,2.2509772777557373,0.06083722372312803,0.3397924510974378,39.361702127659576,13,0,False
ED_900_900_c04,4,event_driven,900.0,900.0,900.0,0.4,39240.29999999999,36714.49999999999,2525.799999999994,0.38858234739426006,49,10,556.0,35,95,17,2.096437454223633,0.05989821297781808,0.3218094887826407,36.84210526315789,13,0,False
ED_900_900_c04,5,event_driven,900.0,900.0,900.0,0.4,39212.599999999984,36108.49999999998,3104.100000000005,0.48556567987173077,52,10,1633.0,38,95,9,2.145517110824585,0.05646097660064697,0.348719831146187,40.0,15,0,False
ED_900_900_c04,6,event_driven,900.0,900.0,900.0,0.4,41786.19999999999,37606.1,4180.099999999994,0.6278416194520221,57,15,1471.0,36,95,17,2.230440378189087,0.06195667717191908,0.3304571323664402,37.89473684210527,13,0,False
ED_900_900_c04,7,event_driven,900.0,900.0,900.0,0.4,40921.09999999999,36993.50000000001,3927.5999999999876,0.5996855105374149,59,9,1439.0999999999913,29,95,19,1.7496705055236816,0.06033346570771316,0.2662749058855936,30.526315789473685,14,0,False
ED_900_900_c04,8,event_driven,900.0,900.0,900.0,0.4,40612.899999999965,36890.69999999998,3722.1999999999807,0.5699077140172023,51,7,1633.0,45,94,18,2.879519462585449,0.06398932139078777,0.4132231404958678,47.87234042553192,14,0,False
ED_900_900_c04,9,event_driven,900.0,900.0,900.0,0.4,41870.09999999998,38455.799999999974,3414.300000000003,0.5014891650405676,62,12,452.0,40,95,19,2.4326162338256836,0.06081540584564209,0.3669724770642202,42.10526315789473,15,0,False
ED_900_900_c04,10,event_driven,900.0,900.0,900.0,0.4,35843.19999999995,34121.299999999974,1721.899999999981,0.2850388673144518,50,8,583.0,34,95,12,1.9448997974395752,0.057202935218811035,0.3124712802132157,35.78947368421053,14,0,False
ED_900_900_c04,11,event_driven,900.0,900.0,900.0,0.4,40633.499999999985,37886.29999999999,2747.1999999999935,0.40957157728127624,61,9,434.0,40,95,16,2.5514864921569824,0.06378716230392456,0.3672082989075553,42.10526315789473,14,0,False
ED_900_900_c04,12,event_driven,900.0,900.0,900.0,0.4,44473.79999999999,38773.599999999984,5700.200000000003,0.830377732940302,55,15,1633.0,31,95,22,2.016409397125244,0.06504546442339497,0.2844297641985503,32.631578947368425,12,0,False
ED_900_900_c04,13,event_driven,900.0,900.0,900.0,0.4,40908.70000000001,38174.4,2734.300000000008,0.40457185737268836,62,13,651.9000000000005,36,95,17,2.149430990219116,0.05970641639497545,0.3306999816277788,37.89473684210527,15,0,False
ED_900_900_c04,14,event_driven,900.0,900.0,900.0,0.4,38703.29999999999,34221.999999999985,4481.299999999999,0.7396399462847948,48,10,1432.300000000003,34,95,17,1.9406557083129883,0.05707810906802907,0.3127011864250897,35.78947368421053,15,0,False
ED_900_900_c04,15,event_driven,900.0,900.0,900.0,0.4,38913.599999999984,36228.700000000004,2684.8999999999783,0.4185979441895298,54,6,556.0,34,94,27,2.001460313796997,0.058866479817558735,0.3118121790168745,36.17021276595745,17,0,False
ED_900_900_c04,16,event_driven,900.0,900.0,900.0,0.4,41407.599999999984,37934.09999999999,3473.499999999991,0.5172008680988716,67,16,1271.0,28,95,15,1.8271305561065674,0.06525466271809169,0.2564337393534206,29.47368421052631,14,0,False
ED_900_900_c04,17,event_driven,900.0,900.0,900.0,0.4,42295.100000000006,40127.90000000001,2167.199999999999,0.3050522876180334,62,7,441.0,36,94,26,2.2682740688323975,0.06300761302312215,0.32991202346041054,38.297872340425535,15,0,False
ED_900_900_c04,18,event_driven,900.0,900.0,900.0,0.4,44851.299999999974,37845.299999999996,7005.999999999978,1.045634508072377,59,13,1424.5,42,94,18,2.7750372886657715,0.06607231639680408,0.38514442916093533,44.680851063829785,13,0,False
ED_900_900_c04,19,event_driven,900.0,900.0,900.0,0.4,41985.69999999998,38240.1,3745.599999999987,0.5532534155001128,65,13,1385.5,40,94,21,2.4106390476226807,0.06026597619056702,0.36714089031665903,42.5531914893617,13,0,False
ED_900_900_c04,20,event_driven,900.0,900.0,900.0,0.4,41433.59999999999,38241.29999999999,3192.2999999999993,0.47151202932517905,52,11,561.0,33,95,18,2.1674835681915283,0.06568132024822813,0.30303030303030304,34.73684210526316,13,0,False
ED_900_900_c04,21,event_driven,900.0,900.0,900.0,0.4,43416.99999999997,39878.199999999975,3538.799999999996,0.5012359337479325,58,14,1595.0,40,95,17,2.4501593112945557,0.061253982782363894,0.3666697222476854,42.10526315789473,14,0,False
ED_900_900_c04,22,event_driven,900.0,900.0,900.0,0.4,39211.19999999997,35785.99999999999,3425.199999999977,0.5406229828964941,43,6,523.0,38,94,25,2.413914918899536,0.06352407681314569,0.34961818014536755,40.42553191489361,14,0,False
ED_900_900_c04,23,event_driven,900.0,900.0,900.0,0.4,41893.399999999994,36257.00000000001,5636.39999999999,0.8780751091035983,57,10,1428.3999999999942,35,94,23,2.245697498321533,0.06416278566632952,0.3212187958883994,37.234042553191486,15,0,False
ED_900_900_c04,24,event_driven,900.0,900.0,900.0,0.4,39379.29999999997,34779.09999999998,4600.1999999999925,0.7471023474657833,53,6,1594.0,36,95,17,2.199188232421875,0.06108856201171875,0.33100404560500185,37.89473684210527,12,0,False
ED_900_900_c04,25,event_driven,900.0,900.0,900.0,0.4,40383.099999999955,37992.79999999998,2390.299999999975,0.3553635147989833,54,14,744.8999999999942,40,95,18,2.467423677444458,0.06168559193611145,0.3670735064696706,42.10526315789473,14,0,False
ED_900_900_c04,26,event_driven,900.0,900.0,900.0,0.4,40117.49999999997,37376.09999999999,2741.3999999999787,0.41428589951308703,53,7,397.0,37,95,15,2.2106897830963135,0.05974837251611658,0.3400422755261465,38.94736842105263,15,0,False
ED_900_900_c04,27,event_driven,900.0,900.0,900.0,0.4,46271.19999999997,35363.49999999999,10907.699999999973,1.7422066615217706,61,18,2494.4999999999854,38,95,14,2.3983190059661865,0.06311365805174175,0.349264705882353,40.0,13,0,False
ED_900_900_c04,28,event_driven,900.0,900.0,900.0,0.4,42290.399999999965,39191.599999999984,3098.7999999999834,0.44660366221108605,65,11,519.0,42,94,21,2.3830347061157227,0.05673892157418387,0.3854625550660793,44.680851063829785,15,0,False
ED_900_900_c04,29,event_driven,900.0,900.0,900.0,0.4,46562.09999999993,40520.199999999975,6041.899999999958,0.8422163716905544,64,20,1548.0,37,95,18,2.2624053955078125,0.06114609177048142,0.3390762463343108,38.94736842105263,14,0,False
ED_900_900_c04,30,event_driven,900.0,900.0,900.0,0.4,37942.19999999999,36040.9,1901.2999999999859,0.2979728860547575,48,6,490.0,35,95,22,2.172046661376953,0.06205847603934152,0.3213367609254499,36.84210526315789,14,0,False
ED_900_900_c04,31,event_driven,900.0,900.0,900.0,0.4,40327.69999999999,36195.099999999984,4132.600000000008,0.6449043661152497,42,7,813.1000000000004,39,95,25,2.483100652694702,0.06366924750499237,0.3583241455347299,41.05263157894737,12,0,False
ED_900_900_c04,32,event_driven,900.0,900.0,900.0,0.4,43857.29999999997,40325.299999999996,3531.999999999968,0.4947260906174993,66,15,1425.7999999999884,35,94,21,2.1608963012695312,0.06173989432198661,0.3212187958883994,37.234042553191486,14,0,False
ED_900_900_c04,33,event_driven,900.0,900.0,900.0,0.4,40741.7,37229.799999999996,3511.9000000000015,0.5328109781370345,55,12,429.0,38,95,18,2.3381502628326416,0.0615302700745432,0.3489119456431916,40.0,15,0,False
ED_900_900_c04,34,event_driven,900.0,900.0,900.0,0.4,45589.99999999995,42264.799999999974,3325.1999999999725,0.4443863191378821,68,16,1433.5999999999913,44,95,21,2.8752894401550293,0.06534748727625067,0.40326276234992203,46.31578947368421,15,0,False
ED_900_900_c04,35,event_driven,900.0,900.0,900.0,0.4,40537.79999999996,38068.59999999997,2469.1999999999916,0.3663625636380075,50,11,556.0,34,96,23,2.0421345233917236,0.060062780099756574,0.3118121790168745,35.41666666666667,16,0,False
ED_900_900_c04,36,event_driven,900.0,900.0,900.0,0.4,39099.09999999997,37901.89999999998,1197.1999999999907,0.17841339334984643,48,11,499.0,32,95,28,1.9959959983825684,0.06237487494945526,0.2932551319648094,33.68421052631579,14,0,False
ED_900_900_c04,37,event_driven,900.0,900.0,900.0,0.4,39412.3,35268.59999999999,4143.7000000000135,0.6636235837338257,57,3,353.0,30,95,17,1.741598129272461,0.0580532709757487,0.27540622418066646,31.57894736842105,13,0,False
ED_900_900_c04,38,event_driven,900.0,900.0,900.0,0.4,38515.69999999996,36378.89999999997,2136.7999999999856,0.33176917944736456,50,11,723.0,33,95,28,2.052217960357666,0.062188423041141395,0.30303030303030304,34.73684210526316,14,0,False
ED_900_900_c04,39,event_driven,900.0,900.0,900.0,0.4,41749.90000000001,40093.80000000001,1656.1000000000017,0.2333087700551001,62,12,467.0,40,95,22,2.6020193099975586,0.06505048274993896,0.36663611365719523,42.10526315789473,14,0,False
ED_900_900_c04,40,event_driven,900.0,900.0,900.0,0.4,40394.69999999999,36256.09999999999,4138.5999999999985,0.6447540726075923,59,13,430.0,31,95,19,1.9472157955169678,0.06281341275861187,0.28453418999541075,32.631578947368425,15,0,False
ED_900_900_c04,41,event_driven,900.0,900.0,900.0,0.4,41308.70000000002,36688.2,4620.500000000022,0.7113515732908378,55,11,1397.300000000003,35,95,17,2.000922918319702,0.057169226237705775,0.3216320529314464,36.84210526315789,18,0,False
ED_900_900_c04,42,event_driven,900.0,900.0,900.0,0.4,44716.89999999991,36684.59999999994,8032.299999999968,1.2367384391557996,58,13,1493.0,36,94,29,2.2196805477142334,0.06165779299206204,0.33048746901679976,38.297872340425535,16,0,False
ED_900_900_c04,43,event_driven,900.0,900.0,900.0,0.4,43406.09999999995,37647.39999999999,5758.699999999957,0.8639949276009076,59,11,1427.0999999999913,41,95,22,2.585552215576172,0.06306224916039443,0.3769768297168076,43.15789473684211,16,0,False
ED_900_900_c04,44,event_driven,900.0,900.0,900.0,0.4,40062.199999999975,36651.99999999998,3410.2,0.5255377275785442,54,8,576.0,39,94,19,2.3640859127044678,0.060617587505242765,0.35806096217407274,41.48936170212766,13,0,False
ED_900_900_c04,45,event_driven,900.0,900.0,900.0,0.4,38352.59999999998,35998.29999999998,2354.2999999999925,0.3694039520120186,52,7,493.6999999999971,39,95,16,2.4713101387023926,0.06336692663339469,0.3588846967884421,41.05263157894737,13,0,False
ED_900_900_c04,46,event_driven,900.0,900.0,900.0,0.4,43847.499999999956,39066.39999999998,4781.099999999977,0.6912675359371211,73,13,1510.0,34,95,18,2.1098034381866455,0.062053042299607224,0.31164069660861593,35.78947368421053,16,0,False
ED_900_900_c04,47,event_driven,900.0,900.0,900.0,0.4,36493.89999999997,33201.1,3292.799999999974,0.515722671839182,52,14,1446.5999999999913,34,79,10,135.04848074913025,3.9720141396803013,0.40399239543726234,43.037974683544306,14,3,True
ED_900_900_c04,48,event_driven,900.0,900.0,900.0,0.4,43538.29999984042,41802.09999984043,1736.1999999999912,0.23459749945350875,66,16,516.0,38,95,18,2.490156650543213,0.06553043817218981,0.34804909324052025,40.0,13,0,False
ED_900_900_c04,49,event_driven,900.0,900.0,900.0,0.4,40958.899999999965,38426.89999999998,2531.999999999988,0.3721774687426338,58,6,466.0,42,94,19,2.5681231021881104,0.06114578814733596,0.385497934832492,44.680851063829785,15,0,False
ED_900_900_c08,0,event_driven,900.0,900.0,900.0,0.8,39844.2,36269.79999999999,3574.4000000000096,0.5566468006955703,55,10,1574.0,19,95,11,1.0193052291870117,0.05364764364142167,0.17434391631492016,20.0,12,0,False
ED_900_900_c08,1,event_driven,900.0,900.0,900.0,0.8,39913.39999999995,37706.399999999965,2206.9999999999854,0.33060467421742773,55,11,610.0,24,95,13,1.5281293392181396,0.06367205580075581,0.22000183334861123,25.263157894736842,11,0,False
ED_900_900_c08,2,event_driven,900.0,900.0,900.0,0.8,43803.39999999998,38949.39999999998,4854.0,0.703915821581306,58,16,1556.0,33,94,19,2.0941731929779053,0.0634597937266032,0.30303030303030304,35.1063829787234,14,0,False
ED_900_900_c08,3,event_driven,900.0,900.0,900.0,0.8,39510.700000000004,36334.20000000001,3176.499999999992,0.49380443249029726,50,11,486.8000000000029,28,94,17,1.814819097518921,0.06481496776853289,0.2570930125791938,29.78723404255319,11,0,False
ED_900_900_c08,4,event_driven,900.0,900.0,900.0,0.8,39240.39999999996,36894.29999999997,2346.0999999999894,0.3591773743423173,58,12,440.0,31,95,11,2.0995750427246094,0.06772822718466481,0.2849264705882353,32.631578947368425,12,0,False
ED_900_900_c08,5,event_driven,900.0,900.0,900.0,0.8,40888.99999999997,37422.199999999975,3466.799999999993,0.5232644124211155,52,7,607.0,25,95,10,1.489734411239624,0.05958937644958496,0.22910557184750735,26.31578947368421,10,0,False
ED_900_900_c08,6,event_driven,900.0,900.0,900.0,0.8,39386.599999999984,34546.6,4839.999999999986,0.7913375550132836,48,10,1471.0,30,95,13,1.9846699237823486,0.06615566412607829,0.2759635728083893,31.57894736842105,13,0,False
ED_900_900_c08,7,event_driven,900.0,900.0,900.0,0.8,41505.299999999974,37447.89999999999,4057.399999999987,0.6119868397966752,55,14,1439.0999999999913,26,95,14,1.5143580436706543,0.05824454014117901,0.23859777920528588,27.368421052631582,13,0,False
ED_900_900_c08,8,event_driven,900.0,900.0,900.0,0.8,38771.99999999996,35139.69999999998,3632.299999999983,0.5838555164758835,46,6,1633.0,33,94,16,2.1987154483795166,0.06662774085998535,0.3033088235294118,35.1063829787234,14,0,False
ED_900_900_c08,9,event_driven,900.0,900.0,900.0,0.8,39575.499999999956,36114.69999999996,3460.7999999999956,0.5412703244001855,55,7,488.0,26,94,15,1.5498311519622803,0.0596088904600877,0.2387292259663943,27.659574468085108,14,0,False
ED_900_900_c08,10,event_driven,900.0,900.0,900.0,0.8,42467.79999999996,38786.99999999996,3680.799999999995,0.5360160040027003,60,15,601.5999999999985,22,95,7,1.2407541275024414,0.05639791488647461,0.20168683535020168,23.157894736842106,7,0,False
ED_900_900_c08,11,event_driven,900.0,900.0,900.0,0.8,41123.59999999996,38000.79999999997,3122.799999999994,0.4641658209162047,57,13,449.0,37,95,8,2.3902904987335205,0.06460244591171677,0.33991731740927883,38.94736842105263,12,0,False
ED_900_900_c08,12,event_driven,900.0,900.0,900.0,0.8,43501.29999999999,37678.599999999984,5822.700000000003,0.8728736509014976,52,14,1633.0,22,95,17,1.3671562671661377,0.062143466689369896,0.2018904285583188,23.157894736842106,10,0,False
ED_900_900_c08,13,event_driven,900.0,900.0,900.0,0.8,41320.80000000001,38399.6,2921.2000000000094,0.42969106019762937,68,12,651.9000000000005,33,95,13,2.001450538635254,0.06065001632228042,0.30303030303030304,34.73684210526316,15,0,False
ED_900_900_c08,14,event_driven,900.0,900.0,900.0,0.8,37408.79999999996,33040.99999999998,4367.799999999985,0.7466744447707473,48,10,1442.699999999997,27,95,15,1.5330333709716797,0.05677901373969184,0.24871039056742814,28.421052631578945,15,0,False
ED_900_900_c08,15,event_driven,900.0,900.0,900.0,0.8,38647.89999999998,35773.0,2874.899999999983,0.4539302310079126,61,4,522.3000000000029,30,94,18,1.9266767501831055,0.06422255833943685,0.27593818984547464,31.914893617021278,13,0,False
ED_900_900_c08,16,event_driven,900.0,900.0,900.0,0.8,40040.69999999998,36508.59999999999,3532.0999999999894,0.5464614599612914,62,14,761.0,27,95,8,1.6479616165161133,0.061035615426522714,0.24766097963676387,28.421052631578945,12,0,False
ED_900_900_c08,17,event_driven,900.0,900.0,900.0,0.8,41903.80000000001,39557.70000000001,2346.1000000000004,0.3349941427888325,59,7,441.0,34,94,18,2.1571097373962402,0.06344440404106588,0.3115550261156419,36.17021276595745,14,0,False
ED_900_900_c08,18,event_driven,900.0,900.0,900.0,0.8,46031.899999999965,37360.499999999985,8671.39999999998,1.3109866432064985,63,14,1403.0,36,94,13,2.2654500007629395,0.06292916668785943,0.33042680128499313,38.297872340425535,13,0,False
ED_900_900_c08,19,event_driven,900.0,900.0,900.0,0.8,39981.39999999999,37394.8,2586.5999999999835,0.3906967378786965,62,7,361.0,34,95,14,2.0775279998779297,0.06110376470229205,0.3118407777675869,35.78947368421053,14,0,False
ED_900_900_c08,20,event_driven,900.0,900.0,900.0,0.8,41404.39999999999,38025.099999999984,3379.300000000003,0.5019704017944661,52,8,585.0,37,94,14,2.399522542953491,0.06485196062036462,0.3394184019814696,39.361702127659576,12,0,False
ED_900_900_c08,21,event_driven,900.0,900.0,900.0,0.8,41613.59999999991,39874.399999999936,1739.1999999999775,0.246363912355122,58,13,511.0,31,95,9,2.063084125518799,0.06655110082318706,0.28440366972477066,32.631578947368425,13,0,False
ED_900_900_c08,22,event_driven,900.0,900.0,900.0,0.8,40130.39999999997,36908.299999999996,3222.0999999999785,0.49310192683363174,49,8,603.0,34,94,18,2.0872128009796143,0.061388611793518066,0.3124138564733989,36.17021276595745,13,0,False
ED_900_900_c08,23,event_driven,900.0,900.0,900.0,0.8,41232.59999999997,35548.7,5683.899999999975,0.9031178618083303,56,8,1428.3999999999942,31,94,20,1.9329254627227783,0.062352434281379945,0.28476942862392063,32.97872340425532,15,0,False
ED_900_900_c08,24,event_driven,900.0,900.0,900.0,0.8,38408.59999999998,33887.19999999998,4521.399999999991,0.7536313753528502,54,6,1594.0,31,95,10,1.801506519317627,0.05811311352637506,0.2852410747147589,32.631578947368425,12,0,False
ED_900_900_c08,25,event_driven,900.0,900.0,900.0,0.8,42212.59999999996,38752.099999999984,3460.4999999999773,0.5043886880742142,64,12,508.0,36,95,11,2.344611167907715,0.06512808799743652,0.33003300330033003,37.89473684210527,11,0,False
ED_900_900_c08,26,event_driven,900.0,900.0,900.0,0.8,40093.09999999999,37590.3,2502.799999999991,0.37607293651538976,60,6,456.0,28,95,8,1.6521461009979248,0.05900521789278303,0.2569278766746192,29.47368421052631,13,0,False
ED_900_900_c08,27,event_driven,900.0,900.0,900.0,0.8,46115.299999999996,35107.99999999999,11007.300000000001,1.7709097954569075,52,17,2494.5,31,95,13,1.9458799362182617,0.06277032052316973,0.2849264705882353,32.631578947368425,12,0,False
ED_900_900_c08,28,event_driven,900.0,900.0,900.0,0.8,43375.699999999975,39631.699999999975,3743.9999999999986,0.5335988254712408,62,8,452.0,32,95,21,1.9236161708831787,0.060113005340099335,0.2937666391260443,33.68421052631579,13,0,False
ED_900_900_c08,29,event_driven,900.0,900.0,900.0,0.8,44969.199999999946,38671.799999999974,6297.399999999972,0.9197898641989651,57,16,1548.0,31,95,12,1.8569278717041016,0.059900899087229086,0.2841429880843263,32.631578947368425,14,0,False
ED_900_900_c08,30,event_driven,900.0,900.0,900.0,0.8,40301.19999999997,38751.79999999999,1549.3999999999771,0.22583611713406646,55,11,544.0,28,95,10,1.8971281051635742,0.06775457518441337,0.25678650036683787,29.47368421052631,14,0,False
ED_900_900_c08,31,event_driven,900.0,900.0,900.0,0.8,40533.19999999998,36862.59999999999,3670.5999999999935,0.5624356274500315,44,8,813.1000000000004,34,95,21,2.265298843383789,0.06662643657011144,0.31195522525002295,35.78947368421053,13,0,False
ED_900_900_c08,32,event_driven,900.0,900.0,900.0,0.8,41347.59999999997,39969.39999999998,1378.1999999999925,0.19476294970047597,63,15,491.0,31,94,15,2.015401601791382,0.0650129548964962,0.28401282638570774,32.97872340425532,14,0,False
ED_900_900_c08,33,event_driven,900.0,900.0,900.0,0.8,40739.999999999985,35444.49999999999,5295.499999999993,0.8438783493587473,54,11,1429.9999999999854,32,95,9,1.923835277557373,0.06011985242366791,0.2940906166712618,33.68421052631579,15,0,False
ED_900_900_c08,34,event_driven,900.0,900.0,900.0,0.8,41408.09999999997,38004.89999999999,3403.19999999998,0.5057892621654108,57,14,1433.5999999999913,32,94,21,2.051002264022827,0.06409382075071335,0.29406359125160814,34.04255319148936,15,0,False
ED_900_900_c08,35,event_driven,900.0,900.0,900.0,0.8,46558.59999999997,38796.49999999998,7762.099999999993,1.1300779794484122,72,18,1560.0,35,95,19,2.1748063564300537,0.06213732446943011,0.32063026749725176,36.84210526315789,14,0,False
ED_900_900_c08,36,event_driven,900.0,900.0,900.0,0.8,37322.599999999955,36085.299999999974,1237.299999999982,0.1936718135779777,44,9,465.09999999999127,30,95,15,1.8364040851593018,0.06121346950531006,0.2753051298522529,31.57894736842105,14,0,False
ED_900_900_c08,37,event_driven,900.0,900.0,900.0,0.8,40111.09999999999,36081.49999999999,4029.600000000001,0.6308107424080986,59,5,536.8000000000029,23,95,12,1.285811185836792,0.05590483416681704,0.21104789869700863,24.210526315789473,10,0,False
ED_900_900_c08,38,event_driven,900.0,900.0,900.0,0.8,38308.69999999998,35152.999999999985,3155.6999999999935,0.5070549681877298,51,10,437.0,28,95,23,1.6924099922180176,0.06044321400778634,0.2571402332629259,29.47368421052631,12,0,False
ED_900_900_c08,39,event_driven,900.0,900.0,900.0,0.8,42085.499999999985,40151.99999999999,1933.499999999996,0.2719936220384511,63,13,518.0,32,95,16,2.0975074768066406,0.06554710865020752,0.2937666391260443,33.68421052631579,15,0,False
ED_900_900_c08,40,event_driven,900.0,900.0,900.0,0.8,35989.79999999999,31226.399999999987,4763.4000000000015,0.8006067515521061,53,15,485.0,22,77,9,106.09842681884766,4.822655764493075,0.2635677488918174,28.57142857142857,11,2,True
ED_900_900_c08,41,event_driven,900.0,900.0,900.0,0.8,41264.90000000002,36746.2,4518.700000000023,0.6945808435540741,54,11,1397.300000000003,34,95,10,1.9511194229125977,0.05738586537978228,0.3125,35.78947368421053,18,0,False
ED_900_900_c08,42,event_driven,900.0,900.0,900.0,0.8,46758.49999999989,38394.59999999992,8363.899999999972,1.2304399147705223,71,17,1493.0,33,95,21,2.088117837905884,0.06327629811836011,0.30275229357798167,34.73684210526316,14,0,False
ED_900_900_c08,43,event_driven,900.0,900.0,900.0,0.8,44488.699999999975,38177.7,6310.999999999976,0.9337059920515675,65,12,1427.0999999999913,38,95,17,2.4284024238586426,0.06390532694364849,0.348976030856828,40.0,15,0,False
ED_900_900_c08,44,event_driven,900.0,900.0,900.0,0.8,39623.30000000001,36574.40000000001,3048.9000000000005,0.4708555530824659,54,6,395.0,32,94,21,2.0364015102386475,0.06363754719495773,0.29411764705882354,34.04255319148936,13,0,False
ED_900_900_c08,45,event_driven,900.0,900.0,900.0,0.8,40135.499999999985,35345.29999999999,4790.199999999993,0.7654973664372361,59,8,1441.3999999999942,35,95,13,2.0811820030212402,0.05946234294346401,0.32204637467795366,36.84210526315789,14,0,False
ED_900_900_c08,46,event_driven,900.0,900.0,900.0,0.8,43782.399999999936,39043.899999999965,4738.499999999972,0.6855030948679345,72,13,1510.0,30,95,13,1.8365280628204346,0.06121760209401449,0.27517886626307103,31.57894736842105,14,0,False
ED_900_900_c08,47,event_driven,900.0,900.0,900.0,0.8,40242.199999999946,38241.999999999985,2000.1999999999623,0.29542997141971544,57,12,534.0,24,95,8,1.4675686359405518,0.06114869316418966,0.22000183334861123,25.263157894736842,12,0,False
ED_900_900_c08,48,event_driven,900.0,900.0,900.0,0.8,43060.199999840406,40822.29999984042,2237.8999999999846,0.3096456141348107,62,14,570.0,29,95,12,1.8968420028686523,0.06540834492650525,0.2660062373876353,30.526315789473685,12,0,False
ED_900_900_c08,49,event_driven,900.0,900.0,900.0,0.8,39008.69999999999,36798.0,2210.699999999987,0.33933395806866995,59,7,404.0,37,95,13,2.329451560974121,0.06295815029659786,0.3400110273846719,38.94736842105263,14,0,False
ED_1800_450_c04,0,event_driven,1800.0,450.0,1800.0,0.4,41152.19999999998,36653.09999999999,4499.099999999988,0.6933246819804829,58,11,1633.0,28,79,9,1.5753331184387207,0.05626189708709717,0.25711662075298436,35.44303797468354,13,0,False
ED_1800_450_c04,1,event_driven,1800.0,450.0,1800.0,0.4,38336.19999999997,36194.89999999998,2141.2999999999884,0.3341579997351927,38,7,538.0,25,77,12,1.5151996612548828,0.060607986450195314,0.22948411969891683,32.467532467532465,13,0,False
ED_1800_450_c04,2,event_driven,1800.0,450.0,1800.0,0.4,43590.999999999985,37873.79999999999,5717.199999999993,0.8526410353319713,58,16,1556.0,26,77,11,1.6124162673950195,0.06201601028442383,0.2384446074834923,33.76623376623377,13,0,False
ED_1800_450_c04,3,event_driven,1800.0,450.0,1800.0,0.4,38381.199999999946,35875.59999999998,2505.5999999999694,0.39448845148540307,46,10,600.0,25,73,13,1.4744019508361816,0.05897607803344727,0.2295684113865932,34.24657534246575,13,0,False
ED_1800_450_c04,4,event_driven,1800.0,450.0,1800.0,0.4,42650.89999999996,37893.399999999994,4757.499999999964,0.7091481093550003,57,16,1485.5999999999913,27,74,11,1.5915064811706543,0.05894468448780201,0.24782010096374485,36.486486486486484,14,0,False
ED_1800_450_c04,5,event_driven,1800.0,450.0,1800.0,0.4,40277.79999999996,37346.799999999974,2930.999999999988,0.44328613646466697,47,7,467.0,27,80,9,1.6406044960021973,0.060763129481562865,0.24766097963676387,33.75,13,0,False
ED_1800_450_c04,6,event_driven,1800.0,450.0,1800.0,0.4,40949.19999999996,36823.09999999998,4126.099999999985,0.6329087919339672,58,13,1471.0,27,68,13,1.4839603900909424,0.05496149592929416,0.24782010096374485,39.705882352941174,15,0,False
ED_1800_450_c04,7,event_driven,1800.0,450.0,1800.0,0.4,41872.19999999997,37275.39999999998,4596.799999999987,0.6965543725122413,59,12,1439.0999999999913,28,68,12,1.6039588451385498,0.05728424446923392,0.2569278766746192,41.17647058823529,14,0,False
ED_1800_450_c04,8,event_driven,1800.0,450.0,1800.0,0.4,38481.49999999996,36475.49999999998,2005.9999999999852,0.3106357255306529,53,10,593.0,27,74,11,1.6547126770019531,0.06128565470377604,0.24752475247524752,36.486486486486484,15,0,False
ED_1800_450_c04,9,event_driven,1800.0,450.0,1800.0,0.4,41299.59999999996,38077.99999999997,3221.599999999993,0.4778803947247661,59,16,488.0,24,77,13,1.38602876663208,0.057751198609670006,0.21996150673632117,31.16883116883117,14,0,False
ED_1800_450_c04,10,event_driven,1800.0,450.0,1800.0,0.4,39506.99999999998,36449.799999999996,3057.199999999984,0.4737513143924128,52,17,1426.0999999999913,29,74,9,1.5887548923492432,0.05478465146031873,0.2664951295717699,39.189189189189186,14,0,False
ED_1800_450_c04,11,event_driven,1800.0,450.0,1800.0,0.4,43331.299999999974,38125.99999999999,5205.299999999983,0.7711631127095615,61,15,779.0,24,75,14,1.3508870601654053,0.05628696084022522,0.22034520749173708,32.0,14,0,False
ED_1800_450_c04,12,event_driven,1800.0,450.0,1800.0,0.4,43645.49999999999,38434.5,5210.999999999994,0.765810936516942,61,12,1633.0,27,79,9,1.5224955081939697,0.05638872252570258,0.24766097963676387,34.177215189873415,13,0,False
ED_1800_450_c04,13,event_driven,1800.0,450.0,1800.0,0.4,38047.5,35438.0,2609.500000000003,0.41592001880392926,54,13,651.9000000000005,24,80,12,1.470606803894043,0.06127528349558512,0.22048690858980247,30.0,14,0,False
ED_1800_450_c04,14,event_driven,1800.0,450.0,1800.0,0.4,39782.19999999999,35113.09999999999,4669.0999999999985,0.7510791892860124,55,15,1421.8999999999942,22,77,15,1.3094828128814697,0.0595219460400668,0.20235467255334808,28.57142857142857,14,0,False
ED_1800_450_c04,15,event_driven,1800.0,450.0,1800.0,0.4,40858.79999999998,37980.4,2878.399999999982,0.42806856653998593,69,11,522.3000000000029,26,77,11,1.4902033805847168,0.057315514637873724,0.23892666789193162,33.76623376623377,18,0,False
ED_1800_450_c04,16,event_driven,1800.0,450.0,1800.0,0.4,38160.80000000002,34844.899999999994,3315.900000000025,0.5375067579694411,46,12,500.0,24,77,13,1.4157640933990479,0.05899017055829366,0.22081148219707425,31.16883116883117,13,0,False
ED_1800_450_c04,17,event_driven,1800.0,450.0,1800.0,0.4,43124.29999999998,39747.59999999999,3376.6999999999907,0.47984756339977663,62,13,396.0,24,76,13,1.608726978302002,0.06703029076258342,0.21984061555372353,31.57894736842105,12,0,False
ED_1800_450_c04,18,event_driven,1800.0,450.0,1800.0,0.4,43842.48337601488,38843.68337601489,4998.799999999996,0.7268873022792341,61,14,1574.0,29,77,8,1.6907885074615479,0.05830305198143269,0.2663972074223774,37.66233766233766,14,0,False
ED_1800_450_c04,19,event_driven,1800.0,450.0,1800.0,0.4,38716.49999999998,35983.59999999999,2732.8999999999837,0.42898376537589705,53,7,456.0,27,71,12,1.4879467487335205,0.05510913884198224,0.2480022044640397,38.028169014084504,13,0,False
ED_1800_450_c04,20,event_driven,1800.0,450.0,1800.0,0.4,37986.399999999965,35547.49999999997,2438.899999999998,0.3875311860233444,44,7,421.0,26,75,12,1.5513529777526855,0.059667422221257135,0.23912443667800976,34.66666666666667,15,0,False
ED_1800_450_c04,21,event_driven,1800.0,450.0,1800.0,0.4,37823.69999999999,36264.7,1558.999999999995,0.2428196074910365,49,10,438.0,28,77,9,1.6548755168914795,0.059102697031838555,0.2568100522791892,36.36363636363637,14,0,False
ED_1800_450_c04,22,event_driven,1800.0,450.0,1800.0,0.4,41048.2,38343.49999999999,2704.7000000000016,0.3984272876314555,56,14,675.0,25,79,11,1.5751957893371582,0.06300783157348633,0.22921059869808377,31.645569620253166,13,0,False
ED_1800_450_c04,23,event_driven,1800.0,450.0,1800.0,0.4,41400.69999999998,35792.39999999998,5608.300000000003,0.8850384592665087,62,10,1726.0,25,77,12,1.4761004447937012,0.059044017791748046,0.22963167080003677,32.467532467532465,15,0,False
ED_1800_450_c04,24,event_driven,1800.0,450.0,1800.0,0.4,41488.89999999998,36503.19999999999,4985.699999999986,0.7714662498955364,56,10,1594.0,25,83,10,1.5620598793029785,0.06248239517211914,0.2298427875333272,30.120481927710845,11,0,False
ED_1800_450_c04,25,event_driven,1800.0,450.0,1800.0,0.4,39203.09999999996,35822.69999999998,3380.399999999983,0.5330052707386049,63,10,611.0,26,81,10,1.6947040557861328,0.06518092522254357,0.23875114784205695,32.098765432098766,12,0,False
ED_1800_450_c04,26,event_driven,1800.0,450.0,1800.0,0.4,41361.69999999999,38164.59999999999,3197.0999999999967,0.47317003335407787,69,7,532.6999999999971,27,69,13,1.6410183906555176,0.06077845891316732,0.24718483932985444,39.130434782608695,15,0,False
ED_1800_450_c04,27,event_driven,1800.0,450.0,1800.0,0.4,37045.19999999997,34372.29999999998,2672.8999999999846,0.4392338924331233,45,7,445.0,29,82,6,1.692924976348877,0.05837672332237507,0.2666911899944822,35.36585365853659,13,0,False
ED_1800_450_c04,28,event_driven,1800.0,450.0,1800.0,0.4,41030.3,37862.600000000006,3167.699999999994,0.47255823732346636,58,8,460.0,27,71,12,1.5773918628692627,0.05842192084700973,0.24766097963676387,38.028169014084504,14,0,False
ED_1800_450_c04,29,event_driven,1800.0,450.0,1800.0,0.4,44514.69999999996,37334.29999999999,7180.39999999997,1.0863314479131527,60,12,1548.0,22,83,13,1.4234750270843506,0.06470341032201593,0.20164986251145736,26.506024096385545,12,0,False
ED_1800_450_c04,30,event_driven,1800.0,450.0,1800.0,0.4,40323.99999999999,36383.1,3940.8999999999915,0.6118112258435637,52,8,573.0,25,72,14,1.5324034690856934,0.06129613876342774,0.22948411969891683,34.72222222222222,12,0,False
ED_1800_450_c04,31,event_driven,1800.0,450.0,1800.0,0.4,41312.09999999996,37576.299999999974,3735.7999999999897,0.561553747652431,54,17,813.1000000000004,26,76,12,1.544123888015747,0.05938938030829796,0.23859777920528588,34.21052631578947,13,0,False
ED_1800_450_c04,32,event_driven,1800.0,450.0,1800.0,0.4,41481.29999999999,40135.299999999996,1345.99999999999,0.18942629851231366,54,12,785.0,23,75,15,1.3680510520935059,0.059480480525804603,0.21098981744794054,30.666666666666664,14,0,False
ED_1800_450_c04,33,event_driven,1800.0,450.0,1800.0,0.4,40248.39999999997,35986.09999999999,4262.299999999981,0.6690074565115178,66,13,505.40000000000146,27,73,11,1.5330793857574463,0.05678071799101653,0.2478428492748302,36.986301369863014,16,0,False
ED_1800_450_c04,34,event_driven,1800.0,450.0,1800.0,0.4,37913.399999999994,36412.40000000001,1500.9999999999873,0.23283759994330916,57,4,427.0,27,80,10,1.5670793056488037,0.058039974283289025,0.24841291747170852,33.75,15,0,False
ED_1800_450_c04,35,event_driven,1800.0,450.0,1800.0,0.4,44823.39999999998,38461.59999999999,6361.799999999988,0.9342742765897274,65,19,648.0,27,75,11,1.5846428871154785,0.05869047730057328,0.24793388429752067,36.0,13,0,False
ED_1800_450_c04,36,event_driven,1800.0,450.0,1800.0,0.4,39575.199999999946,37876.09999999997,1699.0999999999767,0.25338179711517717,56,9,539.0,28,75,10,1.6835384368896484,0.06012637274605887,0.25711662075298436,37.333333333333336,14,0,False
ED_1800_450_c04,37,event_driven,1800.0,450.0,1800.0,0.4,41359.29999999997,35898.99999999998,5460.2999999999865,0.8591240565334536,61,9,1426.0999999999913,25,74,13,1.5559091567993164,0.062236366271972654,0.22965276501929083,33.78378378378378,13,0,False
ED_1800_450_c04,38,event_driven,1800.0,450.0,1800.0,0.4,35033.49999999994,33074.099999999984,1959.3999999999587,0.3346237756969953,43,7,639.0,25,81,10,1.5388860702514648,0.06155544281005859,0.2300754647524388,30.864197530864196,13,0,False
ED_1800_450_c04,39,event_driven,1800.0,450.0,1800.0,0.4,41475.39999999999,39406.6,2068.7999999999915,0.29653179645312827,61,13,537.0,28,75,10,1.6037309169769287,0.05727610417774746,0.2564807181460108,37.333333333333336,13,0,False
ED_1800_450_c04,40,event_driven,1800.0,450.0,1800.0,0.4,42959.899999999994,39843.5,3116.399999999991,0.4417915865052775,62,16,635.0,24,69,16,1.441969633102417,0.060082068045934044,0.21986075485525836,34.78260869565217,14,0,False
ED_1800_450_c04,41,event_driven,1800.0,450.0,1800.0,0.4,43141.19999999999,38300.6,4840.599999999989,0.7138637773040353,70,13,1421.8999999999942,25,75,13,1.5445971488952637,0.061783885955810545,0.22921059869808377,33.33333333333333,16,0,False
ED_1800_450_c04,42,event_driven,1800.0,450.0,1800.0,0.4,44087.899999999965,38799.09999999998,5288.799999999988,0.7699405965035826,68,18,1493.0,27,83,8,1.6209065914154053,0.060033577459829825,0.2473433492121656,32.53012048192771,14,0,False
ED_1800_450_c04,43,event_driven,1800.0,450.0,1800.0,0.4,39053.099999999984,36075.39999999999,2977.699999999995,0.46622065738139234,53,7,596.0,26,74,12,1.548356056213379,0.05955215600820688,0.2387950036737693,35.13513513513514,15,0,False
ED_1800_450_c04,44,event_driven,1800.0,450.0,1800.0,0.4,38445.29999999999,36660.499999999985,1784.800000000003,0.27498746667334173,46,11,470.3000000000029,28,80,8,1.587827444076538,0.0567081230027335,0.2570694087403599,35.0,15,0,False
ED_1800_450_c04,45,event_driven,1800.0,450.0,1800.0,0.4,39369.80000000002,33843.00000000002,5526.799999999994,0.9224155627488649,56,12,1441.3999999999942,24,82,11,1.4922640323638916,0.06217766801516215,0.22097412761255872,29.268292682926827,12,0,False
ED_1800_450_c04,46,event_driven,1800.0,450.0,1800.0,0.4,41352.19999999998,36496.2,4855.999999999985,0.7515411359099172,58,11,1510.0,28,75,10,1.7925570011138916,0.0640198928969247,0.2569278766746192,37.333333333333336,14,0,False
ED_1800_450_c04,47,event_driven,1800.0,450.0,1800.0,0.4,41333.49999999999,39180.50000000001,2152.9999999999836,0.31038146779395376,54,10,432.0,29,81,7,1.5770220756530762,0.05438007157424401,0.2662015788507435,35.80246913580247,16,0,False
ED_1800_450_c04,48,event_driven,1800.0,450.0,1800.0,0.4,41283.59999999998,39263.39999999998,2020.1999999999948,0.2906218004553853,64,10,422.0,25,77,12,1.3919322490692139,0.05567728996276856,0.22948411969891683,32.467532467532465,12,0,False
ED_1800_450_c04,49,event_driven,1800.0,450.0,1800.0,0.4,44457.19999999995,41905.599999999984,2551.5999999999694,0.34392382082427886,68,12,653.0,23,80,13,1.411297082901001,0.061360742734826126,0.21075781178411068,28.749999999999996,13,0,False
ED_1800_450_c08,0,event_driven,1800.0,450.0,1800.0,0.8,42861.59999999999,38374.799999999996,4486.799999999996,0.6604079806493884,59,9,1574.0,27,80,9,1.5495150089263916,0.05738944477505154,0.24757014487438106,33.75,15,0,False
ED_1800_450_c08,1,event_driven,1800.0,450.0,1800.0,0.8,39820.30000000002,34772.7,5047.600000000017,0.8199138916512057,41,8,1428.0,26,83,9,1.5384089946746826,0.059169576718257025,0.23888276368981992,31.32530120481928,15,0,False
ED_1800_450_c08,2,event_driven,1800.0,450.0,1800.0,0.8,45111.99999999999,38854.299999999996,6257.699999999997,0.9096982859011769,63,16,1556.0,25,85,9,1.4821863174438477,0.05928745269775391,0.2293157218858925,29.411764705882355,12,0,False
ED_1800_450_c08,3,event_driven,1800.0,450.0,1800.0,0.8,39567.39999999999,36754.79999999999,2812.5999999999967,0.432230724861891,56,13,510.0,24,84,10,1.5435206890106201,0.06431336204210918,0.22018348623853212,28.57142857142857,13,0,False
ED_1800_450_c08,4,event_driven,1800.0,450.0,1800.0,0.8,44515.999999999956,39768.69999999998,4747.299999999972,0.6742593994830013,60,13,1484.2999999999884,28,83,7,1.6848680973052979,0.06017386061804635,0.25702221406278686,33.734939759036145,14,0,False
ED_1800_450_c08,5,event_driven,1800.0,450.0,1800.0,0.8,40528.99999999998,37683.999999999985,2844.9999999999955,0.4264292654590919,53,6,467.0,26,86,8,1.5441584587097168,0.059390709950373724,0.23881693763203823,30.23255813953488,13,0,False
ED_1800_450_c08,6,event_driven,1800.0,450.0,1800.0,0.8,41563.19999999999,37178.299999999996,4384.899999999991,0.6661804639495914,56,10,1471.0,25,82,10,1.4151594638824463,0.05660637855529785,0.22975829427442332,30.48780487804878,13,0,False
ED_1800_450_c08,7,event_driven,1800.0,450.0,1800.0,0.8,42277.99999999996,38157.799999999974,4120.19999999999,0.6098972808059798,59,8,1439.0999999999913,22,92,10,1.3584790229797363,0.061749046499078926,0.20164986251145736,23.91304347826087,12,0,False
ED_1800_450_c08,8,event_driven,1800.0,450.0,1800.0,0.8,36390.09999999997,34300.69999999999,2089.3999999999796,0.3440648713893834,45,8,1019.0,24,87,9,1.405683994293213,0.05857016642888387,0.2206085118117474,27.586206896551722,12,0,False
ED_1800_450_c08,9,event_driven,1800.0,450.0,1800.0,0.8,40049.59999999999,36529.099999999984,3520.5000000000055,0.5443611251857291,53,11,488.0,24,86,10,1.4155964851379395,0.058983186880747475,0.22040591422536507,27.906976744186046,14,0,False
ED_1800_450_c08,10,event_driven,1800.0,450.0,1800.0,0.8,38331.69999999995,34488.59999999998,3843.099999999978,0.6294016057416105,52,13,1426.0999999999913,27,82,8,1.4937498569488525,0.055324068775883424,0.2481161551185444,32.926829268292686,15,0,False
ED_1800_450_c08,11,event_driven,1800.0,450.0,1800.0,0.8,42128.199999999924,38328.49999999995,3799.699999999977,0.5599499526003276,60,13,740.0,23,99,6,1.4237017631530762,0.0619000766588294,0.21098981744794054,23.232323232323232,10,0,False
ED_1800_450_c08,12,event_driven,1800.0,450.0,1800.0,0.8,45930.49999999998,37396.79999999999,8533.69999999999,1.2889161228110004,54,12,1634.1000000000058,28,86,6,1.7624645233154297,0.06294516154697963,0.2568100522791892,32.55813953488372,13,0,False
ED_1800_450_c08,13,event_driven,1800.0,450.0,1800.0,0.8,39750.59999999999,36558.49999999999,3192.0999999999963,0.49318498561766155,54,10,651.9000000000005,27,91,5,1.6412477493286133,0.060786953678837526,0.24807056229327454,29.67032967032967,14,0,False
ED_1800_450_c08,14,event_driven,1800.0,450.0,1800.0,0.8,40192.39999999999,35588.89999999999,4603.5,0.7306263136311272,57,11,1461.0,29,85,5,1.6825385093688965,0.058018569288582636,0.2662993572084481,34.11764705882353,16,0,False
ED_1800_450_c08,15,event_driven,1800.0,450.0,1800.0,0.8,40195.90000000002,36238.50000000002,3957.3999999999987,0.6168242839297099,57,11,420.0,25,89,8,1.5877315998077393,0.06350926399230956,0.22952625780389277,28.08988764044944,14,0,False
ED_1800_450_c08,16,event_driven,1800.0,450.0,1800.0,0.8,38907.80000000002,35578.7,3329.100000000022,0.5285164290018353,48,10,500.0,26,80,10,1.4981236457824707,0.05762014022240272,0.2387950036737693,32.5,14,0,False
ED_1800_450_c08,17,event_driven,1800.0,450.0,1800.0,0.8,40178.60000000002,36329.00000000002,3849.5999999999995,0.5985271960553411,61,8,335.0,25,94,6,1.4580750465393066,0.058323001861572264,0.2296105804555474,26.595744680851062,13,0,False
ED_1800_450_c08,18,event_driven,1800.0,450.0,1800.0,0.8,43347.999999999985,36870.49999999999,6477.4999999999945,0.9923162908611973,53,9,1403.0,24,87,10,1.3971247673034668,0.05821353197097778,0.2201430930104568,27.586206896551722,14,0,False
ED_1800_450_c08,19,event_driven,1800.0,450.0,1800.0,0.8,43769.699999999975,41232.79999999999,2536.8999999999837,0.34752195574162337,70,11,543.0,24,79,12,1.5081357955932617,0.06283899148305257,0.22012290195359074,30.37974683544304,14,0,False
ED_1800_450_c08,20,event_driven,1800.0,450.0,1800.0,0.8,42877.20000000001,40053.5,2823.7000000000116,0.398198673011113,57,8,560.0,24,95,7,1.4417479038238525,0.06007282932599386,0.22022389429253073,25.263157894736842,13,0,False
ED_1800_450_c08,21,event_driven,1800.0,450.0,1800.0,0.8,41223.799999999974,38223.19999999998,3000.5999999999885,0.4434072488971069,55,10,444.0,20,96,10,1.2759709358215332,0.06379854679107666,0.18303285439736433,20.833333333333336,11,0,False
ED_1800_450_c08,22,event_driven,1800.0,450.0,1800.0,0.8,40800.9,38492.600000000006,2308.299999999993,0.3387167951733598,55,14,603.0,27,85,7,1.6676619052886963,0.0617652557514332,0.2480477721635278,31.76470588235294,13,0,False
ED_1800_450_c08,23,event_driven,1800.0,450.0,1800.0,0.8,40070.09999999998,35107.399999999994,4962.6999999999825,0.7984377859162065,53,7,1428.3999999999942,28,80,8,1.660273551940918,0.059295483997889926,0.2575186241147797,35.0,16,0,False
ED_1800_450_c08,24,event_driven,1800.0,450.0,1800.0,0.8,42627.09999999996,34732.799999999996,7894.2999999999665,1.283794638427718,56,11,1594.0,25,89,8,1.5107338428497314,0.060429353713989255,0.23009664058904739,28.08988764044944,12,0,False
ED_1800_450_c08,25,event_driven,1800.0,450.0,1800.0,0.8,40844.19999999998,38209.599999999984,2634.5999999999963,0.3894609536019021,67,8,611.0,22,96,9,1.3522517681121826,0.06146598945964466,0.2018533810441325,22.916666666666664,12,0,False
ED_1800_450_c08,26,event_driven,1800.0,450.0,1800.0,0.8,39661.999999999985,36943.59999999999,2718.3999999999933,0.41561946104004716,56,7,575.0,25,80,11,1.4704854488372803,0.05881941795349121,0.22969496508636528,31.25,14,0,False
ED_1800_450_c08,27,event_driven,1800.0,450.0,1800.0,0.8,44210.99999999992,38893.79999999996,5317.199999999959,0.772190307571263,54,13,1469.0,25,88,8,1.48724365234375,0.05948974609375,0.22963167080003677,28.40909090909091,14,0,False
ED_1800_450_c08,28,event_driven,1800.0,450.0,1800.0,0.8,40472.19999999995,37137.99999999996,3334.1999999999903,0.5071014611969958,57,7,483.0,23,89,10,1.3130011558532715,0.057087006776229195,0.2110091743119266,25.842696629213485,13,0,False
ED_1800_450_c08,29,event_driven,1800.0,450.0,1800.0,0.8,43546.299999999996,39736.5,3809.7999999999947,0.5415446783156563,65,13,633.0,25,86,9,1.639486312866211,0.06557945251464843,0.2288538996704504,29.069767441860467,11,0,False
ED_1800_450_c08,30,event_driven,1800.0,450.0,1800.0,0.8,40677.79999999998,36645.099999999984,4032.6999999999944,0.6215867248911224,51,6,573.0,24,87,10,1.4550845623016357,0.060628523429234825,0.2202845341899954,27.586206896551722,11,0,False
ED_1800_450_c08,31,event_driven,1800.0,450.0,1800.0,0.8,41193.29999999997,36870.89999999998,4322.399999999989,0.6621600005650828,57,15,813.1000000000004,23,89,10,1.369002103805542,0.05952183060024096,0.21151370240941694,25.842696629213485,13,0,False
ED_1800_450_c08,32,event_driven,1800.0,450.0,1800.0,0.8,42189.199999999975,38420.699999999975,3768.500000000001,0.5540194006567607,50,15,1425.800000000003,23,91,9,1.3736066818237305,0.05972202964451002,0.21135820621209336,25.274725274725274,13,0,False
ED_1800_450_c08,33,event_driven,1800.0,450.0,1800.0,0.8,42086.39999999999,37682.6,4403.799999999988,0.6600980555750114,65,17,505.40000000000146,23,88,10,1.297713041305542,0.056422306143719216,0.21085441877521086,26.136363636363637,16,0,False
ED_1800_450_c08,34,event_driven,1800.0,450.0,1800.0,0.8,38658.799999999996,37209.899999999994,1448.8999999999996,0.21993869113587253,52,11,644.0,26,79,10,1.6868762969970703,0.06487985757681039,0.2390364990346603,32.91139240506329,15,0,False
ED_1800_450_c08,35,event_driven,1800.0,450.0,1800.0,0.8,43479.399999999936,37254.19999999996,6225.199999999975,0.9438430749101733,56,18,628.1999999999989,26,90,7,1.526817798614502,0.05872376148517315,0.23853211009174313,28.888888888888886,12,0,False
ED_1800_450_c08,36,event_driven,1800.0,450.0,1800.0,0.8,40493.699999999975,37744.4,2749.2999999999734,0.41142562040496167,63,14,532.0,27,89,6,1.6869878768920898,0.06248103247748481,0.2477518810790971,30.337078651685395,12,0,False
ED_1800_450_c08,37,event_driven,1800.0,450.0,1800.0,0.8,38581.299999999974,34682.999999999985,3898.2999999999865,0.6348634556056039,55,6,427.0,24,86,10,1.4571983814239502,0.060716599225997925,0.2202845341899954,27.906976744186046,13,0,False
ED_1800_450_c08,38,event_driven,1800.0,450.0,1800.0,0.8,38549.39999999996,36601.69999999998,1947.6999999999762,0.30056785628794225,50,11,597.0,25,87,8,1.5975878238677979,0.06390351295471192,0.22952625780389277,28.735632183908045,13,0,False
ED_1800_450_c08,39,event_driven,1800.0,450.0,1800.0,0.8,38458.39999999997,36433.69999999999,2024.6999999999857,0.31389119365909873,50,8,450.0,23,85,11,1.4283051490783691,0.06210022387297257,0.21137763073246943,27.058823529411764,13,0,False
ED_1800_450_c08,40,event_driven,1800.0,450.0,1800.0,0.8,40667.09999999999,38173.59999999999,2493.500000000003,0.36895039595859064,64,14,555.0,27,77,10,1.6326904296875,0.06047001591435185,0.24777461686702765,35.064935064935064,14,0,False
ED_1800_450_c08,41,event_driven,1800.0,450.0,1800.0,0.8,43645.30000000002,37881.299999999996,5764.000000000024,0.859450412237675,55,13,1397.300000000003,28,92,4,1.6073992252349854,0.057407115186963766,0.25711662075298436,30.434782608695656,19,0,False
ED_1800_450_c08,42,event_driven,1800.0,450.0,1800.0,0.8,48439.5999999999,39429.29999999993,9010.299999999967,1.2907493376028172,72,22,1493.0,25,86,9,1.5476062297821045,0.06190424919128418,0.22895869585126843,29.069767441860467,16,0,False
ED_1800_450_c08,43,event_driven,1800.0,450.0,1800.0,0.8,41088.601293814645,38253.00129381466,2835.5999999999817,0.4186982822876077,60,8,596.0,24,86,10,1.3854143619537354,0.057725598414738975,0.22056796250344637,27.906976744186046,15,0,False
ED_1800_450_c08,44,event_driven,1800.0,450.0,1800.0,0.8,40035.49999999998,37575.099999999984,2460.399999999994,0.3698514280894627,56,6,491.0,27,83,8,1.4668426513671875,0.05432750560619213,0.24766097963676387,32.53012048192771,14,0,False
ED_1800_450_c08,45,event_driven,1800.0,450.0,1800.0,0.8,40288.20000000001,34761.400000000016,5526.799999999994,0.8980452424272279,57,12,1441.3999999999942,23,88,10,1.4297244548797607,0.06216193282085916,0.21176687229536875,26.136363636363637,12,0,False
ED_1800_450_c08,46,event_driven,1800.0,450.0,1800.0,0.8,40697.79999999998,35532.499999999985,5165.299999999996,0.8210914168502288,52,10,1510.0,27,87,7,1.6909046173095703,0.06262609693739149,0.2477291494632535,31.03448275862069,14,0,False
ED_1800_450_c08,47,event_driven,1800.0,450.0,1800.0,0.8,41323.39999999998,37961.89999999999,3361.499999999991,0.5001576334676089,52,8,1633.0,26,87,8,1.3598277568817139,0.052301067572373613,0.23875114784205695,29.88505747126437,14,0,False
ED_1800_450_c08,48,event_driven,1800.0,450.0,1800.0,0.8,38201.89999999999,36230.59999999999,1971.2999999999934,0.3073257303051997,57,10,573.0,28,83,7,1.6742136478424072,0.05979334456580026,0.25688073394495414,33.734939759036145,13,0,False
ED_1800_450_c08,49,event_driven,1800.0,450.0,1800.0,0.8,40462.999999999956,37510.699999999975,2952.299999999981,0.4445565817600972,56,8,349.0,24,92,8,1.360849142074585,0.05670204758644104,0.22016328777176405,26.08695652173913,13,0,False
ED_1800_900_c04,0,event_driven,1800.0,900.0,1800.0,0.4,36237.59999999998,33226.39999999999,3011.199999999987,0.4712589988683679,47,11,1433.5999999999913,22,50,6,61.24958109855652,2.7840718681162056,0.2631893767197033,44.0,12,2,True
ED_1800_900_c04,1,event_driven,1800.0,900.0,1800.0,0.4,41446.69999999998,38166.39999999999,3280.299999999992,0.4854607170728146,56,8,610.0,22,64,9,1.48287034034729,0.06740319728851318,0.20177932679079155,34.375,12,0,False
ED_1800_900_c04,2,event_driven,1800.0,900.0,1800.0,0.4,41611.8,39046.59999999999,2565.20000000001,0.3710733238835573,49,12,594.0,25,59,11,1.5589830875396729,0.06235932350158691,0.22935779816513763,42.3728813559322,12,0,False
ED_1800_900_c04,3,event_driven,1800.0,900.0,1800.0,0.4,37740.99999999997,35524.399999999994,2216.599999999974,0.3524376559135726,50,8,463.0,28,61,6,1.708223581314087,0.061007985046931675,0.25735294117647056,45.90163934426229,13,0,False
ED_1800_900_c04,4,event_driven,1800.0,900.0,1800.0,0.4,43531.69999999996,38548.599999999984,4983.099999999975,0.7301510586350988,60,12,1484.2999999999884,28,59,8,1.8031654357910156,0.06439876556396484,0.2569043031470777,47.45762711864407,13,0,False
ED_1800_900_c04,5,event_driven,1800.0,900.0,1800.0,0.4,40336.599999999984,37511.2,2825.399999999984,0.4254423411475149,51,4,467.0,23,62,10,1.3739783763885498,0.05973819027776304,0.21116415717958134,37.096774193548384,14,0,False
ED_1800_900_c04,6,event_driven,1800.0,900.0,1800.0,0.4,39421.99999999998,35436.499999999985,3985.499999999992,0.6352632312588844,51,6,1471.0,24,66,5,1.5719115734100342,0.06549631555875142,0.22079116835326587,36.36363636363637,13,0,False
ED_1800_900_c04,7,event_driven,1800.0,900.0,1800.0,0.4,44886.700000000004,37864.0,7022.700000000005,1.0476093154679684,62,16,1439.0999999999913,25,60,11,1.5113396644592285,0.06045358657836914,0.22944199706314244,41.66666666666667,12,0,False
ED_1800_900_c04,8,event_driven,1800.0,900.0,1800.0,0.4,36678.39999999997,34915.999999999985,1762.3999999999885,0.28510295981942047,46,4,418.0,22,59,14,1.371931791305542,0.062360535968433724,0.2023360618044698,37.28813559322034,13,0,False
ED_1800_900_c04,9,event_driven,1800.0,900.0,1800.0,0.4,41244.999999999956,37335.29999999996,3909.699999999997,0.5914874244899719,54,11,488.0,23,62,10,1.4510929584503174,0.06309099819349206,0.2108737508022371,37.096774193548384,14,0,False
ED_1800_900_c04,10,event_driven,1800.0,900.0,1800.0,0.4,38851.49999999997,34872.39999999999,3979.0999999999826,0.644502702537134,46,7,1426.0999999999913,22,67,6,1.1703619956970215,0.05319827253168279,0.20200165274079515,32.83582089552239,12,0,False
ED_1800_900_c04,11,event_driven,1800.0,900.0,1800.0,0.4,40422.99999999997,37487.39999999998,2935.599999999995,0.4423166476976552,59,16,779.0,21,65,9,1.315397024154663,0.06263795353117443,0.19257221458046767,32.30769230769231,15,0,False
ED_1800_900_c04,12,event_driven,1800.0,900.0,1800.0,0.4,50475.99999999998,41196.799999999996,9279.199999999983,1.2722392179825746,57,18,2265.6999999999825,25,60,10,1.5911509990692139,0.06364603996276856,0.2291265695170012,41.66666666666667,13,0,False
ED_1800_900_c04,13,event_driven,1800.0,900.0,1800.0,0.4,40712.09999999996,36455.79999999997,4256.299999999994,0.659458278816515,55,11,1633.0,22,66,7,1.3020827770233154,0.059185580773787064,0.20133613983710075,33.33333333333333,12,0,False
ED_1800_900_c04,14,event_driven,1800.0,900.0,1800.0,0.4,37791.89999999998,33064.89999999999,4726.999999999996,0.8074955085833688,45,8,1420.5999999999913,25,62,8,1.5060324668884277,0.06024129867553711,0.22992734295962475,40.32258064516129,14,0,False
ED_1800_900_c04,15,event_driven,1800.0,900.0,1800.0,0.4,39636.60000375485,37150.900003754876,2485.699999999972,0.37792106492409305,54,11,522.3000000000029,24,62,9,1.4736318588256836,0.06140132745107015,0.22048690858980247,38.70967741935484,15,0,False
ED_1800_900_c04,16,event_driven,1800.0,900.0,1800.0,0.4,41996.39999999994,38239.999999999956,3756.399999999985,0.5548501080509433,60,11,471.0,18,63,14,1.0475819110870361,0.0581989950603909,0.1652892561983471,28.57142857142857,11,0,False
ED_1800_900_c04,17,event_driven,1800.0,900.0,1800.0,0.4,38916.8,37026.30000000001,1890.499999999991,0.2883952431436232,49,7,626.0,31,59,5,1.7181949615478516,0.05542564392089844,0.28476942862392063,52.54237288135594,14,0,False
ED_1800_900_c04,18,event_driven,1800.0,900.0,1800.0,0.4,48577.89999999996,40851.89999999998,7725.999999999978,1.0682285238915383,64,16,1403.0,28,58,10,1.6531689167022705,0.05904174702508109,0.25662175785904134,48.275862068965516,14,0,False
ED_1800_900_c04,19,event_driven,1800.0,900.0,1800.0,0.4,39179.799999999974,36062.59999999999,3117.1999999999794,0.4882355059879666,56,8,456.0,24,59,12,1.398085594177246,0.05825356642405192,0.22048690858980247,40.67796610169492,12,0,False
ED_1800_900_c04,20,event_driven,1800.0,900.0,1800.0,0.4,42307.199999999975,39713.49999999998,2593.699999999996,0.36889545545795904,60,11,588.0,26,61,9,1.5590240955352783,0.05996246521289532,0.23820430600091616,42.62295081967213,13,0,False
ED_1800_900_c04,21,event_driven,1800.0,900.0,1800.0,0.4,39380.49999999998,36403.29999999998,2977.1999999999994,0.46194362949162665,56,8,511.0,28,63,5,1.7833888530731201,0.06369245903832572,0.2571874712960412,44.44444444444444,11,0,False
ED_1800_900_c04,22,event_driven,1800.0,900.0,1800.0,0.4,45044.299999999974,37525.79999999998,7518.4999999999945,1.1316782551772875,63,11,1446.0,25,60,10,1.531900405883789,0.06127601623535156,0.22963167080003677,41.66666666666667,13,0,False
ED_1800_900_c04,23,event_driven,1800.0,900.0,1800.0,0.4,42180.89999999997,36284.29999999999,5896.599999999985,0.9179196051644997,53,12,1421.8999999999942,23,62,10,1.4399974346160889,0.062608584113743,0.21116415717958134,37.096774193548384,14,0,False
ED_1800_900_c04,24,event_driven,1800.0,900.0,1800.0,0.4,39573.39999999994,33684.39999999997,5888.999999999974,0.987493998917681,49,11,1594.0,22,61,12,1.3432228565216064,0.06105558438734575,0.20237328672615215,36.0655737704918,11,0,False
ED_1800_900_c04,25,event_driven,1800.0,900.0,1800.0,0.4,39941.59999999997,36047.599999999984,3893.999999999985,0.6101566073381096,56,14,611.0,22,66,7,1.2645432949066162,0.057479240677573464,0.20196456439915542,33.33333333333333,9,0,False
ED_1800_900_c04,26,event_driven,1800.0,900.0,1800.0,0.4,39040.69999999998,35894.39999999999,3146.2999999999956,0.4951025449989071,55,6,363.39999999999964,27,60,9,1.5910334587097168,0.05892716513739692,0.2478883584282042,45.0,14,0,False
ED_1800_900_c04,27,event_driven,1800.0,900.0,1800.0,0.4,48207.99999999993,37007.59999999998,11200.39999999995,1.709481236345982,66,17,2526.9999999999854,24,65,6,1.5167806148529053,0.06319919228553772,0.2206085118117474,36.92307692307693,14,0,False
ED_1800_900_c04,28,event_driven,1800.0,900.0,1800.0,0.4,39792.39999999998,36642.69999999999,3149.6999999999866,0.4855158923008708,44,7,441.0,24,63,8,1.3480048179626465,0.05616686741511027,0.2206896551724138,38.095238095238095,15,0,False
ED_1800_900_c04,29,event_driven,1800.0,900.0,1800.0,0.4,47510.99999999996,40399.899999999994,7111.099999999969,0.994210218505324,68,16,1548.0,23,60,13,1.51442551612854,0.0658445876577626,0.21068058990565175,38.333333333333336,12,0,False
ED_1800_900_c04,30,event_driven,1800.0,900.0,1800.0,0.4,40869.09999999999,38196.59999999999,2672.4999999999973,0.3951979961624796,56,11,692.0,22,62,12,1.3872101306915283,0.06305500594052402,0.20202020202020202,35.483870967741936,11,0,False
ED_1800_900_c04,31,event_driven,1800.0,900.0,1800.0,0.4,42364.79999999993,36060.599999999955,6304.199999999977,0.9874582913633821,52,9,1548.0,30,59,7,1.8149285316467285,0.060497617721557616,0.2757352941176471,50.847457627118644,12,0,False
ED_1800_900_c04,32,event_driven,1800.0,900.0,1800.0,0.4,46988.699999999895,42763.199999999924,4225.499999999974,0.5581226355864337,76,13,1425.7999999999884,25,64,6,1.5935475826263428,0.06374190330505371,0.22910557184750735,39.0625,12,0,False
ED_1800_900_c04,33,event_driven,1800.0,900.0,1800.0,0.4,39222.59999999999,35829.29999999998,3393.300000000011,0.53494072304934,49,6,425.0,22,64,9,1.2273364067077637,0.05578801848671653,0.20192748967416246,34.375,15,0,False
ED_1800_900_c04,34,event_driven,1800.0,900.0,1800.0,0.4,39786.59999999998,37170.5,2616.099999999974,0.3975370992387135,49,9,1433.5999999999913,27,63,5,1.5283591747283936,0.056605895360310875,0.24809335661122853,42.857142857142854,15,0,False
ED_1800_900_c04,35,event_driven,1800.0,900.0,1800.0,0.4,46995.19999999998,40585.49999999999,6409.699999999988,0.8920486272299095,78,28,650.0,24,62,9,1.386533260345459,0.05777221918106079,0.21990104452996154,38.70967741935484,12,0,False
ED_1800_900_c04,36,event_driven,1800.0,900.0,1800.0,0.4,40929.39999999996,38970.39999999997,1958.9999999999845,0.28393654874265595,63,11,539.0,23,63,10,1.494718313217163,0.06498775274857231,0.21118354604719494,36.507936507936506,15,0,False
ED_1800_900_c04,37,event_driven,1800.0,900.0,1800.0,0.4,42178.19999999997,36921.999999999985,5256.19999999998,0.8040969052073514,65,11,635.0,22,65,8,1.3307883739471436,0.06049038063396107,0.20207587030403232,33.84615384615385,11,0,False
ED_1800_900_c04,38,event_driven,1800.0,900.0,1800.0,0.4,37225.79999999995,34892.199999999975,2333.5999999999767,0.3777633226507152,48,7,413.0,23,62,11,1.372168779373169,0.05965951214665952,0.2113387852614169,37.096774193548384,14,0,False
ED_1800_900_c04,39,event_driven,1800.0,900.0,1800.0,0.4,41744.49999999998,39971.19999999999,1773.299999999988,0.2505859713499198,57,13,626.0,24,66,5,1.4856829643249512,0.06190345684687296,0.21963942527683716,36.36363636363637,13,0,False
ED_1800_900_c04,40,event_driven,1800.0,900.0,1800.0,0.4,42415.099999999984,37858.79999999999,4556.299999999994,0.6797781391746328,68,19,618.0,21,64,10,1.2399184703826904,0.05904373668489002,0.1925192519251925,32.8125,12,0,False
ED_1800_900_c04,41,event_driven,1800.0,900.0,1800.0,0.4,41951.19999999998,36866.39999999999,5084.799999999992,0.7790491738151386,56,10,1397.300000000003,27,60,9,1.5370450019836426,0.05692759266606084,0.24795665350353566,45.0,17,0,False
ED_1800_900_c04,42,event_driven,1800.0,900.0,1800.0,0.4,46351.29999999996,38662.69999999997,7688.599999999992,1.1232510011850305,62,16,1493.0,27,57,12,1.735908031463623,0.06429289005420825,0.24757014487438106,47.368421052631575,14,0,False
ED_1800_900_c04,43,event_driven,1800.0,900.0,1800.0,0.4,43816.09999999995,37624.99999999998,6191.099999999969,0.9294221897703585,66,11,1427.0999999999913,25,65,6,1.4404282569885254,0.05761713027954102,0.22948411969891683,38.46153846153847,14,0,False
ED_1800_900_c04,44,event_driven,1800.0,900.0,1800.0,0.4,42071.79999999999,39283.7,2788.0999999999904,0.4008830438774651,61,11,491.0,28,64,3,1.652409315109253,0.05901461839675903,0.2566452795600367,43.75,12,0,False
ED_1800_900_c04,45,event_driven,1800.0,900.0,1800.0,0.4,37471.09999999999,34645.9,2825.1999999999884,0.4605948489409428,59,11,449.10000000000036,21,64,10,1.2928457260131836,0.06156408219110398,0.1929083226162043,32.8125,10,0,False
ED_1800_900_c04,46,event_driven,1800.0,900.0,1800.0,0.4,41215.099999999984,36867.2,4347.899999999989,0.6661332602385879,56,5,1510.0,24,59,12,1.5534930229187012,0.06472887595494588,0.2200825309491059,40.67796610169492,13,0,False
ED_1800_900_c04,47,event_driven,1800.0,900.0,1800.0,0.4,41769.09999999997,39459.700000000004,2309.399999999964,0.3305727944384548,58,15,524.0,27,61,7,1.644352674484253,0.06090195090682418,0.24782010096374485,44.26229508196721,14,0,False
ED_1800_900_c04,48,event_driven,1800.0,900.0,1800.0,0.4,34426.89999999999,31137.79999999999,3289.099999999998,0.5301205472974888,44,8,1145.0,22,52,7,121.43206810951233,5.519639459523288,0.2608180201541197,42.30769230769231,14,3,True
ED_1800_900_c04,49,event_driven,1800.0,900.0,1800.0,0.4,41569.499999999956,38586.699999999975,2982.799999999984,0.43662462186979495,57,13,472.90000000000146,29,59,8,1.7088606357574463,0.058926228819222284,0.2657137621403701,49.152542372881356,12,0,False
ED_1800_900_c08,0,event_driven,1800.0,900.0,1800.0,0.8,42368.399999999914,38808.39999999994,3559.999999999972,0.5181386469973444,58,17,1574.0,17,72,6,0.9812929630279541,0.05772311547223259,0.15569191317886252,23.61111111111111,14,0,False
ED_1800_900_c08,1,event_driven,1800.0,900.0,1800.0,0.8,46309.79999999996,38229.49999999998,8080.299999999977,1.1938522822473672,69,10,2817.0,21,67,7,1.3900902271270752,0.06619477272033691,0.19258987527512839,31.343283582089555,13,0,False
ED_1800_900_c08,2,event_driven,1800.0,900.0,1800.0,0.8,41817.7,38997.59999999999,2820.100000000004,0.40845889191941326,49,12,642.0,24,61,10,1.4738402366638184,0.06141000986099243,0.22022389429253073,39.34426229508197,12,0,False
ED_1800_900_c08,3,event_driven,1800.0,900.0,1800.0,0.8,39196.49999999997,35621.09999999999,3575.3999999999787,0.5669425279824701,57,12,671.0,23,63,8,1.4822089672088623,0.06444386813951575,0.21118354604719494,36.507936507936506,11,0,False
ED_1800_900_c08,4,event_driven,1800.0,900.0,1800.0,0.8,37643.0,35573.6,2069.4000000000033,0.32857790330747855,46,8,614.0,24,66,5,1.40606689453125,0.05858612060546875,0.2204464039680353,36.36363636363637,13,0,False
ED_1800_900_c08,5,event_driven,1800.0,900.0,1800.0,0.8,40280.49999999999,36029.49999999999,4250.999999999997,0.6664300880429328,52,6,1633.0,20,72,3,1.181739330291748,0.059086966514587405,0.1835367532348353,27.77777777777778,11,0,False
ED_1800_900_c08,6,event_driven,1800.0,900.0,1800.0,0.8,38428.09999999999,33834.19999999999,4593.900000000001,0.7669152111580191,48,7,1471.0,20,72,3,1.2696309089660645,0.06348154544830323,0.18407731247123793,27.77777777777778,13,0,False
ED_1800_900_c08,7,event_driven,1800.0,900.0,1800.0,0.8,40856.49999999998,36689.19999999999,4167.299999999991,0.6415614356316239,51,11,1439.0999999999913,22,71,2,1.3274316787719727,0.06033780358054421,0.20168683535020168,30.985915492957744,13,0,False
ED_1800_900_c08,8,event_driven,1800.0,900.0,1800.0,0.8,35985.79999999994,34268.59999999998,1717.1999999999623,0.2830389759298379,44,6,574.0,23,64,8,1.4227964878082275,0.06186071686122729,0.21147480691430673,35.9375,13,0,False
ED_1800_900_c08,9,event_driven,1800.0,900.0,1800.0,0.8,39820.39999999998,33741.19999999998,6079.199999999997,0.9650561249788963,52,13,1440.3999999999942,23,62,5,130.2001383304596,5.6608755795852,0.23572819514194937,37.096774193548384,15,2,True
ED_1800_900_c08,10,event_driven,1800.0,900.0,1800.0,0.8,36844.89999999993,32599.399999999965,4245.499999999962,0.7355987203162246,41,5,1426.0999999999913,19,73,3,0.9315426349639893,0.049028559734946804,0.17480909007268378,26.027397260273972,10,0,False
ED_1800_900_c08,11,event_driven,1800.0,900.0,1800.0,0.8,41856.69999999994,38355.59999999995,3501.099999999995,0.5155816609841576,56,15,891.0,16,72,7,0.9742050170898438,0.060887813568115234,0.14672168729940394,22.22222222222222,10,0,False
ED_1800_900_c08,12,event_driven,1800.0,900.0,1800.0,0.8,46749.09999999996,39848.89999999999,6900.199999999973,0.9780635361065403,60,19,1445.2999999999884,22,64,9,1.3740530014038086,0.06245695460926403,0.2015574896930829,34.375,12,0,False
ED_1800_900_c08,13,event_driven,1800.0,900.0,1800.0,0.8,39270.89999999999,37040.399999999994,2230.4999999999905,0.3401326214524762,58,11,651.9000000000005,19,71,5,1.0187301635742188,0.05361737703022204,0.17455213596692698,26.76056338028169,10,0,False
ED_1800_900_c08,14,event_driven,1800.0,900.0,1800.0,0.8,39297.49999999997,34904.59999999998,4392.899999999998,0.7108703138280903,44,11,1442.699999999997,20,69,6,1.1099958419799805,0.05549979209899902,0.1836715951878042,28.985507246376812,11,0,False
ED_1800_900_c08,15,event_driven,1800.0,900.0,1800.0,0.8,40829.79999999996,38293.39999999999,2536.399999999969,0.37412397752299226,53,7,600.0,22,68,6,1.4385066032409668,0.06538666378368031,0.2019460253350468,32.35294117647059,15,0,False
ED_1800_900_c08,16,event_driven,1800.0,900.0,1800.0,0.8,43876.699999999975,40170.69999999997,3706.0000000000055,0.5210960030268643,71,9,527.0,16,73,6,0.8604247570037842,0.05377654731273651,0.1466275659824047,21.91780821917808,10,0,False
ED_1800_900_c08,17,event_driven,1800.0,900.0,1800.0,0.8,39343.200000000026,37128.800000000025,2214.3999999999996,0.33687352917707764,49,7,626.0,27,66,2,1.5629487037658691,0.057886989028365525,0.2480249862208341,40.909090909090914,13,0,False
ED_1800_900_c08,18,event_driven,1800.0,900.0,1800.0,0.8,48605.89999999996,40879.89999999998,7725.999999999978,1.0674968587292222,64,16,1403.0,27,61,8,1.6406188011169434,0.060763659300627534,0.24743401759530792,44.26229508196721,14,0,False
ED_1800_900_c08,19,event_driven,1800.0,900.0,1800.0,0.8,42680.2,37105.1,5575.099999999995,0.8486737746219589,67,17,560.6999999999998,20,68,7,1.2180516719818115,0.06090258359909058,0.18360414945377765,29.411764705882355,12,0,False
ED_1800_900_c08,20,event_driven,1800.0,900.0,1800.0,0.8,40747.59999999999,37971.200000000004,2776.3999999999896,0.41299941841404686,48,6,743.0,23,65,8,1.357696294784546,0.05903027368628461,0.21108663729809105,35.38461538461539,12,0,False
ED_1800_900_c08,21,event_driven,1800.0,900.0,1800.0,0.8,41576.19999999997,38598.99999999998,2977.199999999992,0.43566601537533334,58,11,601.0,27,65,4,1.7238152027130127,0.06384500750788936,0.24752475247524752,41.53846153846154,11,0,False
ED_1800_900_c08,22,event_driven,1800.0,900.0,1800.0,0.8,38754.399999999965,34993.09999999997,3761.2999999999984,0.6071238345543853,47,10,496.0,24,63,8,1.374211072921753,0.057258794705073036,0.2206896551724138,38.095238095238095,13,0,False
ED_1800_900_c08,23,event_driven,1800.0,900.0,1800.0,0.8,42937.39999999995,36603.69999999997,6333.699999999983,0.9773592515282548,70,13,1421.8999999999942,19,68,8,1.2615981101989746,0.06639990053678814,0.17460025730564235,27.941176470588236,12,0,False
ED_1800_900_c08,24,event_driven,1800.0,900.0,1800.0,0.8,41328.799999999974,35522.999999999985,5805.799999999991,0.9231540128930542,54,13,1594.0,20,66,9,1.2004320621490479,0.060021603107452394,0.18397571520559286,30.303030303030305,10,0,False
ED_1800_900_c08,25,event_driven,1800.0,900.0,1800.0,0.8,39514.89999999998,35856.79999999999,3658.0999999999904,0.5762431439736707,50,11,419.6999999999998,18,69,8,0.9965176582336426,0.05536209212409125,0.16551724137931034,26.08695652173913,10,0,False
ED_1800_900_c08,26,event_driven,1800.0,900.0,1800.0,0.8,39067.60000000001,36740.000000000015,2327.5999999999995,0.35784167927880484,53,7,484.0,24,66,5,1.4636657238006592,0.060986071825027466,0.2202036884117809,36.36363636363637,14,0,False
ED_1800_900_c08,27,event_driven,1800.0,900.0,1800.0,0.8,40017.299999999974,35320.799999999996,4696.499999999976,0.751044243518929,52,9,461.0,18,72,5,1.3156335353851318,0.07309075196584065,0.16551724137931034,25.0,9,0,False
ED_1800_900_c08,28,event_driven,1800.0,900.0,1800.0,0.8,41895.39999999999,38344.299999999996,3551.099999999988,0.5230989100977582,51,10,441.0,20,67,8,1.1772356033325195,0.05886178016662598,0.18368846436443792,29.850746268656714,13,0,False
ED_1800_900_c08,29,event_driven,1800.0,900.0,1800.0,0.8,48899.299999999974,39965.59999999999,8933.699999999986,1.2626028164441183,70,15,1548.0,23,68,5,1.631005048751831,0.07091326298921005,0.21077712609970672,33.82352941176471,11,0,False
ED_1800_900_c08,30,event_driven,1800.0,900.0,1800.0,0.8,41699.099999999955,38809.59999999997,2889.4999999999827,0.4205380134789331,64,8,516.0,19,70,7,1.218524694442749,0.06413287865488153,0.1743119266055046,27.142857142857142,11,0,False
ED_1800_900_c08,31,event_driven,1800.0,900.0,1800.0,0.8,39977.999999999985,36529.89999999999,3448.100000000001,0.5331545205073468,50,11,813.1000000000004,27,64,5,1.5802805423736572,0.05852890897680212,0.24834437086092717,42.1875,11,0,False
ED_1800_900_c08,32,event_driven,1800.0,900.0,1800.0,0.8,47524.49999999994,40334.499999999956,7189.9999999999845,1.006871247979975,71,18,2854.0,19,68,8,1.2235157489776611,0.06439556573566638,0.17413619283292092,27.941176470588236,11,0,False
ED_1800_900_c08,33,event_driven,1800.0,900.0,1800.0,0.8,43885.29999999998,37924.39999999999,5960.899999999993,0.8877993940750364,61,20,583.0,22,68,5,1.4829905033111572,0.06740865924141624,0.2015574896930829,32.35294117647059,12,0,False
ED_1800_900_c08,34,event_driven,1800.0,900.0,1800.0,0.8,37178.79999999996,35531.49999999998,1647.2999999999784,0.2618670664151402,46,4,487.0,18,73,4,1.0725724697113037,0.05958735942840576,0.1654868070239956,24.65753424657534,12,0,False
ED_1800_900_c08,35,event_driven,1800.0,900.0,1800.0,0.8,42755.399999999965,36427.99999999997,6327.399999999992,0.9810964153887177,58,12,628.1999999999989,20,69,6,1.1878244876861572,0.05939122438430786,0.1836378661279956,28.985507246376812,12,0,False
ED_1800_900_c08,36,event_driven,1800.0,900.0,1800.0,0.8,38658.89999999999,34880.600000000006,3778.29999999998,0.6118348604372321,50,13,547.0,20,69,6,1.2579495906829834,0.06289747953414918,0.18365472910927455,28.985507246376812,9,0,False
ED_1800_900_c08,37,event_driven,1800.0,900.0,1800.0,0.8,40363.69999999998,34769.399999999994,5594.299999999986,0.9088041101190573,58,9,526.3999999999996,18,67,10,1.1793859004974365,0.06552143891652425,0.16562384983437614,26.865671641791046,9,0,False
ED_1800_900_c08,38,event_driven,1800.0,900.0,1800.0,0.8,37470.89999999995,34557.89999999998,2912.9999999999673,0.47611829282590024,49,5,501.0,23,66,7,1.4502625465393066,0.06305489332779594,0.21131936787945607,34.84848484848485,12,0,False
ED_1800_900_c08,39,event_driven,1800.0,900.0,1800.0,0.8,41643.299999999996,39192.3,2450.9999999999923,0.3532354541608899,61,10,444.0,21,68,6,1.237128496170044,0.058910880770002096,0.1926959075059644,30.88235294117647,11,0,False
ED_1800_900_c08,40,event_driven,1800.0,900.0,1800.0,0.8,42620.800000000025,37227.30000000001,5393.500000000015,0.8183345183611137,69,16,628.0,18,70,7,1.120417594909668,0.062245421939426,0.1654259718775848,25.71428571428571,10,0,False
ED_1800_900_c08,41,event_driven,1800.0,900.0,1800.0,0.8,37357.8,35150.0,2207.7999999999993,0.3547775467775467,49,4,488.0,24,65,7,1.4359593391418457,0.05983163913091024,0.2206693637366679,36.92307692307693,15,0,False
ED_1800_900_c08,42,event_driven,1800.0,900.0,1800.0,0.8,46440.19999999998,36996.099999999984,9444.099999999997,1.441870840499345,68,17,1493.0,28,67,1,1.7437283992767334,0.062276014259883335,0.25711662075298436,41.7910447761194,14,0,False
ED_1800_900_c08,43,event_driven,1800.0,900.0,1800.0,0.8,43258.09999999995,37742.69999999998,5515.399999999965,0.8254024932322939,58,11,1428.3999999999942,22,66,7,1.325631856918335,0.060255993496287956,0.20213156927600148,33.33333333333333,15,0,False
ED_1800_900_c08,44,event_driven,1800.0,900.0,1800.0,0.8,40989.59999999999,37271.7,3717.8999999999933,0.5634303397324661,62,7,491.0,21,66,8,1.3479623794555664,0.06418868473597936,0.19278435692646653,31.818181818181817,11,0,False
ED_1800_900_c08,45,event_driven,1800.0,900.0,1800.0,0.8,39951.29999999995,36756.99999999997,3194.2999999999797,0.49085969122424494,58,12,601.9000000000015,18,74,3,1.124565601348877,0.062475866741604276,0.1651376146788991,24.324324324324326,8,0,False
ED_1800_900_c08,46,event_driven,1800.0,900.0,1800.0,0.8,42305.79999999995,38029.29999999996,4276.4999999999945,0.6351727700529807,58,7,1510.0,22,66,7,1.3465402126312256,0.06120637330141934,0.20181634712411706,33.33333333333333,11,0,False
ED_1800_900_c08,47,event_driven,1800.0,900.0,1800.0,0.8,39248.69999999999,36808.69999999999,2439.999999999999,0.3744217541499162,45,5,380.0,24,65,7,1.5343081951141357,0.06392950812975566,0.22056796250344637,36.92307692307693,11,0,False
ED_1800_900_c08,48,event_driven,1800.0,900.0,1800.0,0.8,40685.599999999984,37784.79999999999,2900.7999999999934,0.43363306042478533,64,12,450.0,18,74,3,1.0084619522094727,0.05602566401163737,0.16509217646519306,24.324324324324326,10,0,False
ED_1800_900_c08,49,event_driven,1800.0,900.0,1800.0,0.8,42184.99999999996,36139.29999999998,6045.699999999981,0.9449059489375685,58,8,1481.699999999997,22,66,7,1.279578447341919,0.058162656697359955,0.20164986251145736,33.33333333333333,11,0,False
ED_1800_1800_c04,0,event_driven,1800.0,1800.0,1800.0,0.4,52058.999999999985,45755.99999999999,6302.9999999999945,0.7133294411842819,69,25,1919.0,19,42,4,181.39223384857178,9.54695967624062,0.22245638683994848,45.23809523809524,11,2,True
ED_1800_1800_c04,1,event_driven,1800.0,1800.0,1800.0,0.4,39517.500000000015,35481.9,4035.6000000000117,0.6424257977190617,53,7,410.0,18,48,9,1.2442450523376465,0.06912472512986925,0.16501650165016502,37.5,12,0,False
ED_1800_1800_c04,2,event_driven,1800.0,1800.0,1800.0,0.4,39364.299999999974,33158.599999999984,6205.699999999987,0.960793332150315,46,15,1429.199999999997,20,41,3,121.26332211494446,6.063166105747223,0.2377273267562106,48.78048780487805,9,2,True
ED_1800_1800_c04,3,event_driven,1800.0,1800.0,1800.0,0.4,40588.39999999995,35561.09999999998,5027.299999999974,0.7985118076144471,59,14,443.0,18,48,4,1.2302391529083252,0.06834661960601807,0.16519823788546256,37.5,9,0,False
ED_1800_1800_c04,4,event_driven,1800.0,1800.0,1800.0,0.4,43683.2,36827.19999999998,6856.000000000011,1.0515352484331955,69,18,614.0,15,48,9,1.088350772857666,0.07255671819051107,0.1374003847210772,31.25,8,0,False
ED_1800_1800_c04,5,event_driven,1800.0,1800.0,1800.0,0.4,42650.99999999998,37959.7,4691.299999999983,0.6980590491471743,57,12,542.0999999999995,19,48,9,1.160005807876587,0.06105293725666247,0.1742799486332783,39.58333333333333,13,0,False
ED_1800_1800_c04,6,event_driven,1800.0,1800.0,1800.0,0.4,37275.299999999996,29949.80000000001,7325.499999999983,1.249280018860248,57,9,1043.0,14,41,7,67.30181837081909,4.807272740772793,0.16676593210244192,34.146341463414636,9,2,True
ED_1800_1800_c04,7,event_driven,1800.0,1800.0,1800.0,0.4,45030.59999999997,38102.29999999999,6928.299999999983,1.0270633196755743,70,15,1439.0999999999913,15,48,8,0.9847123622894287,0.06564749081929525,0.13760205485735252,31.25,9,0,False
ED_1800_1800_c04,8,event_driven,1800.0,1800.0,1800.0,0.4,43650.39999999999,34706.1,8944.299999999987,1.4556677831375917,59,25,1633.0,18,48,8,1.1652181148529053,0.06473433971405029,0.1654259718775848,37.5,7,0,False
ED_1800_1800_c04,9,event_driven,1800.0,1800.0,1800.0,0.4,45290.79999999994,38527.79999999994,6762.999999999999,0.9914867238150701,70,15,525.0,19,48,5,1.2601640224456787,0.06632442223398309,0.17453610141466103,39.58333333333333,10,0,False
ED_1800_1800_c04,10,event_driven,1800.0,1800.0,1800.0,0.4,40743.999999999956,35834.399999999965,4909.599999999991,0.7738694453582934,60,12,1426.0999999999913,16,48,9,0.9770700931549072,0.0610668808221817,0.14691029290239646,33.33333333333333,11,0,False
ED_1800_1800_c04,11,event_driven,1800.0,1800.0,1800.0,0.4,41079.99999999999,36635.29999999999,4444.700000000002,0.6852742729397219,57,9,522.0,18,48,4,1.3230688571929932,0.07350382539961073,0.16524373450839988,37.5,9,0,False
ED_1800_1800_c04,12,event_driven,1800.0,1800.0,1800.0,0.4,49912.200000000004,38711.100000000006,11201.099999999999,1.634356854967997,71,18,1633.0,25,48,4,1.6266658306121826,0.0650666332244873,0.22929468953499038,52.083333333333336,8,0,False
ED_1800_1800_c04,13,event_driven,1800.0,1800.0,1800.0,0.4,43359.0,37558.200000000004,5800.799999999996,0.8723782886761936,63,15,1633.0,21,48,5,1.377608060836792,0.06560038384937104,0.1926605504587156,43.75,13,0,False
ED_1800_1800_c04,14,event_driven,1800.0,1800.0,1800.0,0.4,40274.89999999996,35115.19999999997,5159.699999999988,0.8299482845035756,60,13,1442.699999999997,19,48,9,1.2095232009887695,0.06365911584151418,0.17484126253795895,39.58333333333333,12,0,False
ED_1800_1800_c04,15,event_driven,1800.0,1800.0,1800.0,0.4,43455.60000000002,37562.900000000016,5892.700000000006,0.8860881816431048,67,15,870.6000000000004,20,48,3,1.3286781311035156,0.06643390655517578,0.18355359765051393,41.66666666666667,8,0,False
ED_1800_1800_c04,16,event_driven,1800.0,1800.0,1800.0,0.4,41472.5,36479.59999999999,4992.900000000011,0.77308015836399,63,20,683.0,17,48,4,1.1153035163879395,0.06560608919929056,0.15612085590963357,35.41666666666667,10,0,False
ED_1800_1800_c04,17,event_driven,1800.0,1800.0,1800.0,0.4,42908.49999999997,38730.39999999997,4178.099999999998,0.6093244072350925,65,10,592.0,22,48,6,1.2618801593780518,0.05735818906263872,0.20170532685431375,45.83333333333333,12,0,False
ED_1800_1800_c04,18,event_driven,1800.0,1800.0,1800.0,0.4,45289.49999999998,38486.89999999999,6802.5999999999885,0.9983520866340722,58,17,563.0,20,48,6,1.2638030052185059,0.0631901502609253,0.18358729575913346,41.66666666666667,10,0,False
ED_1800_1800_c04,19,event_driven,1800.0,1800.0,1800.0,0.4,43144.69999999997,40197.799999999996,2946.8999999999755,0.41408055845164005,70,12,529.0,25,48,5,1.5218098163604736,0.06087239265441895,0.22897966660560543,52.083333333333336,12,0,False
ED_1800_1800_c04,20,event_driven,1800.0,1800.0,1800.0,0.4,40322.79999999999,35725.499999999985,4597.299999999999,0.7268524452552668,53,10,546.0,17,48,5,1.0921881198883057,0.06424635999342974,0.156063527035711,35.41666666666667,9,0,False
ED_1800_1800_c04,21,event_driven,1800.0,1800.0,1800.0,0.4,46552.29999999996,39111.299999999996,7440.999999999962,1.0746097576757716,66,17,1433.5999999999913,22,48,9,1.3135035037994385,0.059704704718156296,0.20174232003668044,45.83333333333333,14,0,False
ED_1800_1800_c04,22,event_driven,1800.0,1800.0,1800.0,0.4,41161.99999999994,35734.69999999996,5427.299999999977,0.8578580175879132,55,15,454.2999999999993,24,48,5,1.4410817623138428,0.06004507342974345,0.22103518143304474,50.0,9,0,False
ED_1800_1800_c04,23,event_driven,1800.0,1800.0,1800.0,0.4,41600.49999999994,34999.19999999995,6601.299999999991,1.0653518862220777,62,11,1428.3999999999942,15,48,8,0.9730091094970703,0.06486727396647135,0.13777900248002206,31.25,11,0,False
ED_1800_1800_c04,24,event_driven,1800.0,1800.0,1800.0,0.4,43069.899999999965,35725.39999999998,7344.499999999983,1.1611995577745413,64,17,1594.0,25,48,2,1.5674941539764404,0.06269976615905762,0.22971607093632268,52.083333333333336,9,0,False
ED_1800_1800_c04,25,event_driven,1800.0,1800.0,1800.0,0.4,44104.0,37964.3,6139.699999999999,0.9134683008875341,58,15,611.0,17,48,9,1.0534131526947021,0.061965479570276594,0.15590608950843726,35.41666666666667,8,0,False
ED_1800_1800_c04,26,event_driven,1800.0,1800.0,1800.0,0.4,40971.599999999955,35526.69999999997,5444.899999999985,0.8656787680845628,58,14,518.0,17,48,9,1.1881110668182373,0.06988888628342572,0.15613519470977222,35.41666666666667,9,0,False
ED_1800_1800_c04,27,event_driven,1800.0,1800.0,1800.0,0.4,40555.09999999998,35232.49999999999,5322.59999999998,0.8533006878171114,54,11,562.7000000000003,21,48,7,1.4909484386444092,0.07099754469735282,0.19319227230910763,43.75,10,0,False
ED_1800_1800_c04,28,event_driven,1800.0,1800.0,1800.0,0.4,40773.09999999996,36354.49999999996,4418.599999999997,0.6865121675007662,49,9,483.0,18,48,8,1.1672580242156982,0.06484766801198323,0.1652892561983471,37.5,11,0,False
ED_1800_1800_c04,29,event_driven,1800.0,1800.0,1800.0,0.4,45089.20000000001,40592.900000000016,4496.299999999994,0.6256434873212673,65,13,716.0,18,48,5,1.1186699867248535,0.062148332595825195,0.16475972540045766,37.5,10,0,False
ED_1800_1800_c04,30,event_driven,1800.0,1800.0,1800.0,0.4,41913.99999999998,37449.19999999999,4464.799999999986,0.6734125278927284,59,11,596.0,19,48,6,1.097224235534668,0.05774864397550884,0.17412023460410556,39.58333333333333,10,0,False
ED_1800_1800_c04,31,event_driven,1800.0,1800.0,1800.0,0.4,41475.19999999995,37138.69999999998,4336.499999999969,0.6595297337568832,56,13,602.0,15,48,8,0.9605827331542969,0.06403884887695313,0.13785497656465398,31.25,10,0,False
ED_1800_1800_c04,32,event_driven,1800.0,1800.0,1800.0,0.4,44080.99999999997,39973.19999999998,4107.799999999988,0.5804463715964407,65,12,527.0,21,48,3,1.3595302104949951,0.06473953383309501,0.19237816049835105,43.75,7,0,False
ED_1800_1800_c04,33,event_driven,1800.0,1800.0,1800.0,0.4,42507.99999999997,35360.099999999984,7147.8999999999905,1.141791249098637,57,13,1429.9999999999854,18,48,7,1.1319642066955566,0.06288690037197536,0.16516792071939806,37.5,12,0,False
ED_1800_1800_c04,34,event_driven,1800.0,1800.0,1800.0,0.4,44239.999999999956,38626.799999999974,5613.199999999985,0.8208116507846214,68,11,498.0,23,48,4,1.4098567962646484,0.061298121576723846,0.21095111437219113,47.91666666666667,8,0,False
ED_1800_1800_c04,35,event_driven,1800.0,1800.0,1800.0,0.4,45101.899999999936,38811.99999999995,6289.899999999987,0.9153758382192881,63,13,518.0,17,48,8,1.0000994205474854,0.05882937767926384,0.15592038888379345,35.41666666666667,9,0,False
ED_1800_1800_c04,36,event_driven,1800.0,1800.0,1800.0,0.4,41648.19999999995,37990.09999999997,3658.0999999999876,0.5438847269376788,57,11,521.0,18,48,10,1.2034912109375,0.0668606228298611,0.16501650165016502,37.5,9,0,False
ED_1800_1800_c04,37,event_driven,1800.0,1800.0,1800.0,0.4,46429.79999999992,38816.59999999996,7613.1999999999625,1.107825795387298,74,18,1431.2999999999884,13,48,10,0.8110392093658447,0.062387631489680365,0.11899313501144164,27.083333333333332,10,0,False
ED_1800_1800_c04,38,event_driven,1800.0,1800.0,1800.0,0.4,37249.79999999994,33890.699999999975,3359.0999999999603,0.5598402518088388,48,6,351.0,19,48,5,1.3054649829864502,0.06870868331507633,0.17434391631492016,39.58333333333333,10,0,False
ED_1800_1800_c04,39,event_driven,1800.0,1800.0,1800.0,0.4,41491.69999999998,38232.799999999996,3258.8999999999887,0.481456058327225,60,10,444.0,17,48,7,1.039198398590088,0.06112931756412282,0.155863207114697,35.41666666666667,10,0,False
ED_1800_1800_c04,40,event_driven,1800.0,1800.0,1800.0,0.4,43123.19999999998,37153.09999999999,5970.099999999989,0.907628816325532,63,18,676.6999999999998,19,48,5,1.247074842453003,0.06563551802384227,0.1742639640465927,39.58333333333333,10,0,False
ED_1800_1800_c04,41,event_driven,1800.0,1800.0,1800.0,0.4,45969.89999999994,39369.79999999995,6600.099999999993,0.9469107212707639,57,14,1421.8999999999942,18,48,7,1.0872902870178223,0.06040501594543457,0.16515276630883566,37.5,12,0,False
ED_1800_1800_c04,42,event_driven,1800.0,1800.0,1800.0,0.4,45073.99999999992,37379.19999999994,7694.79999999998,1.162757262427666,62,18,1493.0,27,48,9,1.6848807334899902,0.0624029901292589,0.24777461686702765,56.25,16,0,False
ED_1800_1800_c04,43,event_driven,1800.0,1800.0,1800.0,0.4,44247.89999999997,36365.299999999996,7882.599999999977,1.2243456455273731,57,15,1428.3999999999942,16,48,7,1.0518860816955566,0.06574288010597229,0.14691029290239646,33.33333333333333,14,0,False
ED_1800_1800_c04,44,event_driven,1800.0,1800.0,1800.0,0.4,42875.1,38207.29999999999,4667.800000000008,0.6900612140657905,63,14,569.1000000000004,22,48,6,1.4235646724700928,0.06470748511227695,0.20200165274079515,45.83333333333333,13,0,False
ED_1800_1800_c04,45,event_driven,1800.0,1800.0,1800.0,0.4,37117.600000000006,32961.30000000001,4156.299999999994,0.712236591276555,51,10,400.0,25,48,7,1.5164005756378174,0.06065602302551269,0.23013900395839085,52.083333333333336,11,0,False
ED_1800_1800_c04,46,event_driven,1800.0,1800.0,1800.0,0.4,43194.99999999999,36270.6,6924.399999999992,1.0783236603156858,59,12,1510.0,25,48,4,1.612027645111084,0.06448110580444336,0.22967386311437757,52.083333333333336,13,0,False
ED_1800_1800_c04,47,event_driven,1800.0,1800.0,1800.0,0.4,44723.999999999935,39823.89999999996,4900.0999999999785,0.6949969217502008,62,12,579.8000000000002,20,48,7,1.2842414379119873,0.06421207189559937,0.18338529249954152,41.66666666666667,8,0,False
ED_1800_1800_c04,48,event_driven,1800.0,1800.0,1800.0,0.4,41051.6,35260.799999999996,5790.800000000002,0.9276157865185911,66,13,573.0,17,48,9,1.113966703414917,0.06552745314205394,0.15613519470977222,35.41666666666667,9,0,False
ED_1800_1800_c04,49,event_driven,1800.0,1800.0,1800.0,0.4,42951.79999999995,36853.699999999975,6098.099999999977,0.9346202195929602,63,13,1420.8999999999942,17,48,8,0.887836217880249,0.052225659875308764,0.155863207114697,35.41666666666667,10,0,False
ED_1800_1800_c08,0,event_driven,1800.0,1800.0,1800.0,0.8,52962.39999999998,45780.49999999999,7181.899999999989,0.8123622155206531,72,30,1919.0,17,42,3,181.18789792060852,10.658111642388736,0.19880715705765406,40.476190476190474,11,2,True
ED_1800_1800_c08,1,event_driven,1800.0,1800.0,1800.0,0.8,40008.39999999999,36124.999999999985,3883.4,0.607191938856991,52,9,410.0,15,48,8,1.068711519241333,0.07124743461608887,0.13763993393283172,31.25,10,0,False
ED_1800_1800_c08,2,event_driven,1800.0,1800.0,1800.0,0.8,42999.299999999974,35666.39999999997,7332.899999999999,1.1612833872271333,57,13,1556.0,17,48,6,1.2234539985656738,0.07196788226856905,0.1561065197428834,35.41666666666667,10,0,False
ED_1800_1800_c08,3,event_driven,1800.0,1800.0,1800.0,0.8,40585.69999999995,35558.39999999998,5027.299999999974,0.7985724397542664,59,14,443.0,17,48,4,1.1540675163269043,0.0678863244898179,0.15603487838458008,35.41666666666667,8,0,False
ED_1800_1800_c08,4,event_driven,1800.0,1800.0,1800.0,0.8,43847.79999999996,37502.79999999997,6344.999999999989,0.9556297452134556,70,14,543.0,11,48,3,0.81778883934021,0.07434443994001909,0.10073260073260075,22.916666666666664,6,0,False
ED_1800_1800_c08,5,event_driven,1800.0,1800.0,1800.0,0.8,42223.799999999996,37549.100000000006,4674.699999999992,0.7031952683432997,58,12,542.0999999999995,18,48,8,1.113584280014038,0.061865793334113225,0.1651073197578426,37.5,13,0,False
ED_1800_1800_c08,6,event_driven,1800.0,1800.0,1800.0,0.8,44206.299999999916,36513.699999999946,7692.599999999967,1.189978279114682,67,16,1471.0,12,48,6,0.7718582153320312,0.06432151794433594,0.11020295711268253,25.0,6,0,False
ED_1800_1800_c08,7,event_driven,1800.0,1800.0,1800.0,0.8,45157.699999999975,38461.99999999999,6695.699999999984,0.9832995718337073,68,16,1439.0999999999913,13,48,5,0.8826248645782471,0.06789422035217285,0.11927699788971464,27.083333333333332,9,0,False
ED_1800_1800_c08,8,event_driven,1800.0,1800.0,1800.0,0.8,45633.99999999998,36132.299999999996,9501.699999999984,1.4853453241875767,63,24,1633.0,13,48,6,0.9466447830200195,0.07281882946307842,0.11935365405802423,27.083333333333332,6,0,False
ED_1800_1800_c08,9,event_driven,1800.0,1800.0,1800.0,0.8,45702.19999999997,38265.399999999965,7436.799999999999,1.0977452617367538,73,20,599.2999999999997,19,48,3,1.148122787475586,0.060427515130294,0.17423200366804217,39.58333333333333,12,0,False
ED_1800_1800_c08,10,event_driven,1800.0,1800.0,1800.0,0.8,39750.09999999997,33614.999999999985,6135.099999999986,1.0308850869493422,51,16,1426.0999999999913,13,48,7,0.7270302772521973,0.05592540594247671,0.1195512231009748,27.083333333333332,8,0,False
ED_1800_1800_c08,11,event_driven,1800.0,1800.0,1800.0,0.8,44094.99999999997,37254.69999999998,6840.299999999991,1.0370884688433875,66,15,779.0,16,48,2,1.2204773426055908,0.07627983391284943,0.1467620620069712,33.33333333333333,8,0,False
ED_1800_1800_c08,12,event_driven,1800.0,1800.0,1800.0,0.8,51705.40000000001,39065.100000000006,12640.300000000003,1.8276379515388248,77,21,1645.1000000000058,21,48,1,1.3283498287200928,0.06325475374857585,0.19229008332570277,43.75,7,0,False
ED_1800_1800_c08,13,event_driven,1800.0,1800.0,1800.0,0.8,43569.499999999985,37657.69999999999,5911.799999999996,0.886722377487878,64,15,1633.0,17,48,5,1.1174266338348389,0.06573097846087288,0.155863207114697,35.41666666666667,11,0,False
ED_1800_1800_c08,14,event_driven,1800.0,1800.0,1800.0,0.8,46960.199999999946,35541.59999999997,11418.599999999977,1.8146697991049376,74,25,1442.699999999997,19,48,6,1.2243916988372803,0.06444166835985686,0.17479300827966882,39.58333333333333,11,0,False
ED_1800_1800_c08,15,event_driven,1800.0,1800.0,1800.0,0.8,41988.30000000001,36287.3,5701.000000000009,0.8873973193721438,64,9,870.6000000000004,17,48,1,1.1222100257873535,0.06601235445807963,0.156063527035711,35.41666666666667,8,0,False
ED_1800_1800_c08,16,event_driven,1800.0,1800.0,1800.0,0.8,41204.9999999999,36291.09999999992,4913.899999999981,0.7648000519365664,56,10,433.59999999999127,14,48,0,0.8032205104827881,0.05737289360591343,0.12855831037649218,29.166666666666668,9,0,False
ED_1800_1800_c08,17,event_driven,1800.0,1800.0,1800.0,0.8,44100.599999999955,39244.99999999996,4855.59999999999,0.6988440887689193,58,11,613.0,17,48,4,0.9502801895141602,0.05589883467730354,0.15567765567765568,35.41666666666667,11,0,False
ED_1800_1800_c08,18,event_driven,1800.0,1800.0,1800.0,0.8,46676.19999999992,38103.599999999955,8572.599999999964,1.2707738728272182,71,15,640.7999999999984,18,48,0,1.1774606704711914,0.06541448169284397,0.16497113005224084,37.5,6,0,False
ED_1800_1800_c08,19,event_driven,1800.0,1800.0,1800.0,0.8,42568.59999999998,39150.50000000001,3418.0999999999726,0.4931388045933159,69,15,529.0,20,48,4,1.3032474517822266,0.06516237258911133,0.18336847895846703,41.66666666666667,11,0,False
ED_1800_1800_c08,20,event_driven,1800.0,1800.0,1800.0,0.8,42136.5,37617.59999999999,4518.900000000012,0.6785211247856413,57,8,616.0,15,48,4,0.8884222507476807,0.05922815004984538,0.13747594171020072,31.25,8,0,False
ED_1800_1800_c08,21,event_driven,1800.0,1800.0,1800.0,0.8,44325.09999999997,37996.99999999996,6328.100000000004,0.9406883192339954,64,21,511.0,11,48,4,0.6645948886871338,0.0604177171533758,0.10088966339539578,22.916666666666664,7,0,False
ED_1800_1800_c08,22,event_driven,1800.0,1800.0,1800.0,0.8,43445.29999999996,37726.99999999997,5718.29999999999,0.8561234455633685,65,16,603.0,21,48,3,1.370039463043213,0.06523997443062919,0.1928374655647383,43.75,8,0,False
ED_1800_1800_c08,23,event_driven,1800.0,1800.0,1800.0,0.8,43629.69999999996,36958.39999999997,6671.299999999991,1.0195746664262613,74,13,1428.3999999999942,14,48,4,0.894902229309082,0.06392158780779157,0.1285465062895969,29.166666666666668,11,0,False
ED_1800_1800_c08,24,event_driven,1800.0,1800.0,1800.0,0.8,43719.499999999956,34810.29999999998,8909.199999999977,1.4456150767300022,55,17,1594.0,18,48,3,1.2060034275054932,0.06700019041697185,0.1655324627551959,37.5,6,0,False
ED_1800_1800_c08,25,event_driven,1800.0,1800.0,1800.0,0.8,45916.69999999999,38738.599999999984,7178.100000000008,1.0466158551685663,66,17,611.0,14,48,6,0.8984274864196777,0.06417339188711983,0.12839325018341893,29.166666666666668,5,0,False
ED_1800_1800_c08,26,event_driven,1800.0,1800.0,1800.0,0.8,41267.49999999999,35895.29999999999,5372.200000000003,0.8453495227864023,68,14,518.0,12,48,7,0.807976484298706,0.06733137369155884,0.1100715465052284,25.0,9,0,False
ED_1800_1800_c08,27,event_driven,1800.0,1800.0,1800.0,0.8,43488.79999999994,35716.899999999965,7771.899999999975,1.2290659092985134,57,13,1441.699999999997,14,48,5,0.9042236804962158,0.0645874057497297,0.1284639383373096,29.166666666666668,7,0,False
ED_1800_1800_c08,28,event_driven,1800.0,1800.0,1800.0,0.8,41977.79999999996,37453.39999999996,4524.4,0.6823252948411151,56,10,483.0,14,48,5,0.8913745880126953,0.06366961342947823,0.12844036697247707,29.166666666666668,9,0,False
ED_1800_1800_c08,29,event_driven,1800.0,1800.0,1800.0,0.8,49198.89999999988,39393.89999999992,9804.999999999956,1.4058544066997116,72,11,1548.0,13,48,5,0.7480165958404541,0.05753973814157339,0.11892781996157716,27.083333333333332,5,0,False
ED_1800_1800_c08,30,event_driven,1800.0,1800.0,1800.0,0.8,41912.19999999998,37580.99999999999,4331.199999999987,0.6509709869173409,59,11,722.0,18,48,3,1.0777316093444824,0.05987397829691569,0.16519823788546256,37.5,10,0,False
ED_1800_1800_c08,31,event_driven,1800.0,1800.0,1800.0,0.8,43669.99999999999,38645.999999999985,5024.0000000000055,0.672359364487917,56,15,1572.0,20,41,2,121.1900885105133,6.059504425525665,0.23623907394283014,48.78048780487805,9,2,True
ED_1800_1800_c08,32,event_driven,1800.0,1800.0,1800.0,0.8,42503.7,38126.19999999999,4377.500000000004,0.6485214718660492,60,11,505.0,14,48,2,0.9801797866821289,0.07001284190586635,0.1282991202346041,29.166666666666668,6,0,False
ED_1800_1800_c08,33,event_driven,1800.0,1800.0,1800.0,0.8,40239.89999999998,33349.2,6890.699999999986,1.1670773722696985,51,12,1429.9999999999854,15,48,7,0.9107012748718262,0.06071341832478841,0.13780431786862654,31.25,12,0,False
ED_1800_1800_c08,34,event_driven,1800.0,1800.0,1800.0,0.8,48512.099999999984,37580.4,10931.699999999984,1.643039608793031,76,21,1433.6000000000058,21,48,2,1.336076021194458,0.06362266767592657,0.1924839596700275,43.75,6,0,False
ED_1800_1800_c08,35,event_driven,1800.0,1800.0,1800.0,0.8,45966.599999999955,38771.69999999995,7194.900000000003,1.0481698061917673,66,10,664.6000000000004,15,48,5,1.033414602279663,0.06889430681864421,0.13752635921885026,31.25,9,0,False
ED_1800_1800_c08,36,event_driven,1800.0,1800.0,1800.0,0.8,41490.799999999974,37832.69999999999,3658.0999999999876,0.5461475169584804,57,11,521.0,16,48,8,1.0588700771331787,0.06617937982082367,0.14670823399963323,33.33333333333333,9,0,False
ED_1800_1800_c08,37,event_driven,1800.0,1800.0,1800.0,0.8,45098.49999999992,37361.59999999996,7736.89999999996,1.1696697108296135,67,16,1431.2999999999884,11,48,5,0.7072618007659912,0.06429652734236284,0.10084341767510084,22.916666666666664,10,0,False
ED_1800_1800_c08,38,event_driven,1800.0,1800.0,1800.0,0.8,39234.39999999999,35502.2,3732.1999999999916,0.5937879348879218,57,8,376.0,17,48,4,1.189728021621704,0.06998400127186495,0.15612085590963357,35.41666666666667,9,0,False
ED_1800_1800_c08,39,event_driven,1800.0,1800.0,1800.0,0.8,47019.499999999985,41768.399999999994,5251.099999999988,0.7101076253976517,75,19,494.0,14,48,6,0.8679032325744629,0.06199308804103306,0.1283344027866899,29.166666666666668,7,0,False
ED_1800_1800_c08,40,event_driven,1800.0,1800.0,1800.0,0.8,45215.19999999996,38086.799999999974,7128.399999999985,1.0571565447900542,62,19,1445.2999999999884,14,48,7,0.8633582592010498,0.06166844708578927,0.12838147638697844,29.166666666666668,8,0,False
ED_1800_1800_c08,41,event_driven,1800.0,1800.0,1800.0,0.8,50111.899999999936,38005.299999999945,12106.599999999988,1.7992841542083364,69,22,1421.8999999999942,13,48,4,0.8244099617004395,0.0634161509000338,0.11915673693858844,27.083333333333332,9,0,False
ED_1800_1800_c08,42,event_driven,1800.0,1800.0,1800.0,0.8,50443.19999999995,38685.69999999997,11757.499999999982,1.716667774022299,73,19,1493.0,13,48,5,0.6431279182434082,0.049471378326416016,0.11920044012470199,27.083333333333332,9,0,False
ED_1800_1800_c08,43,event_driven,1800.0,1800.0,1800.0,0.8,43836.79999999998,35947.6,7889.1999999999825,1.239609204068581,56,15,1428.3999999999942,14,48,3,0.9600517749786377,0.06857512678418841,0.12858192505510654,29.166666666666668,11,0,False
ED_1800_1800_c08,44,event_driven,1800.0,1800.0,1800.0,0.8,42875.1,38207.29999999999,4667.800000000008,0.6900612140657905,63,14,569.1000000000004,21,48,2,1.3608427047729492,0.06480203356061663,0.1928197594343954,43.75,13,0,False
ED_1800_1800_c08,45,event_driven,1800.0,1800.0,1800.0,0.8,41331.20000000002,34032.20000000001,7299.0000000000055,1.2114209096478832,54,11,1441.3999999999942,18,48,4,1.151543378829956,0.06397463215721978,0.16551724137931034,37.5,9,0,False
ED_1800_1800_c08,46,event_driven,1800.0,1800.0,1800.0,0.8,43582.59999999999,36088.99999999999,7493.599999999997,1.1728362634622158,63,12,1510.0,23,48,3,1.5540709495544434,0.06756830215454102,0.2112611371360338,47.91666666666667,12,0,False
ED_1800_1800_c08,47,event_driven,1800.0,1800.0,1800.0,0.8,44639.09999999999,39798.5,4840.5999999999885,0.6869960171617252,59,14,579.8000000000002,15,48,6,0.9410138130187988,0.06273425420125325,0.13751375137513752,31.25,6,0,False
ED_1800_1800_c08,48,event_driven,1800.0,1800.0,1800.0,0.8,44678.50000000001,37520.6,7157.900000000008,1.0775503660318948,70,22,638.0,17,48,4,1.1953439712524414,0.07031435125014361,0.15625,35.41666666666667,9,0,False
ED_1800_1800_c08,49,event_driven,1800.0,1800.0,1800.0,0.8,43003.79999999995,35848.699999999975,7155.099999999976,1.1273636388243025,60,13,1420.8999999999942,13,48,5,0.8202848434448242,0.06309883411114033,0.11917858452511919,27.083333333333332,8,0,False
ED_3600_900_c04,0,event_driven,3600.0,900.0,3600.0,0.4,43122.099999999984,38346.39999999998,4775.700000000002,0.7034515095819424,67,16,1574.0,14,44,3,0.8561444282531738,0.06115317344665527,0.12839325018341893,31.818181818181817,10,0,False
ED_3600_900_c04,1,event_driven,3600.0,900.0,3600.0,0.4,40313.99999999997,37011.09999999998,3302.8999999999905,0.5040633933965923,54,7,484.0,18,36,2,1.1832528114318848,0.06573626730177137,0.16530443566902378,50.0,10,0,False
ED_3600_900_c04,2,event_driven,3600.0,900.0,3600.0,0.4,41318.90000000001,37235.89999999999,4083.000000000022,0.6193544343018407,50,14,445.0,17,42,1,1.065523624420166,0.06267786026000977,0.15597761262501147,40.476190476190474,10,0,False
ED_3600_900_c04,3,event_driven,3600.0,900.0,3600.0,0.4,38967.39999999998,35588.59999999999,3378.799999999991,0.5362574124705806,53,12,579.0,17,39,2,1.061805009841919,0.06245911822599523,0.15613519470977222,43.58974358974359,11,0,False
ED_3600_900_c04,4,event_driven,3600.0,900.0,3600.0,0.4,44346.59999999995,38835.899999999965,5510.6999999999825,0.8014844880270925,64,8,1484.2999999999884,19,34,2,1.1753292083740234,0.06185943201968545,0.17416811806765056,55.88235294117647,12,0,False
ED_3600_900_c04,5,event_driven,3600.0,900.0,3600.0,0.4,41241.99999999997,37044.59999999998,4197.399999999995,0.6399958754795895,55,9,555.0,18,33,3,1.1678142547607422,0.06487856970893012,0.16516792071939806,54.54545454545454,11,0,False
ED_3600_900_c04,6,event_driven,3600.0,900.0,3600.0,0.4,41934.59999999999,36397.50000000001,5537.099999999986,0.8592757170708929,51,9,1471.0,18,35,2,1.063359022140503,0.059075501230027944,0.16533480297602646,51.42857142857142,13,0,False
ED_3600_900_c04,7,event_driven,3600.0,900.0,3600.0,0.4,35974.999999999985,32515.399999999987,3459.6000000000004,0.5339766571001219,50,10,516.0,14,33,2,60.88460659980774,4.348900471414838,0.16690510252742013,42.42424242424242,8,2,True
ED_3600_900_c04,8,event_driven,3600.0,900.0,3600.0,0.4,40899.59999999998,35519.499999999985,5380.099999999992,0.8555496756231555,50,15,1633.0,15,39,4,1.0019237995147705,0.06679491996765137,0.13795640577577484,38.46153846153847,8,0,False
ED_3600_900_c04,9,event_driven,3600.0,900.0,3600.0,0.4,41166.59999999995,37300.59999999996,3865.999999999989,0.5854202740043707,58,5,496.0,17,34,4,0.9721634387969971,0.05718608463511748,0.15582034830430797,50.0,13,0,False
ED_3600_900_c04,10,event_driven,3600.0,900.0,3600.0,0.4,41032.99999999989,34848.49999999992,6184.499999999973,1.0024027079854427,53,8,1426.0999999999913,17,34,4,0.9892022609710693,0.058188368292415846,0.15604920139526346,50.0,10,0,False
ED_3600_900_c04,11,event_driven,3600.0,900.0,3600.0,0.4,173545.19999999987,169149.09999999986,4396.099999999995,0.1317502238670351,114,62,4249.699999999997,15,33,3,120.97593879699707,8.065062586466471,0.16144656118824668,45.45454545454545,10,1,True
ED_3600_900_c04,12,event_driven,3600.0,900.0,3600.0,0.4,47300.89999999998,41100.599999999984,6200.299999999995,0.8520915686212539,65,18,1619.0,16,42,2,1.0433919429779053,0.06521199643611908,0.1466275659824047,38.095238095238095,12,0,False
ED_3600_900_c04,13,event_driven,3600.0,900.0,3600.0,0.4,40562.89999999999,37105.69999999998,3457.200000000004,0.5262663504173577,57,17,651.9000000000005,13,38,6,0.8019037246704102,0.06168490189772386,0.11927699788971464,34.21052631578947,11,0,False
ED_3600_900_c04,14,event_driven,3600.0,900.0,3600.0,0.4,43257.499999999956,36145.299999999974,7112.199999999986,1.1114088579540506,61,13,1442.699999999997,17,40,2,1.2087070941925049,0.07110041730544146,0.15620692823669946,42.5,9,0,False
ED_3600_900_c04,15,event_driven,3600.0,900.0,3600.0,0.4,40451.299999999945,37752.899999999965,2698.39999999998,0.4037176505092851,50,10,532.0,16,39,3,0.9600884914398193,0.06000553071498871,0.14693727615024335,41.02564102564102,12,0,False
ED_3600_900_c04,16,event_driven,3600.0,900.0,3600.0,0.4,42101.499999999985,39578.19999999998,2523.300000000003,0.3601094975083692,64,13,554.0,17,36,3,0.9711151123046875,0.05712441837086397,0.15582034830430797,47.22222222222222,15,0,False
ED_3600_900_c04,17,event_driven,3600.0,900.0,3600.0,0.4,39232.50000000001,36703.4,2529.100000000004,0.3892077070202264,55,8,613.0,17,39,2,1.025604248046875,0.06032966164981618,0.15594899550499952,43.58974358974359,12,0,False
ED_3600_900_c04,18,event_driven,3600.0,900.0,3600.0,0.4,38315.99999999998,31903.399999999987,6412.599999999991,0.9771531319205987,57,17,1226.0,15,37,1,120.82429075241089,8.054952716827392,0.1773888363292337,40.54054054054054,12,2,True
ED_3600_900_c04,19,event_driven,3600.0,900.0,3600.0,0.4,42729.29999999995,37171.59999999998,5557.699999999973,0.8445115076037573,66,15,560.6999999999998,15,44,2,0.9403984546661377,0.06269323031107585,0.13752635921885026,34.090909090909086,10,0,False
ED_3600_900_c04,20,event_driven,3600.0,900.0,3600.0,0.4,40848.89999999999,37227.39999999999,3621.4999999999973,0.5494744595245836,52,13,546.0,16,33,5,1.043283462524414,0.06520521640777588,0.14699127239320167,48.484848484848484,12,0,False
ED_3600_900_c04,21,event_driven,3600.0,900.0,3600.0,0.4,47096.199999999924,40691.99999999996,6404.199999999964,0.888950497060195,65,14,1437.4999999999854,16,39,3,0.9741508960723877,0.06088443100452423,0.14661412993677267,41.02564102564102,8,0,False
ED_3600_900_c04,22,event_driven,3600.0,900.0,3600.0,0.4,40787.79999999993,37368.99999999997,3418.7999999999556,0.5167541174605791,54,14,611.0,19,36,1,1.2656009197235107,0.06661057472229004,0.1746965796248621,52.77777777777778,11,0,False
ED_3600_900_c04,23,event_driven,3600.0,900.0,3600.0,0.4,45687.09999999996,38132.399999999965,7554.699999999998,1.1190379361855596,73,12,1726.0,16,42,2,1.0556542873382568,0.06597839295864105,0.14681592952835382,38.095238095238095,14,0,False
ED_3600_900_c04,24,event_driven,3600.0,900.0,3600.0,0.4,40653.49999999998,34022.09999999999,6631.399999999988,1.10094553601568,50,11,1594.0,17,36,3,1.0813441276550293,0.06360847809735466,0.156480117820324,47.22222222222222,9,0,False
ED_3600_900_c04,25,event_driven,3600.0,900.0,3600.0,0.4,40433.39999999996,38174.79999999996,2258.599999999997,0.3341829435378058,59,8,611.0,19,34,2,1.0740296840667725,0.0565278781087775,0.17466446037874608,55.88235294117647,12,0,False
ED_3600_900_c04,26,event_driven,3600.0,900.0,3600.0,0.4,41861.89999999999,32768.59999999999,9093.299999999996,1.3589111083614964,54,12,3225.0,15,32,2,60.987096548080444,4.065806436538696,0.177767243422612,46.875,13,2,True
ED_3600_900_c04,27,event_driven,3600.0,900.0,3600.0,0.4,42016.499999999956,36389.89999999997,5626.599999999985,0.8733471480992068,54,16,1428.3999999999942,17,36,3,1.0507237911224365,0.06180728183073156,0.15627872770729914,47.22222222222222,10,0,False
ED_3600_900_c04,28,event_driven,3600.0,900.0,3600.0,0.4,42617.099999999984,38936.599999999984,3680.4999999999986,0.5339130340542892,48,9,631.0,18,39,1,1.0630030632019043,0.059055725733439125,0.16512246582882306,46.15384615384615,11,0,False
ED_3600_900_c04,29,event_driven,3600.0,900.0,3600.0,0.4,46446.59999999995,38702.59999999999,7743.999999999958,1.1301782093408437,74,15,1548.0,15,39,4,0.9481451511383057,0.0632096767425537,0.13738779996336326,38.46153846153847,11,0,False
ED_3600_900_c04,30,event_driven,3600.0,900.0,3600.0,0.4,44845.99999999997,36796.600000000006,8049.399999999962,1.235598988989242,58,13,2826.0,17,36,3,1.0904488563537598,0.06414405037375058,0.15626436253332107,47.22222222222222,9,0,False
ED_3600_900_c04,31,event_driven,3600.0,900.0,3600.0,0.4,42606.49999999995,38084.19999999995,4522.299999999997,0.6707122811911679,56,13,813.1000000000004,14,36,6,0.8637490272521973,0.06169635908944266,0.12848751835535976,38.88888888888889,11,0,False
ED_3600_900_c04,32,event_driven,3600.0,900.0,3600.0,0.4,46278.79999999988,40825.39999999991,5453.399999999973,0.7544989364248923,64,16,1438.7999999999884,17,36,3,0.9684920310974121,0.05697011947631836,0.15577751305782095,47.22222222222222,10,0,False
ED_3600_900_c04,33,event_driven,3600.0,900.0,3600.0,0.4,42505.19999999999,39451.499999999985,3053.7000000000053,0.43720445175903233,60,12,442.0,18,39,1,1.0876290798187256,0.060423837767706975,0.16483516483516483,46.15384615384615,13,0,False
ED_3600_900_c04,34,event_driven,3600.0,900.0,3600.0,0.4,33823.39999999999,29713.399999999987,4110.000000000001,0.677355854750566,46,4,1245.0,16,31,1,60.99204421043396,3.8120027631521225,0.19118174214362527,51.61290322580645,9,2,True
ED_3600_900_c04,35,event_driven,3600.0,900.0,3600.0,0.4,47827.499999999956,39876.59999999997,7950.899999999985,1.1262113400058948,59,18,1642.0,16,39,3,0.9264974594116211,0.05790609121322632,0.1467620620069712,41.02564102564102,13,0,False
ED_3600_900_c04,36,event_driven,3600.0,900.0,3600.0,0.4,39198.59999999996,36314.39999999998,2884.1999999999825,0.44860925209216557,49,14,547.0,18,37,2,1.127901554107666,0.06266119745042589,0.1652285661832201,48.64864864864865,11,0,False
ED_3600_900_c04,37,event_driven,3600.0,900.0,3600.0,0.4,41168.99999999999,35657.79999999999,5511.200000000002,0.8729982108934266,59,10,526.3999999999996,17,34,4,1.1294903755187988,0.06644061032463522,0.15592038888379345,50.0,10,0,False
ED_3600_900_c04,38,event_driven,3600.0,900.0,3600.0,0.4,37811.59999999995,35123.99999999998,2687.5999999999713,0.4321976395088753,50,7,402.0,18,39,1,1.0436408519744873,0.05798004733191596,0.1653499908138894,46.15384615384615,12,0,False
ED_3600_900_c04,39,event_driven,3600.0,900.0,3600.0,0.4,40972.19999999999,38519.200000000004,2452.999999999983,0.3597013072287715,52,11,533.0,16,45,1,1.0898873805999756,0.06811796128749847,0.1466275659824047,35.55555555555556,10,0,False
ED_3600_900_c04,40,event_driven,3600.0,900.0,3600.0,0.4,41124.699999999975,37078.99999999998,4045.6999999999985,0.6162932189038612,59,15,591.0,14,42,4,0.8274619579315186,0.05910442556653704,0.12861736334405144,33.33333333333333,12,0,False
ED_3600_900_c04,41,event_driven,3600.0,900.0,3600.0,0.4,41117.19999999998,38488.89999999999,2628.2999999999956,0.38571023431073936,50,10,709.0,17,36,3,0.9826669692993164,0.05780393937054802,0.1558774986246103,47.22222222222222,14,0,False
ED_3600_900_c04,42,event_driven,3600.0,900.0,3600.0,0.4,49516.699999892124,40966.09999989216,8550.599999999966,1.1789454110721436,65,22,1493.0,17,34,4,0.99778151512146,0.05869303030126235,0.155734701355808,50.0,12,0,False
ED_3600_900_c04,43,event_driven,3600.0,900.0,3600.0,0.4,46530.29999999995,39316.79999999997,7213.499999999985,1.036309786538695,67,20,1441.3999999999942,16,39,3,0.983527660369873,0.061470478773117065,0.14672168729940394,41.02564102564102,12,0,False
ED_3600_900_c04,44,event_driven,3600.0,900.0,3600.0,0.4,40637.69999999995,38134.59999999997,2503.099999999982,0.3707496344786341,57,18,654.0,17,39,2,0.9591834545135498,0.05642255614785587,0.15566340078747368,43.58974358974359,12,0,False
ED_3600_900_c04,45,event_driven,3600.0,900.0,3600.0,0.4,37234.19999999997,33518.99999999998,3715.1999999999903,0.626055551894627,45,7,449.10000000000036,17,38,2,1.0864315032958984,0.06390773548799403,0.15653775322283608,44.73684210526316,9,0,False
ED_3600_900_c04,46,event_driven,3600.0,900.0,3600.0,0.4,41948.999999999985,36224.999999999985,5724.000000000002,0.8925097262985467,54,12,1510.0,18,38,1,1.14481782913208,0.06360099050733778,0.1651376146788991,47.368421052631575,12,0,False
ED_3600_900_c04,47,event_driven,3600.0,900.0,3600.0,0.4,42655.699999999975,39419.49999999999,3236.1999999999807,0.4637094738491228,56,9,447.2999999999993,16,39,3,0.876333475112915,0.05477084219455719,0.1468563561266636,41.02564102564102,10,0,False
ED_3600_900_c04,48,event_driven,3600.0,900.0,3600.0,0.4,43206.09999999997,40036.39999999999,3169.699999999985,0.44718256935638917,61,18,499.0,17,42,1,1.0713434219360352,0.06302020129035502,0.1558774986246103,40.476190476190474,12,0,False
ED_3600_900_c04,49,event_driven,3600.0,900.0,3600.0,0.4,40752.69999999992,36670.59999999994,4082.0999999999785,0.6287635398312593,65,5,485.90000000000146,17,36,3,1.0783021450042725,0.06342953794142779,0.15599192512387594,47.22222222222222,10,0,False
ED_3600_900_c08,0,event_driven,3600.0,900.0,3600.0,0.8,40705.19999999997,35713.89999999998,4991.2999999999865,0.7894018178473234,61,15,571.0,12,53,2,0.6724140644073486,0.05603450536727905,0.1099102399706906,22.641509433962266,7,0,False
ED_3600_900_c08,1,event_driven,3600.0,900.0,3600.0,0.8,38662.69999999998,35288.499999999985,3374.1999999999935,0.5400815600512378,52,7,395.0,17,42,1,1.079589605331421,0.06350527090184829,0.156063527035711,40.476190476190474,12,0,False
ED_3600_900_c08,2,event_driven,3600.0,900.0,3600.0,0.8,43020.299999999996,39026.29999999998,3994.0000000000146,0.5780593211120852,55,19,455.0,16,42,2,1.0281219482421875,0.06425762176513672,0.1466275659824047,38.095238095238095,10,0,False
ED_3600_900_c08,3,event_driven,3600.0,900.0,3600.0,0.8,38184.699999999975,33972.69999999999,4211.999999999986,0.7002933868328709,47,8,469.0,14,51,1,0.8976325988769531,0.06411661420549665,0.12865282117257856,27.450980392156865,9,0,False
ED_3600_900_c08,4,event_driven,3600.0,900.0,3600.0,0.8,44337.59999999995,38826.899999999965,5510.6999999999825,0.8016702705745593,64,8,1484.2999999999884,18,36,2,1.190988302230835,0.06616601679060194,0.16500137501145842,50.0,12,0,False
ED_3600_900_c08,5,event_driven,3600.0,900.0,3600.0,0.8,40279.89999999999,36182.599999999984,4097.300000000004,0.6396165894322475,52,6,555.0,17,39,2,1.1066501140594482,0.06509706553290873,0.15592038888379345,43.58974358974359,11,0,False
ED_3600_900_c08,6,event_driven,3600.0,900.0,3600.0,0.8,42588.899999999994,35949.4,6639.499999999992,1.043194900867072,56,10,1471.0,17,39,2,1.0473735332489014,0.06161020783817067,0.15619257625872843,43.58974358974359,10,0,False
ED_3600_900_c08,7,event_driven,3600.0,900.0,3600.0,0.8,42903.49999999994,38120.69999999996,4782.799999999979,0.7086684206674111,59,15,1439.0999999999913,17,43,1,1.0499937534332275,0.06176433843724868,0.1559346908824069,39.53488372093023,8,0,False
ED_3600_900_c08,8,event_driven,3600.0,900.0,3600.0,0.8,42247.99999999996,36798.59999999997,5449.399999999995,0.8364483288094512,59,16,1633.0,14,45,3,0.9138963222503662,0.06527830873216901,0.12848751835535976,31.11111111111111,10,0,False
ED_3600_900_c08,9,event_driven,3600.0,900.0,3600.0,0.8,40372.19999999994,36556.49999999995,3815.699999999986,0.589564520252632,55,5,496.0,16,39,3,0.9209434986114502,0.05755896866321564,0.14680245894118726,41.02564102564102,13,0,False
ED_3600_900_c08,10,event_driven,3600.0,900.0,3600.0,0.8,41284.89999999996,36144.799999999974,5140.099999999986,0.8032439606165273,56,12,1426.0999999999913,15,42,3,0.9047088623046875,0.06031392415364583,0.1377283995959967,35.714285714285715,10,0,False
ED_3600_900_c08,11,event_driven,3600.0,900.0,3600.0,0.8,173968.69999999987,169413.79999999987,4554.899999999998,0.13629613892616335,115,63,4249.699999999997,14,36,3,120.84378671646118,8.631699051175799,0.15060240963855423,38.88888888888889,11,1,True
ED_3600_900_c08,12,event_driven,3600.0,900.0,3600.0,0.8,48416.59999999998,40336.49999999997,8080.100000000005,1.1314627236831707,65,22,1619.0,16,42,2,0.9902207851409912,0.06188879907131195,0.14674860130239384,38.095238095238095,9,0,False
ED_3600_900_c08,13,event_driven,3600.0,900.0,3600.0,0.8,42741.79999999999,36323.2,6418.599999999995,0.9981089190960561,60,17,1633.0,16,38,3,1.0280208587646484,0.06425130367279053,0.14691029290239646,42.10526315789473,12,0,False
ED_3600_900_c08,14,event_driven,3600.0,900.0,3600.0,0.8,44176.09999999999,37405.59999999999,6770.499999999996,1.0223646949966,71,13,1442.699999999997,16,48,0,1.0555615425109863,0.06597259640693665,0.14691029290239646,33.33333333333333,9,0,False
ED_3600_900_c08,15,event_driven,3600.0,900.0,3600.0,0.8,41292.89999999996,38859.299999999974,2433.5999999999844,0.35373330377614864,62,13,607.0,14,42,4,1.0989086627960205,0.07849347591400146,0.12822861329913904,33.33333333333333,11,0,False
ED_3600_900_c08,16,event_driven,3600.0,900.0,3600.0,0.8,44555.39999999998,39578.19999999998,4977.2,0.7103146637334653,71,19,554.0,16,39,3,0.957836389541626,0.059864774346351624,0.1466275659824047,41.02564102564102,13,0,False
ED_3600_900_c08,17,event_driven,3600.0,900.0,3600.0,0.8,41264.19999999998,38638.49999999999,2625.699999999988,0.38383676703487085,63,12,554.0,16,41,2,0.880570650100708,0.05503566563129425,0.14672168729940394,39.02439024390244,11,0,False
ED_3600_900_c08,18,event_driven,3600.0,900.0,3600.0,0.8,50782.49999999998,40720.49999999998,10062.0,1.3957027611575081,72,18,1574.0,18,39,1,1.0454912185668945,0.05808284547593859,0.16485026101291328,46.15384615384615,9,0,False
ED_3600_900_c08,19,event_driven,3600.0,900.0,3600.0,0.8,43376.29999999995,37812.99999999997,5563.299999999979,0.8310230535867197,67,15,560.6999999999998,14,47,2,0.8665473461151123,0.06189623900822231,0.12831087892952067,29.78723404255319,8,0,False
ED_3600_900_c08,20,event_driven,3600.0,900.0,3600.0,0.8,40069.999999999985,36568.19999999999,3501.799999999993,0.5408906591573489,52,11,546.0,15,42,3,0.8960747718811035,0.0597383181254069,0.13786764705882354,35.714285714285715,10,0,False
ED_3600_900_c08,21,event_driven,3600.0,900.0,3600.0,0.8,42200.29999999995,37697.29999999996,4502.999999999994,0.6747042221200845,71,12,511.0,13,51,2,0.7698619365692139,0.059220148966862604,0.11906942663491482,25.49019607843137,10,0,False
ED_3600_900_c08,22,event_driven,3600.0,900.0,3600.0,0.8,39009.49999999997,36061.29999999998,2948.1999999999916,0.461782307617038,46,6,409.0,18,42,0,1.0163590908050537,0.0564643939336141,0.1654107700790296,42.857142857142854,11,0,False
ED_3600_900_c08,23,event_driven,3600.0,900.0,3600.0,0.8,42487.799999999974,37665.299999999974,4822.500000000001,0.7231901995782816,72,10,487.0,15,45,2,0.9667775630950928,0.06445183753967285,0.13767783386874713,33.33333333333333,11,0,False
ED_3600_900_c08,24,event_driven,3600.0,900.0,3600.0,0.8,41923.19999999998,34635.59999999999,7287.599999999995,1.1884571791026417,58,16,1428.699999999997,16,42,2,0.934056282043457,0.058378517627716064,0.14691029290239646,38.095238095238095,11,0,False
ED_3600_900_c08,25,event_driven,3600.0,900.0,3600.0,0.8,41639.29999999993,37098.099999999955,4541.1999999999725,0.6914180107739851,60,11,611.0,16,42,2,0.9657504558563232,0.0603594034910202,0.14686983660730676,38.095238095238095,8,0,False
ED_3600_900_c08,26,event_driven,3600.0,900.0,3600.0,0.8,41974.1,32495.500000000007,9478.599999999991,1.4283952230215544,56,13,3225.0,15,35,1,61.00501227378845,4.067000818252564,0.17774617845716317,42.857142857142854,12,2,True
ED_3600_900_c08,27,event_driven,3600.0,900.0,3600.0,0.8,41879.79999999996,36075.59999999997,5804.199999999991,0.9087627825278751,52,15,1606.0,17,40,2,1.0366883277893066,0.06098166634054745,0.15633621482435167,42.5,8,0,False
ED_3600_900_c08,28,event_driven,3600.0,900.0,3600.0,0.8,38622.899999999994,34823.7,3799.1999999999975,0.6162245132601524,42,6,392.0,16,45,1,0.9882802963256836,0.061767518520355225,0.14713996689350745,35.55555555555556,11,0,False
ED_3600_900_c08,29,event_driven,3600.0,900.0,3600.0,0.8,50296.09999999998,41248.29999999999,9047.799999999985,1.2389639341247027,74,18,1548.0,17,40,2,1.1428351402282715,0.06722559648401596,0.15546410608139005,42.5,9,0,False
ED_3600_900_c08,30,event_driven,3600.0,900.0,3600.0,0.8,40011.09999999999,37363.09999999999,2647.9999999999973,0.40031033733376387,52,8,516.0,14,43,4,0.9068436622619629,0.06477454730442592,0.1284168042560998,32.55813953488372,10,0,False
ED_3600_900_c08,31,event_driven,3600.0,900.0,3600.0,0.8,41507.99999999996,36915.49999999997,4592.499999999993,0.7026873520622752,54,10,813.1000000000004,14,39,5,0.8624236583709717,0.061601689883640835,0.12858192505510654,35.8974358974359,10,0,False
ED_3600_900_c08,32,event_driven,3600.0,900.0,3600.0,0.8,41888.299999999996,39398.099999999984,2490.200000000009,0.35701024350730953,63,9,502.0,18,40,1,1.1505184173583984,0.06391768985324436,0.1651073197578426,45.0,10,0,False
ED_3600_900_c08,33,event_driven,3600.0,900.0,3600.0,0.8,39058.40000000001,35660.6,3397.800000000011,0.5381841368560623,49,9,583.0,19,39,0,1.0497980117797852,0.055252526935778166,0.17443995593095848,48.717948717948715,13,0,False
ED_3600_900_c08,34,event_driven,3600.0,900.0,3600.0,0.8,43243.19999999998,37843.29999999999,5399.899999999995,0.8059691957607832,65,13,1599.0,18,42,0,1.0703988075256348,0.05946660041809082,0.1652285661832201,42.857142857142854,10,0,False
ED_3600_900_c08,35,event_driven,3600.0,900.0,3600.0,0.8,45711.09999999999,39130.49999999999,6580.6,0.9498867343157604,65,16,1012.6000000000004,14,42,4,0.8997330665588379,0.06426664761134557,0.1283344027866899,33.33333333333333,11,0,False
ED_3600_900_c08,36,event_driven,3600.0,900.0,3600.0,0.8,39945.09999999998,36907.39999999999,3037.69999999999,0.4648931596969103,45,8,547.0,17,42,1,0.9933652877807617,0.05843325222239775,0.15616388021311775,40.476190476190474,11,0,False
ED_3600_900_c08,37,event_driven,3600.0,900.0,3600.0,0.8,41564.39999999999,36219.29999999999,5345.099999999996,0.8335612338064067,60,14,635.0,16,47,0,0.992840051651001,0.06205250322818756,0.14666788889907417,34.04255319148936,10,0,False
ED_3600_900_c08,38,event_driven,3600.0,900.0,3600.0,0.8,39922.39999999995,36346.69999999997,3575.699999999979,0.5556711060154261,60,9,389.6999999999971,16,45,1,0.9450559616088867,0.05906599760055542,0.14678899082568808,35.55555555555556,10,0,False
ED_3600_900_c08,39,event_driven,3600.0,900.0,3600.0,0.8,41689.4,39356.1,2333.3000000000006,0.33487309212800315,57,12,559.0,17,42,1,1.0423152446746826,0.06131266145145192,0.15604920139526346,40.476190476190474,10,0,False
ED_3600_900_c08,40,event_driven,3600.0,900.0,3600.0,0.8,42017.6,38026.49999999999,3991.100000000007,0.5928270091577271,55,14,602.0,15,48,1,0.8792605400085449,0.058617369333903,0.13767783386874713,31.25,12,0,False
ED_3600_900_c08,41,event_driven,3600.0,900.0,3600.0,0.8,40462.999999999985,36654.99999999998,3808.000000000011,0.5867937000933884,57,8,596.7999999999993,15,45,2,0.8210091590881348,0.05473394393920898,0.1377283995959967,33.33333333333333,13,0,False
ED_3600_900_c08,42,event_driven,3600.0,900.0,3600.0,0.8,51996.29999999993,40407.19999999994,11589.099999999995,1.6199912908568808,86,27,1493.0,16,40,3,1.0295929908752441,0.06434956192970276,0.14658726523133303,40.0,8,0,False
ED_3600_900_c08,43,event_driven,3600.0,900.0,3600.0,0.8,44029.399999999936,39550.499999999956,4478.89999999998,0.6396481004741308,67,18,657.0,14,53,0,0.8448874950408936,0.060349106788635254,0.12845215157353884,26.41509433962264,9,0,False
ED_3600_900_c08,44,event_driven,3600.0,900.0,3600.0,0.8,45709.89999999998,41362.599999999984,4347.299999999992,0.5936541494219194,66,22,576.0,18,38,1,1.1477758884429932,0.06376532713572185,0.16469942355201758,47.368421052631575,12,0,False
ED_3600_900_c08,45,event_driven,3600.0,900.0,3600.0,0.8,40186.79999999984,34192.19999999987,5994.599999999969,0.9902728923909179,52,9,1429.699999999997,17,41,1,1.0520498752593994,0.061885286779964674,0.15633621482435167,41.46341463414634,7,0,False
ED_3600_900_c08,46,event_driven,3600.0,900.0,3600.0,0.8,46162.09999999998,37165.99999999997,8996.100000000006,1.3671941092325335,68,18,1510.0,17,41,1,1.0048902034759521,0.05911118843976189,0.15594899550499952,41.46341463414634,14,0,False
ED_3600_900_c08,47,event_driven,3600.0,900.0,3600.0,0.8,42593.49999999996,38151.09999999997,4442.399999999992,0.6577067859809373,49,15,1633.0,17,42,1,1.042914867401123,0.06134793337653665,0.15600624024961,40.476190476190474,10,0,False
ED_3600_900_c08,48,event_driven,3600.0,900.0,3600.0,0.8,41542.200000000004,38581.40000000001,2960.799999999998,0.4334637820410754,61,17,422.0,15,48,1,0.9726643562316895,0.06484429041544597,0.13757681372099423,31.25,10,0,False
ED_3600_900_c08,49,event_driven,3600.0,900.0,3600.0,0.8,45474.099999999955,38762.29999999997,6711.7999999999865,0.9780277897185293,70,18,574.9999999999991,16,42,2,0.9428877830505371,0.05893048644065857,0.14656041036914905,38.095238095238095,7,0,False
ED_3600_1800_c04,0,event_driven,3600.0,1800.0,3600.0,0.4,44724.89999999995,37934.699999999975,6790.199999999973,1.0110383728522234,71,16,1574.0,15,28,6,0.8581416606903076,0.057209444046020505,0.1374255611543747,53.57142857142857,9,0,False
ED_3600_1800_c04,1,event_driven,3600.0,1800.0,3600.0,0.4,43079.59999999998,38712.599999999984,4366.9999999999945,0.6371659782177282,63,9,516.0,14,31,3,0.9001553058624268,0.06429680756160192,0.12828736369467605,45.16129032258064,11,0,False
ED_3600_1800_c04,2,event_driven,3600.0,1800.0,3600.0,0.4,43008.39999999997,36023.59999999997,6984.8,1.0951877822706955,62,14,1431.0,12,30,6,0.7816557884216309,0.06513798236846924,0.11002108737508023,40.0,9,0,False
ED_3600_1800_c04,3,event_driven,3600.0,1800.0,3600.0,0.4,37688.49999999998,33197.59999999999,4490.899999999987,0.7640968750024807,47,8,430.89999999999964,14,30,4,0.8774774074554443,0.06267695767538888,0.12886597938144329,46.666666666666664,7,0,False
ED_3600_1800_c04,4,event_driven,3600.0,1800.0,3600.0,0.4,47501.09999999999,41349.099999999984,6152.000000000004,0.8403728095813302,73,23,793.0,13,32,3,0.8821861743927002,0.06786047495328464,0.1187214611872146,40.625,8,0,False
ED_3600_1800_c04,5,event_driven,3600.0,1800.0,3600.0,0.4,44728.19999999996,37635.49999999999,7092.699999999969,1.0644753952056851,63,12,607.0,14,29,5,0.849794864654541,0.060699633189610074,0.1284168042560998,48.275862068965516,8,0,False
ED_3600_1800_c04,6,event_driven,3600.0,1800.0,3600.0,0.4,43310.89999999997,35473.09999999999,7837.799999999978,1.2480062512002177,65,14,1471.0,14,32,2,0.9249887466430664,0.06607062476021903,0.12857011663146295,43.75,9,0,False
ED_3600_1800_c04,7,event_driven,3600.0,1800.0,3600.0,0.4,43736.19999999997,37014.69999999999,6721.49999999998,1.025684271502822,67,14,1439.0999999999913,14,31,3,0.8975794315338135,0.06411281653812953,0.1284757272643847,45.16129032258064,9,0,False
ED_3600_1800_c04,8,event_driven,3600.0,1800.0,3600.0,0.4,44292.09999999995,35326.09999999997,8965.999999999976,1.4335893540221194,69,22,1633.0,11,33,4,0.7017765045166016,0.06379786404696378,0.10102865540044086,33.33333333333333,7,0,False
ED_3600_1800_c04,9,event_driven,3600.0,1800.0,3600.0,0.4,44616.39999999996,37834.59999999996,6781.799999999995,1.012459262389221,68,18,525.0,14,30,4,0.9002475738525391,0.06430339813232422,0.12828736369467605,46.666666666666664,10,0,False
ED_3600_1800_c04,10,event_driven,3600.0,1800.0,3600.0,0.4,38010.99999999997,35175.29999999998,2835.699999999991,0.45534880354199475,52,10,485.39999999999964,18,28,2,0.9983525276184082,0.05546402931213379,0.16536518144235185,64.28571428571429,14,0,False
ED_3600_1800_c04,11,event_driven,3600.0,1800.0,3600.0,0.4,40800.19999999998,36492.499999999985,4307.699999999994,0.6667508226513496,59,12,709.0,14,32,2,0.9178705215454102,0.06556218011038643,0.12845215157353884,43.75,9,0,False
ED_3600_1800_c04,12,event_driven,3600.0,1800.0,3600.0,0.4,52428.19999999993,40713.49999999994,11714.69999999999,1.625228611024478,77,24,1650.0,13,32,3,0.7478420734405518,0.057526313341580905,0.11899313501144164,40.625,5,0,False
ED_3600_1800_c04,13,event_driven,3600.0,1800.0,3600.0,0.4,39915.499999999985,36465.9,3449.599999999983,0.534322582087752,56,12,651.9000000000005,17,29,2,1.0373220443725586,0.061018943786621094,0.1561065197428834,58.620689655172406,10,0,False
ED_3600_1800_c04,14,event_driven,3600.0,1800.0,3600.0,0.4,41489.299999999974,30615.09999999997,10874.200000000003,1.7288802245903323,56,17,2831.0,12,28,3,70.39612746238708,5.866343955198924,0.14246705449364833,42.857142857142854,7,2,True
ED_3600_1800_c04,15,event_driven,3600.0,1800.0,3600.0,0.4,44441.00000000002,37890.70000000002,6550.300000000003,0.9764506277845962,71,14,870.6000000000004,15,32,1,0.9547338485717773,0.0636489232381185,0.1377283995959967,46.875,9,0,False
ED_3600_1800_c04,16,event_driven,3600.0,1800.0,3600.0,0.4,45251.50000000001,37964.2,7287.300000000008,1.0842117828647257,69,20,651.1000000000022,10,31,7,0.658804178237915,0.0658804178237915,0.09170105456212746,32.25806451612903,7,0,False
ED_3600_1800_c04,17,event_driven,3600.0,1800.0,3600.0,0.4,43256.50000000002,37595.90000000002,5660.599999999999,0.850440057045032,70,12,592.0,15,31,2,0.9686520099639893,0.06457680066426595,0.13743815283122596,48.38709677419355,10,0,False
ED_3600_1800_c04,18,event_driven,3600.0,1800.0,3600.0,0.4,45308.999999999985,36557.39999999998,8751.600000000004,1.3521780620534922,63,17,1574.0,13,31,4,0.8167827129364014,0.06282943945664626,0.11917858452511919,41.935483870967744,9,0,False
ED_3600_1800_c04,19,event_driven,3600.0,1800.0,3600.0,0.4,41345.799999999974,38286.6,3059.199999999972,0.45131814688787214,58,11,639.0,12,35,1,0.7035720348358154,0.05863100290298462,0.10998075336816059,34.285714285714285,9,0,False
ED_3600_1800_c04,20,event_driven,3600.0,1800.0,3600.0,0.4,43085.199999999975,38311.699999999975,4773.5,0.7037642963743872,61,13,546.0,13,32,3,0.8445987701416016,0.06496913616473858,0.11927699788971464,40.625,8,0,False
ED_3600_1800_c04,21,event_driven,3600.0,1800.0,3600.0,0.4,45451.599999999955,39451.899999999965,5999.69999999999,0.858980565818512,65,17,1427.0999999999913,13,33,2,0.8870279788970947,0.06823292145362267,0.11918951132300357,39.39393939393939,7,0,False
ED_3600_1800_c04,22,event_driven,3600.0,1800.0,3600.0,0.4,40824.29999999998,35080.69999999999,5743.599999999989,0.9247783689456731,58,9,454.2999999999993,14,32,2,0.8816766738891602,0.06297690527779716,0.1286409997243407,43.75,8,0,False
ED_3600_1800_c04,23,event_driven,3600.0,1800.0,3600.0,0.4,41907.19999999995,35559.79999999996,6347.399999999995,1.0082269093962077,64,11,1428.3999999999942,13,31,4,0.7442731857299805,0.05725178351769081,0.11940846881601912,41.935483870967744,10,0,False
ED_3600_1800_c04,24,event_driven,3600.0,1800.0,3600.0,0.4,44208.39999999998,37078.7,7129.69999999998,1.086096674027208,63,19,1594.0,15,29,4,0.8897290229797363,0.05931526819864909,0.13774104683195593,51.724137931034484,7,0,False
ED_3600_1800_c04,25,event_driven,3600.0,1800.0,3600.0,0.4,43612.299999999974,37472.39999999998,6139.899999999996,0.9254895412547445,60,10,611.0,13,30,5,0.8965330123901367,0.06896407787616436,0.11928794274178747,43.333333333333336,9,0,False
ED_3600_1800_c04,26,event_driven,3600.0,1800.0,3600.0,0.4,40445.399999999994,35148.6,5296.799999999994,0.8511914844684846,58,12,518.0,12,35,1,0.7956514358520508,0.06630428632100423,0.1100715465052284,34.285714285714285,7,0,False
ED_3600_1800_c04,27,event_driven,3600.0,1800.0,3600.0,0.4,43400.89999999988,34103.499999999935,9297.39999999994,1.5398708230939455,56,12,2526.9999999999854,15,30,3,0.9528520107269287,0.06352346738179525,0.13780431786862654,50.0,9,0,False
ED_3600_1800_c04,28,event_driven,3600.0,1800.0,3600.0,0.4,40096.99999999998,35364.89999999999,4732.099999999989,0.7557935929456829,48,8,441.0,14,31,3,0.8002960681915283,0.05716400487082345,0.1285465062895969,45.16129032258064,12,0,False
ED_3600_1800_c04,29,event_driven,3600.0,1800.0,3600.0,0.4,48397.399999999914,38628.69999999997,9768.699999999946,1.4283952798632231,75,15,1548.0,15,31,2,0.9600009918212891,0.06400006612141927,0.1371993048568554,48.38709677419355,9,0,False
ED_3600_1800_c04,30,event_driven,3600.0,1800.0,3600.0,0.4,42237.89999999999,36837.3,5400.599999999981,0.8280869638135206,56,11,576.0,15,31,2,0.9747269153594971,0.06498179435729981,0.13784230839919132,48.38709677419355,8,0,False
ED_3600_1800_c04,31,event_driven,3600.0,1800.0,3600.0,0.4,40404.29999999998,35911.09999999999,4493.199999999988,0.7067222565271897,57,9,598.0,10,32,6,0.6435112953186035,0.06435112953186035,0.09192866335723479,31.25,8,0,False
ED_3600_1800_c04,32,event_driven,3600.0,1800.0,3600.0,0.4,44279.19999999998,39932.69999999998,4346.499999999996,0.6147984093126794,70,15,416.0,14,31,3,0.9273488521575928,0.06623920372554234,0.12845215157353884,45.16129032258064,7,0,False
ED_3600_1800_c04,33,event_driven,3600.0,1800.0,3600.0,0.4,41743.80000000002,36575.1,5168.700000000015,0.798210672420178,67,16,447.0,14,32,2,0.8142983913421631,0.05816417081015451,0.12852290461764437,43.75,13,0,False
ED_3600_1800_c04,34,event_driven,3600.0,1800.0,3600.0,0.4,38815.59999999994,33419.39999999997,5396.199999999971,0.9120341826853572,49,6,483.1999999999998,14,32,2,0.8674888610839844,0.061963490077427456,0.128783000643915,43.75,9,0,False
ED_3600_1800_c04,35,event_driven,3600.0,1800.0,3600.0,0.4,45588.49999999991,36844.99999999995,8743.499999999962,1.3403816701686115,64,16,1425.7999999999884,13,34,1,0.7999601364135742,0.06153539510873648,0.11910215300045808,38.23529411764706,8,0,False
ED_3600_1800_c04,36,event_driven,3600.0,1800.0,3600.0,0.4,42926.999999999956,39135.49999999997,3791.499999999982,0.5472199224419053,60,15,490.0,15,31,2,0.9927775859832764,0.06618517239888509,0.13729977116704806,48.38709677419355,9,0,False
ED_3600_1800_c04,37,event_driven,3600.0,1800.0,3600.0,0.4,45003.79999999996,39014.19999999998,5989.5999999999785,0.8671552161255883,68,16,904.0,14,33,1,0.9699242115020752,0.0692803008215768,0.1282051282051282,42.42424242424242,9,0,False
ED_3600_1800_c04,38,event_driven,3600.0,1800.0,3600.0,0.4,39052.79999999995,35393.59999999998,3659.199999999977,0.5839600479083291,59,8,684.0,12,33,3,0.8623175621032715,0.07185979684193929,0.11026371404943491,36.36363636363637,8,0,False
ED_3600_1800_c04,39,event_driven,3600.0,1800.0,3600.0,0.4,44014.09999999999,40753.2,3260.899999999996,0.4519573896064571,68,15,502.0,15,31,2,0.9122099876403809,0.06081399917602539,0.1374003847210772,48.38709677419355,9,0,False
ED_3600_1800_c04,40,event_driven,3600.0,1800.0,3600.0,0.4,44697.19999999996,37320.19999999997,7376.999999999991,1.1164969670551093,62,16,1445.2999999999884,10,35,3,0.5537590980529785,0.05537590980529785,0.09170105456212746,28.57142857142857,8,0,False
ED_3600_1800_c04,41,event_driven,3600.0,1800.0,3600.0,0.4,41052.99999999997,37249.59999999998,3803.3999999999955,0.576729432244659,52,8,488.0,15,29,4,0.900585412979126,0.06003902753194173,0.13761467889908258,51.724137931034484,12,0,False
ED_3600_1800_c04,42,event_driven,3600.0,1800.0,3600.0,0.4,44387.899999999914,37091.399999999936,7296.499999999977,1.111125430752081,56,14,1493.0,15,29,4,0.8751401901245117,0.05834267934163411,0.13747594171020072,51.724137931034484,15,0,False
ED_3600_1800_c04,43,event_driven,3600.0,1800.0,3600.0,0.4,41691.29999999998,36425.19999999998,5266.0999999999985,0.8165990746896274,58,11,733.0,13,33,2,0.8646490573883057,0.06651146595294659,0.11938653687207272,39.39393939393939,11,0,False
ED_3600_1800_c04,44,event_driven,3600.0,1800.0,3600.0,0.4,44685.09999999999,39456.2,5228.899999999998,0.7485430916830796,66,12,569.1000000000004,14,32,2,0.9296157360076904,0.06640112400054932,0.12832263978001834,43.75,10,0,False
ED_3600_1800_c04,45,event_driven,3600.0,1800.0,3600.0,0.4,41856.89999999993,36293.299999999945,5563.599999999984,0.865866957007745,56,13,493.6999999999971,13,34,1,0.9013679027557373,0.0693359925196721,0.11941943781003123,38.23529411764706,5,0,False
ED_3600_1800_c04,46,event_driven,3600.0,1800.0,3600.0,0.4,43284.699999999975,37373.89999999997,5910.800000000005,0.8933046035622981,64,10,1510.0,14,28,6,0.8338983058929443,0.05956416470663888,0.1284050261395946,50.0,12,0,False
ED_3600_1800_c04,47,event_driven,3600.0,1800.0,3600.0,0.4,44720.59999999998,39241.49999999999,5479.099999999981,0.7886518995574434,62,12,579.8000000000002,14,32,2,0.9018518924713135,0.06441799231937953,0.12848751835535976,43.75,7,0,False
ED_3600_1800_c04,48,event_driven,3600.0,1800.0,3600.0,0.4,44865.09999999999,39073.899999999994,5791.2,0.8371504780923857,70,18,521.9999999999995,12,32,4,0.7317383289337158,0.060978194077809654,0.10994044892349977,37.5,7,0,False
ED_3600_1800_c04,49,event_driven,3600.0,1800.0,3600.0,0.4,42499.49999999996,36934.89999999999,5564.599999999975,0.8509788190144674,72,11,377.9000000000001,13,31,4,0.8265659809112549,0.06358199853163499,0.1193207893529142,41.935483870967744,10,0,False
ED_3600_1800_c08,0,event_driven,3600.0,1800.0,3600.0,0.8,44899.799999999945,38989.69999999997,5910.0999999999785,0.8561831221302801,76,19,622.6999999999989,10,33,5,0.6383271217346191,0.06383271217346191,0.09158347834050737,30.303030303030305,8,0,False
ED_3600_1800_c08,1,event_driven,3600.0,1800.0,3600.0,0.8,44514.899999999936,37888.29999999995,6626.599999999986,0.9878872114337935,65,13,1447.8999999999942,13,33,2,0.9329090118408203,0.0717622316800631,0.119233238558195,39.39393939393939,7,0,False
ED_3600_1800_c08,2,event_driven,3600.0,1800.0,3600.0,0.8,42183.399999999994,37415.59999999998,4767.800000000015,0.7197588970646225,55,16,442.0,11,33,4,0.6783106327056885,0.06166460297324441,0.10091743119266054,33.33333333333333,8,0,False
ED_3600_1800_c08,3,event_driven,3600.0,1800.0,3600.0,0.8,40332.599999999984,35778.2,4554.399999999987,0.719009138169407,58,13,570.0,14,32,2,0.8946373462677002,0.06390266759055001,0.12868829855685265,43.75,9,0,False
ED_3600_1800_c08,4,event_driven,3600.0,1800.0,3600.0,0.8,48843.19999999988,39134.69999999991,9708.499999999975,1.401237826737447,79,18,1484.2999999999884,11,35,2,0.7598278522491455,0.06907525929537686,0.10082493125572868,31.428571428571427,7,0,False
ED_3600_1800_c08,5,event_driven,3600.0,1800.0,3600.0,0.8,44736.59999999997,37671.19999999999,7065.399999999977,1.059373307361157,63,10,607.0,13,30,5,0.7701015472412109,0.059238580557016224,0.119233238558195,43.333333333333336,7,0,False
ED_3600_1800_c08,6,event_driven,3600.0,1800.0,3600.0,0.8,43063.29999999997,35207.29999999999,7855.999999999975,1.2603480116183414,62,14,1471.0,11,34,3,0.6934778690338135,0.06304344263943759,0.10112152969295826,32.35294117647059,7,0,False
ED_3600_1800_c08,7,event_driven,3600.0,1800.0,3600.0,0.8,43696.79999999997,37020.29999999999,6676.49999999998,1.0186632679967391,63,11,1439.0999999999913,11,34,3,0.6809241771697998,0.06190219792452725,0.10078797874289902,32.35294117647059,7,0,False
ED_3600_1800_c08,8,event_driven,3600.0,1800.0,3600.0,0.8,44150.89999999993,34900.599999999955,9250.299999999976,1.4970787680655113,68,29,1633.0,11,35,2,0.6769571304321289,0.06154155731201172,0.10096374483708123,31.428571428571427,7,0,False
ED_3600_1800_c08,9,event_driven,3600.0,1800.0,3600.0,0.8,48615.599999999926,39436.399999999936,9179.199999999988,1.3147079715833458,82,23,599.2999999999997,9,37,2,0.5541114807128906,0.06156794230143229,0.08248556502612042,24.324324324324326,5,0,False
ED_3600_1800_c08,10,event_driven,3600.0,1800.0,3600.0,0.8,40547.89999999998,34826.49999999998,5721.399999999998,0.9279278457748877,60,18,537.9999999999995,9,38,1,0.5712761878967285,0.06347513198852539,0.08269778553707617,23.684210526315788,3,0,False
ED_3600_1800_c08,11,event_driven,3600.0,1800.0,3600.0,0.8,43110.79999999997,36407.499999999985,6703.299999999984,1.0399669190248033,65,17,779.0,12,35,1,0.8267836570739746,0.06889863808949788,0.11009174311926606,34.285714285714285,8,0,False
ED_3600_1800_c08,12,event_driven,3600.0,1800.0,3600.0,0.8,42169.29999999998,33074.8,9094.499999999978,1.3383967497695224,65,24,1384.1999999999825,13,29,1,83.78483176231384,6.444987058639526,0.1540101883663073,44.827586206896555,9,2,True
ED_3600_1800_c08,13,event_driven,3600.0,1800.0,3600.0,0.8,40441.599999999984,36465.9,3975.6999999999834,0.6158123520426358,58,13,651.9000000000005,16,30,2,1.0349187850952148,0.06468242406845093,0.14689680499449137,53.333333333333336,9,0,False
ED_3600_1800_c08,14,event_driven,3600.0,1800.0,3600.0,0.8,46904.69999999998,35518.99999999999,11385.69999999999,1.8105925663064086,69,23,1442.699999999997,11,32,5,0.7146143913269043,0.06496494466608221,0.1011680309022349,34.375,9,0,False
ED_3600_1800_c08,15,event_driven,3600.0,1800.0,3600.0,0.8,44326.00000000002,37858.70000000002,6467.300000000003,0.964892735761783,70,14,870.6000000000004,14,34,0,0.8975832462310791,0.06411308901650566,0.1284757272643847,41.17647058823529,9,0,False
ED_3600_1800_c08,16,event_driven,3600.0,1800.0,3600.0,0.8,47182.1,39230.899999999965,7951.200000000032,1.144790805879392,78,25,651.1000000000022,13,34,1,0.7932488918304443,0.061019145525418796,0.11920044012470199,38.23529411764706,6,0,False
ED_3600_1800_c08,17,event_driven,3600.0,1800.0,3600.0,0.8,42970.70000000002,37146.900000000016,5823.800000000004,0.8855347372101127,66,14,592.0,12,34,2,0.6995029449462891,0.05829191207885742,0.11002108737508023,35.294117647058826,9,0,False
ED_3600_1800_c08,18,event_driven,3600.0,1800.0,3600.0,0.8,45840.299999999974,37599.49999999999,8240.799999999983,1.2379668948719045,63,16,640.7999999999984,14,33,1,0.8624379634857178,0.06160271167755127,0.1282521069989007,42.42424242424242,6,0,False
ED_3600_1800_c08,19,event_driven,3600.0,1800.0,3600.0,0.8,39785.79999999996,36311.199999999975,3474.599999999987,0.5404878560158457,57,11,472.0,7,38,3,0.4698061943054199,0.06711517061505999,0.06424375917767988,18.421052631578945,6,0,False
ED_3600_1800_c08,20,event_driven,3600.0,1800.0,3600.0,0.8,43006.499999999985,38001.69999999998,5004.800000000003,0.7438843612172709,58,15,555.0,11,34,3,0.7530174255371094,0.06845612959428267,0.10095447870778268,32.35294117647059,6,0,False
ED_3600_1800_c08,21,event_driven,3600.0,1800.0,3600.0,0.8,43657.79999999993,37397.49999999994,6260.2999999999865,0.9455277979591096,64,21,511.0,11,34,3,0.6573247909545898,0.05975679917768999,0.10090817356205853,32.35294117647059,8,0,False
ED_3600_1800_c08,22,event_driven,3600.0,1800.0,3600.0,0.8,42034.09999999993,36361.39999999995,5672.699999999981,0.8811928142371945,58,10,454.2999999999993,10,35,3,0.5699577331542969,0.05699577331542969,0.09178522257916476,28.57142857142857,4,0,False
ED_3600_1800_c08,23,event_driven,3600.0,1800.0,3600.0,0.8,40361.09999999994,34050.59999999995,6310.499999999994,1.0467928047353967,66,7,1428.3999999999942,9,35,4,0.6046571731567383,0.0671841303507487,0.0826749954069447,25.71428571428571,10,0,False
ED_3600_1800_c08,24,event_driven,3600.0,1800.0,3600.0,0.8,45375.79999999992,36417.19999999995,8958.599999999971,1.3894896663368677,65,21,1432.5999999999913,14,33,1,0.9532532691955566,0.06808951922825404,0.12871196101866322,42.42424242424242,7,0,False
ED_3600_1800_c08,25,event_driven,3600.0,1800.0,3600.0,0.8,45264.899999999994,33114.00000000001,12150.899999999989,1.8415447933114157,63,18,2144.0,8,31,3,60.57517600059509,7.571897000074387,0.09509093070248426,25.806451612903224,6,2,True
ED_3600_1800_c08,26,event_driven,3600.0,1800.0,3600.0,0.8,41211.99999999997,35915.199999999975,5296.799999999994,0.8330230379056499,62,14,518.0,9,37,2,0.6234567165374756,0.06927296850416395,0.08254608823259653,24.324324324324326,5,0,False
ED_3600_1800_c08,27,event_driven,3600.0,1800.0,3600.0,0.8,46501.59999999989,36876.09999999994,9625.499999999945,1.4743481222582804,70,17,2526.9999999999854,13,33,2,0.977095365524292,0.07516118196340707,0.119233238558195,39.39393939393939,7,0,False
ED_3600_1800_c08,28,event_driven,3600.0,1800.0,3600.0,0.8,40096.99999999998,35364.89999999999,4732.099999999989,0.7557935929456829,48,8,441.0,14,33,1,0.8421032428741455,0.06015023163386753,0.1285465062895969,42.42424242424242,12,0,False
ED_3600_1800_c08,29,event_driven,3600.0,1800.0,3600.0,0.8,43037.09999999999,37835.999999999985,5201.100000000006,0.7764468167417751,60,11,422.2999999999997,13,32,3,0.8567547798156738,0.06590421383197491,0.1190040278286342,40.625,5,0,False
ED_3600_1800_c08,30,event_driven,3600.0,1800.0,3600.0,0.8,43613.39999999996,38288.699999999975,5324.69999999998,0.7855001089610754,57,13,518.0,10,35,3,0.7051892280578613,0.07051892280578613,0.09182736455463728,28.57142857142857,6,0,False
ED_3600_1800_c08,31,event_driven,3600.0,1800.0,3600.0,0.8,37364.1,31928.600000000006,5435.4999999999945,0.8490943875311903,47,13,987.0,9,30,3,60.54606223106384,6.727340247895983,0.10736013360372182,30.0,8,2,True
ED_3600_1800_c08,32,event_driven,3600.0,1800.0,3600.0,0.8,44032.79999999993,39583.19999999995,4449.59999999998,0.634938698602069,54,15,586.0,13,33,2,0.859384298324585,0.06610648448650654,0.11938653687207272,39.39393939393939,7,0,False
ED_3600_1800_c08,33,event_driven,3600.0,1800.0,3600.0,0.8,41838.8,36487.19999999999,5351.6000000000095,0.8284472001501552,65,17,583.0,13,33,2,0.8157520294189453,0.06275015610914964,0.11927699788971464,39.39393939393939,9,0,False
ED_3600_1800_c08,34,event_driven,3600.0,1800.0,3600.0,0.8,48733.599999999955,37417.89999999999,11315.69999999997,1.7081410968347395,79,27,1599.0,15,32,1,0.8644258975982666,0.05762839317321777,0.13767783386874713,46.875,6,0,False
ED_3600_1800_c08,35,event_driven,3600.0,1800.0,3600.0,0.8,45160.89999999997,37971.199999999975,7189.699999999999,1.0694935594912425,66,10,664.6000000000004,14,31,3,0.9217178821563721,0.06583699158259801,0.12853470437017994,45.16129032258064,9,0,False
ED_3600_1800_c08,36,event_driven,3600.0,1800.0,3600.0,0.8,43807.999999999956,39852.699999999975,3955.2999999999847,0.5605874953196446,61,17,490.0,13,33,2,0.8344571590423584,0.06418901223402756,0.118982244188175,39.39393939393939,7,0,False
ED_3600_1800_c08,37,event_driven,3600.0,1800.0,3600.0,0.8,43755.49999999994,37845.09999999996,5910.399999999981,0.8821225887213274,69,15,904.0,13,32,3,0.8652544021606445,0.06655803093543419,0.11928794274178747,40.625,9,0,False
ED_3600_1800_c08,38,event_driven,3600.0,1800.0,3600.0,0.8,37611.89999999999,33672.600000000006,3939.299999999983,0.6607910184646136,54,6,388.0,13,33,2,0.7848293781280518,0.06037149062523475,0.11960621952341521,39.39393939393939,8,0,False
ED_3600_1800_c08,39,event_driven,3600.0,1800.0,3600.0,0.8,43950.69999999998,38855.69999999998,5094.999999999996,0.7406468458514874,67,10,436.0,9,37,2,0.6478424072265625,0.07198248969184028,0.08259153895567588,24.324324324324326,5,0,False
ED_3600_1800_c08,40,event_driven,3600.0,1800.0,3600.0,0.8,41345.89999999995,35574.89999999995,5770.999999999998,0.9162819111968663,54,13,676.6999999999998,7,38,3,0.46417784690856934,0.06631112098693848,0.06426735218508997,18.421052631578945,5,0,False
ED_3600_1800_c08,41,event_driven,3600.0,1800.0,3600.0,0.8,46196.59999999996,36351.999999999956,9844.600000000002,1.5296479598746344,65,18,656.0999999999976,9,38,1,0.576134443283081,0.06401493814256456,0.08258396035969903,23.684210526315788,6,0,False
ED_3600_1800_c08,42,event_driven,3600.0,1800.0,3600.0,0.8,46990.69999999997,36713.49999999997,10277.199999999993,1.581141529966894,64,22,1493.0,8,37,3,0.5126516819000244,0.06408146023750305,0.07329363261566652,21.62162162162162,7,0,False
ED_3600_1800_c08,43,event_driven,3600.0,1800.0,3600.0,0.8,41378.29999999999,35650.69999999999,5727.5999999999985,0.9074576067538338,53,14,660.2000000000003,13,34,1,0.8138251304626465,0.06260193311251126,0.11929888960264294,38.23529411764706,11,0,False
ED_3600_1800_c08,44,event_driven,3600.0,1800.0,3600.0,0.8,44612.499999999985,39288.599999999984,5323.899999999998,0.7653940160926921,66,13,569.1000000000004,10,35,3,0.6697137355804443,0.06697137355804443,0.09157509157509157,28.57142857142857,7,0,False
ED_3600_1800_c08,45,event_driven,3600.0,1800.0,3600.0,0.8,41170.39999999996,35691.399999999965,5478.999999999993,0.8670805482922684,64,14,493.6999999999971,13,34,1,0.9180762767791748,0.07062125205993652,0.11937557392102847,38.23529411764706,7,0,False
ED_3600_1800_c08,46,event_driven,3600.0,1800.0,3600.0,0.8,126405.09999999995,122222.39999999994,4182.7000000000135,0.16742808730828332,89,53,4260.0,10,27,3,60.57894730567932,6.0578947305679325,0.12233912405187179,37.03703703703704,7,2,True
ED_3600_1800_c08,47,event_driven,3600.0,1800.0,3600.0,0.8,44086.29999999991,38647.39999999994,5438.899999999962,0.7949000393356245,60,13,579.8000000000002,11,36,1,0.6640832424163818,0.060371203856034714,0.10098228219957771,30.555555555555557,5,0,False
ED_3600_1800_c08,48,event_driven,3600.0,1800.0,3600.0,0.8,45140.599999999984,37730.29999999999,7410.299999999998,1.1093466052424767,69,21,701.0,11,34,3,0.6643855571746826,0.06039868701588024,0.10091743119266054,32.35294117647059,7,0,False
ED_3600_1800_c08,49,event_driven,3600.0,1800.0,3600.0,0.8,42274.99999999997,36470.69999999998,5804.2999999999865,0.8989333210639613,68,8,377.9000000000001,12,33,3,0.778489351272583,0.06487411260604858,0.11006145097679537,36.36363636363637,9,0,False
ED_3600_3600_c04,0,event_driven,3600.0,3600.0,3600.0,0.4,46623.09999999995,38989.79999999999,7633.299999999961,1.1058164606477188,72,21,1633.0,16,25,0,1.1346659660339355,0.07091662287712097,0.14672168729940394,64.0,7,0,False
ED_3600_3600_c04,1,event_driven,3600.0,3600.0,3600.0,0.4,42004.899999999965,37311.09999999997,4693.799999999996,0.7105722684947098,64,12,516.0,9,24,1,0.5747888088226318,0.06386542320251465,0.08250825082508251,37.5,4,0,False
ED_3600_3600_c04,2,event_driven,3600.0,3600.0,3600.0,0.4,45266.99999999994,37640.699999999975,7626.29999999997,1.1444001885146673,59,16,1442.699999999997,14,25,3,1.010664939880371,0.07219035284859794,0.12826385707741642,56.00000000000001,7,0,False
ED_3600_3600_c04,3,event_driven,3600.0,3600.0,3600.0,0.4,40581.89999999995,34663.799999999974,5918.09999999998,0.9643348360569184,58,15,430.89999999999964,11,25,0,0.6893460750579834,0.06266782500527122,0.10101937735329232,44.0,5,0,False
ED_3600_3600_c04,4,event_driven,3600.0,3600.0,3600.0,0.4,45970.60000000002,39058.3,6912.300000000019,0.9996108662922145,65,24,1484.300000000003,15,25,2,1.0667824745178223,0.07111883163452148,0.1375641966250917,60.0,10,0,False
ED_3600_3600_c04,5,event_driven,3600.0,3600.0,3600.0,0.4,44448.099999999984,37649.799999999996,6798.299999999986,1.0199041963300983,67,10,542.0999999999995,11,24,1,0.6302094459533691,0.05729176781394265,0.10073260073260075,45.83333333333333,4,0,False
ED_3600_3600_c04,6,event_driven,3600.0,3600.0,3600.0,0.4,43312.799999999974,35897.49999999999,7415.299999999981,1.1667726715794104,56,11,1471.0,15,25,0,0.9791567325592041,0.06527711550394694,0.13774104683195593,60.0,7,0,False
ED_3600_3600_c04,7,event_driven,3600.0,3600.0,3600.0,0.4,45300.09999999995,38808.999999999956,6491.099999999993,0.9447297117837455,67,12,1439.0999999999913,14,24,0,0.9873054027557373,0.07052181448255267,0.12838147638697844,58.333333333333336,7,0,False
ED_3600_3600_c04,8,event_driven,3600.0,3600.0,3600.0,0.4,42997.29999999997,36036.599999999984,6960.699999999983,1.091015282204238,63,14,1633.0,15,25,3,1.020388126373291,0.06802587509155274,0.13763993393283172,60.0,8,0,False
ED_3600_3600_c04,9,event_driven,3600.0,3600.0,3600.0,0.4,46531.99999999992,38095.69999999994,8436.29999999998,1.2508285452423493,76,19,599.2999999999997,11,24,1,0.6638267040252686,0.060347882184115326,0.10090817356205853,45.83333333333333,5,0,False
ED_3600_3600_c04,10,event_driven,3600.0,3600.0,3600.0,0.4,42325.69999999994,36881.999999999956,5443.699999999986,0.8336839615024084,56,18,537.9999999999995,8,24,1,0.5007483959197998,0.06259354948997498,0.07340122947059363,33.33333333333333,3,0,False
ED_3600_3600_c04,11,event_driven,3600.0,3600.0,3600.0,0.4,43576.29999999994,38949.79999999993,4626.500000000005,0.6709174091034864,59,16,891.0,7,24,1,0.524604082107544,0.0749434403010777,0.06413780465457211,29.166666666666668,3,0,False
ED_3600_3600_c04,12,event_driven,3600.0,3600.0,3600.0,0.4,46295.69999999998,37139.59999999999,9156.099999999991,1.3924994487682283,60,16,1633.0,11,24,1,0.677501916885376,0.061591083353215996,0.10099155343371283,45.83333333333333,6,0,False
ED_3600_3600_c04,13,event_driven,3600.0,3600.0,3600.0,0.4,45731.39999999997,36280.499999999985,9450.899999999985,1.4713690989210877,70,16,1633.0,17,25,2,1.0919959545135498,0.06423505614785587,0.15589179275561668,68.0,8,0,False
ED_3600_3600_c04,14,event_driven,3600.0,3600.0,3600.0,0.4,46947.19999999998,35741.100000000006,11206.09999999998,1.7709581799830805,66,22,1442.699999999997,16,25,2,1.136789083480835,0.07104931771755219,0.1471264367816092,64.0,10,0,False
ED_3600_3600_c04,15,event_driven,3600.0,3600.0,3600.0,0.4,46547.2,38005.59999999999,8541.600000000002,1.2694434620045587,71,19,676.3000000000002,15,25,0,1.1425344944000244,0.07616896629333496,0.13748854262144822,60.0,8,0,False
ED_3600_3600_c04,16,event_driven,3600.0,3600.0,3600.0,0.4,44789.39999999995,37689.19999999997,7100.199999999982,1.0640827179570356,70,19,575.3000000000029,15,25,1,0.9588279724121094,0.06392186482747396,0.13750114584288203,60.0,9,0,False
ED_3600_3600_c04,17,event_driven,3600.0,3600.0,3600.0,0.4,42429.49999999999,37107.700000000004,5321.799999999989,0.810058230561251,62,8,441.0,13,25,1,0.89182448387146,0.0686018833747277,0.11936461298319714,52.0,7,0,False
ED_3600_3600_c04,18,event_driven,3600.0,3600.0,3600.0,0.4,42856.099999999926,36407.69999999993,6448.399999999993,1.0004155925595628,62,11,1422.199999999997,11,24,1,0.6673078536987305,0.06066435033624822,0.10092669052206625,45.83333333333333,9,0,False
ED_3600_3600_c04,19,event_driven,3600.0,3600.0,3600.0,0.4,44575.399999999965,39608.39999999999,4966.99999999998,0.7083185040890956,64,16,588.0,11,24,1,0.7394919395446777,0.06722653995860707,0.10085266342715687,45.83333333333333,6,0,False
ED_3600_3600_c04,20,event_driven,3600.0,3600.0,3600.0,0.4,42557.19999999996,38543.399999999965,4013.7999999999956,0.5882032681640396,61,12,560.0,16,25,0,0.9940145015716553,0.062125906348228455,0.1467351430667645,64.0,7,0,False
ED_3600_3600_c04,21,event_driven,3600.0,3600.0,3600.0,0.4,42022.69999999997,38030.69999999996,3992.000000000009,0.5928952078247273,58,11,442.0,12,25,1,0.817082405090332,0.06809020042419434,0.10999083409715857,48.0,4,0,False
ED_3600_3600_c04,22,event_driven,3600.0,3600.0,3600.0,0.4,43628.799999999974,37843.3,5785.499999999974,0.8635224322809668,67,14,510.0,17,25,2,1.1410717964172363,0.06712187037748449,0.15596330275229356,68.0,9,0,False
ED_3600_3600_c04,23,event_driven,3600.0,3600.0,3600.0,0.4,41401.299999999916,35122.99999999991,6278.300000000005,1.0096531091833347,67,11,513.5,8,24,1,0.49147486686706543,0.06143435835838318,0.0735023888276369,33.33333333333333,3,0,False
ED_3600_3600_c04,24,event_driven,3600.0,3600.0,3600.0,0.4,39530.79999999996,33994.29999999999,5536.499999999973,0.9199218369285074,57,9,479.40000000000146,16,25,0,1.063751220703125,0.06648445129394531,0.14696426931202353,64.0,9,0,False
ED_3600_3600_c04,25,event_driven,3600.0,3600.0,3600.0,0.4,42312.99999999994,36687.69999999995,5625.299999999987,0.8660579029885356,63,10,611.0,11,25,1,0.7235500812530518,0.0657772801139138,0.10093595155074325,44.0,6,0,False
ED_3600_3600_c04,26,event_driven,3600.0,3600.0,3600.0,0.4,45255.69999999995,37482.29999999998,7773.399999999972,1.1714034811977005,72,17,531.2999999999993,8,24,1,0.5198848247528076,0.06498560309410095,0.07333394444953709,33.33333333333333,6,0,False
ED_3600_3600_c04,27,event_driven,3600.0,3600.0,3600.0,0.4,48925.7999999999,37238.19999999998,11687.599999999922,1.7727944617428963,65,20,2526.9999999999854,11,24,1,0.6939191818237305,0.0630835619839755,0.10076951264199341,45.83333333333333,6,0,False
ED_3600_3600_c04,28,event_driven,3600.0,3600.0,3600.0,0.4,42797.69999999999,36702.19999999998,6095.5000000000055,0.9380780299962269,63,11,428.99999999999955,8,24,1,0.5190858840942383,0.06488573551177979,0.0734281780633318,33.33333333333333,3,0,False
ED_3600_3600_c04,29,event_driven,3600.0,3600.0,3600.0,0.4,44722.399999999885,37328.29999999991,7394.099999999975,1.1188421900562546,60,14,1679.0,10,24,1,0.7232880592346191,0.07232880592346191,0.09151642719868217,41.66666666666667,5,0,False
ED_3600_3600_c04,30,event_driven,3600.0,3600.0,3600.0,0.4,42847.899999999965,37681.09999999998,5166.799999999986,0.7744971165041157,61,12,506.0,11,24,1,0.7590897083282471,0.06900815530256792,0.10102865540044086,45.83333333333333,4,0,False
ED_3600_3600_c04,31,event_driven,3600.0,3600.0,3600.0,0.4,44291.29999999993,36864.59999999995,7426.69999999998,1.1379104394680297,50,11,1483.0,8,24,1,0.538144588470459,0.06726807355880737,0.07354293068578784,33.33333333333333,4,0,False
ED_3600_3600_c04,32,event_driven,3600.0,3600.0,3600.0,0.4,43062.699999999946,39498.399999999965,3564.299999999984,0.50970215958671,64,16,633.0,7,24,1,0.4741089344024658,0.06772984777178083,0.06413192853870821,29.166666666666668,3,0,False
ED_3600_3600_c04,33,event_driven,3600.0,3600.0,3600.0,0.4,46657.9999999999,36304.19999999991,10353.799999999988,1.6108853327356993,63,22,785.199999999998,7,24,1,0.4575169086456299,0.06535955837794713,0.0642025130697973,29.166666666666668,3,0,False
ED_3600_3600_c04,34,event_driven,3600.0,3600.0,3600.0,0.4,40794.29999999992,35485.39999999996,5308.899999999962,0.8450386374659405,56,7,486.0,9,24,1,0.573472261428833,0.06371914015875922,0.08268259072117592,37.5,4,0,False
ED_3600_3600_c04,35,event_driven,3600.0,3600.0,3600.0,0.4,43743.79999999995,37434.29999999998,6309.499999999973,0.9520219351042918,58,16,559.0,16,25,1,0.9718449115753174,0.060740306973457336,0.14669478316677365,64.0,8,0,False
ED_3600_3600_c04,36,event_driven,3600.0,3600.0,3600.0,0.4,42815.09999999996,39044.39999999997,3770.69999999999,0.5454876899232546,68,18,493.0,16,25,1,1.0004804134368896,0.0625300258398056,0.14674860130239384,64.0,8,0,False
ED_3600_3600_c04,37,event_driven,3600.0,3600.0,3600.0,0.4,45631.0,36306.6,9324.400000000001,1.4506312932053709,72,16,844.8000000000002,16,25,1,1.0141799449920654,0.06338624656200409,0.14701828539924652,64.0,11,0,False
ED_3600_3600_c04,38,event_driven,3600.0,3600.0,3600.0,0.4,40316.29999999991,36591.29999999994,3724.999999999972,0.5750030714981366,61,9,434.0,8,24,1,0.5446617603302002,0.06808272004127502,0.07332050224544039,33.33333333333333,3,0,False
ED_3600_3600_c04,39,event_driven,3600.0,3600.0,3600.0,0.4,42730.999999999985,39025.09999999999,3705.899999999996,0.5363785454393801,60,15,451.0,16,25,2,1.067030429840088,0.0666894018650055,0.14669478316677365,64.0,8,0,False
ED_3600_3600_c04,40,event_driven,3600.0,3600.0,3600.0,0.4,46799.199999999895,38590.59999999988,8208.600000000017,1.2014599239363881,82,17,676.6999999999998,14,25,1,0.9022719860076904,0.06444799900054932,0.12832263978001834,56.00000000000001,6,0,False
ED_3600_3600_c04,41,event_driven,3600.0,3600.0,3600.0,0.4,43971.599999999984,38054.50000000001,5917.0999999999785,0.8782630579421989,74,11,552.0,17,25,1,1.1031694412231445,0.06489232007194967,0.1559346908824069,68.0,9,0,False
ED_3600_3600_c04,42,event_driven,3600.0,3600.0,3600.0,0.4,50116.59999999999,37324.29999999998,12792.300000000014,1.9358811495783954,72,27,1493.0,12,25,1,0.8764350414276123,0.07303625345230103,0.11006145097679537,48.0,8,0,False
ED_3600_3600_c04,43,event_driven,3600.0,3600.0,3600.0,0.4,48084.60000000001,40089.299999999996,7995.300000000016,1.1264917555074803,72,20,1427.1000000000058,15,25,1,1.0844764709472656,0.07229843139648437,0.13748854262144822,60.0,13,0,False
ED_3600_3600_c04,44,event_driven,3600.0,3600.0,3600.0,0.4,44071.89999999998,37857.899999999965,6214.000000000012,0.9271210802199078,60,17,1366.0,9,24,2,0.6047077178955078,0.06718974643283421,0.08250825082508251,37.5,3,0,False
ED_3600_3600_c04,45,event_driven,3600.0,3600.0,3600.0,0.4,43741.2,34589.1,9152.100000000002,1.4945251284618315,69,17,1441.3999999999942,14,25,0,0.9773721694946289,0.06981229782104492,0.12871196101866322,56.00000000000001,4,0,False
ED_3600_3600_c04,46,event_driven,3600.0,3600.0,3600.0,0.4,47314.499999999905,37404.49999999991,9909.99999999999,1.496482103360957,68,19,1510.0,10,24,1,0.57012939453125,0.057012939453125,0.09174311926605505,41.66666666666667,5,0,False
ED_3600_3600_c04,47,event_driven,3600.0,3600.0,3600.0,0.4,46060.299999999945,40561.69999999996,5498.599999999981,0.7656983403956514,64,21,579.8000000000002,7,24,1,0.47739458084106445,0.06819922583443778,0.06409082585607032,29.166666666666668,4,0,False
ED_3600_3600_c04,48,event_driven,3600.0,3600.0,3600.0,0.4,43999.19999999994,38815.89999999995,5183.299999999986,0.7542553721258829,64,17,521.9999999999995,7,24,3,0.40479183197021484,0.05782740456717355,0.0642968678240103,29.166666666666668,3,0,False
ED_3600_3600_c04,49,event_driven,3600.0,3600.0,3600.0,0.4,44350.29999999997,35684.09999999998,8666.19999999999,1.3717522665541524,68,8,1493.0,11,24,1,0.7197628021240234,0.06543298201127486,0.10107507121198199,45.83333333333333,7,0,False
ED_3600_3600_c08,0,event_driven,3600.0,3600.0,3600.0,0.8,46623.09999999995,38989.79999999999,7633.299999999961,1.1058164606477188,72,21,1633.0,15,25,0,1.07442045211792,0.07162803014119466,0.1375515818431912,60.0,7,0,False
ED_3600_3600_c08,1,event_driven,3600.0,3600.0,3600.0,0.8,42664.19999999994,37970.39999999994,4693.799999999996,0.6982342289528944,66,13,516.0,7,24,1,0.4710710048675537,0.06729585783822196,0.06414368184733803,29.166666666666668,2,0,False
ED_3600_3600_c08,2,event_driven,3600.0,3600.0,3600.0,0.8,44380.69999999994,37265.59999999997,7115.099999999973,1.078436596034592,55,15,1442.699999999997,12,25,0,0.7915055751800537,0.06595879793167114,0.11000091667430562,48.0,6,0,False
ED_3600_3600_c08,3,event_driven,3600.0,3600.0,3600.0,0.8,43074.09999999992,36879.19999999994,6194.899999999981,0.948799692682422,73,10,430.89999999999964,11,25,0,0.7660088539123535,0.06963716853748668,0.10090817356205853,44.0,3,0,False
ED_3600_3600_c08,4,event_driven,3600.0,3600.0,3600.0,0.8,45970.60000000002,39058.3,6912.300000000019,0.9996108662922145,65,24,1484.300000000003,15,25,0,1.0436186790466309,0.06957457860310873,0.1375641966250917,60.0,10,0,False
ED_3600_3600_c08,5,event_driven,3600.0,3600.0,3600.0,0.8,43785.39999999997,37441.299999999996,6344.099999999974,0.9570636621139637,66,13,574.0,8,24,1,0.473862886428833,0.059232860803604126,0.07324665812122322,33.33333333333333,2,0,False
ED_3600_3600_c08,6,event_driven,3600.0,3600.0,3600.0,0.8,43227.89999999998,35471.49999999999,7756.399999999987,1.235100706913287,57,9,1471.0,12,25,0,0.8773581981658936,0.07311318318049113,0.11023332720925959,48.0,5,0,False
ED_3600_3600_c08,7,event_driven,3600.0,3600.0,3600.0,0.8,45300.09999999995,38808.999999999956,6491.099999999993,0.9447297117837455,67,12,1439.0999999999913,14,24,0,0.9916591644287109,0.07083279745919364,0.12838147638697844,58.333333333333336,7,0,False
ED_3600_3600_c08,8,event_driven,3600.0,3600.0,3600.0,0.8,41367.199999999975,34261.699999999975,7105.500000000001,1.1714060492434022,55,12,1633.0,11,25,1,0.8621020317077637,0.07837291197343306,0.10103793515201616,44.0,5,0,False
ED_3600_3600_c08,9,event_driven,3600.0,3600.0,3600.0,0.8,47626.79999999996,38492.29999999995,9134.500000000005,1.3403945238883679,77,25,599.2999999999997,6,24,0,0.4414174556732178,0.0735695759455363,0.05500045833715281,25.0,2,0,False
ED_3600_3600_c08,10,event_driven,3600.0,3600.0,3600.0,0.8,41319.49999999994,35875.79999999996,5443.699999999986,0.8570660965924614,53,20,537.9999999999995,6,24,1,0.3768136501312256,0.06280227502187093,0.0550812448361333,25.0,2,0,False
ED_3600_3600_c08,11,event_driven,3600.0,3600.0,3600.0,0.8,41580.79999999997,37055.09999999996,4525.700000000002,0.689857672896446,61,15,891.0,4,24,1,0.2421741485595703,0.06054353713989258,0.0367140890316659,16.666666666666664,2,0,False
ED_3600_3600_c08,12,event_driven,3600.0,3600.0,3600.0,0.8,46295.69999999998,37139.59999999999,9156.099999999991,1.3924994487682283,60,16,1633.0,10,24,1,0.6029632091522217,0.06029632091522217,0.0918105031215571,41.66666666666667,6,0,False
ED_3600_3600_c08,13,event_driven,3600.0,3600.0,3600.0,0.8,47099.39999999999,38000.89999999999,9098.5,1.3523765877262774,71,18,1485.5999999999913,12,25,0,0.862128496170044,0.07184404134750366,0.11012205194090116,48.0,5,0,False
ED_3600_3600_c08,14,event_driven,3600.0,3600.0,3600.0,0.8,47723.09999999996,36354.29999999998,11368.799999999977,1.7663654703784732,75,25,1442.699999999997,15,25,2,0.9886600971221924,0.0659106731414795,0.13760205485735252,60.0,10,0,False
ED_3600_3600_c08,15,event_driven,3600.0,3600.0,3600.0,0.8,46101.59999999999,37371.39999999999,8730.200000000008,1.3194913639959869,73,20,676.3000000000002,12,25,0,0.9155256748199463,0.07629380623499553,0.11004126547455295,48.0,6,0,False
ED_3600_3600_c08,16,event_driven,3600.0,3600.0,3600.0,0.8,44904.39999999995,37804.19999999997,7100.199999999982,1.0608457889236198,69,19,575.3000000000029,14,25,0,0.9063467979431152,0.06473905699593681,0.12838147638697844,56.00000000000001,9,0,False
ED_3600_3600_c08,17,event_driven,3600.0,3600.0,3600.0,0.8,42616.99999999998,37421.19999999999,5195.799999999989,0.7842534577861062,64,8,576.0,11,25,1,0.7723574638366699,0.07021431489424272,0.10083417361811348,44.0,7,0,False
ED_3600_3600_c08,18,event_driven,3600.0,3600.0,3600.0,0.8,42342.099999999955,37045.29999999997,5296.799999999987,0.8076109252992679,53,13,448.0,5,24,2,0.22934889793395996,0.04586977958679199,0.04590525156077855,20.833333333333336,5,0,False
ED_3600_3600_c08,19,event_driven,3600.0,3600.0,3600.0,0.8,43326.099999999955,37875.399999999965,5450.699999999992,0.8128619190733382,65,16,495.2999999999993,6,24,1,0.3910369873046875,0.06517283121744792,0.05496518871381459,25.0,4,0,False
ED_3600_3600_c08,20,event_driven,3600.0,3600.0,3600.0,0.8,40547.49999999997,36556.699999999975,3990.7999999999956,0.6166158804881663,56,7,560.0,14,25,0,0.8394081592559814,0.059957725661141534,0.12844036697247707,56.00000000000001,6,0,False
ED_3600_3600_c08,21,event_driven,3600.0,3600.0,3600.0,0.8,48254.499999999956,39683.09999999997,8571.399999999989,1.220022662510774,67,17,1595.0,12,25,1,0.828441858291626,0.06903682152430217,0.10989010989010989,48.0,6,0,False
ED_3600_3600_c08,22,event_driven,3600.0,3600.0,3600.0,0.8,43399.59999999998,37641.3,5758.2999999999765,0.8640749202791392,66,14,510.0,15,25,1,1.0264568328857422,0.06843045552571615,0.13763993393283172,60.0,9,0,False
ED_3600_3600_c08,23,event_driven,3600.0,3600.0,3600.0,0.8,40394.499999999935,34077.19999999993,6317.300000000005,1.0471028097417618,65,11,513.5,7,24,1,0.43791890144348145,0.06255984306335449,0.0643915003219575,29.166666666666668,4,0,False
ED_3600_3600_c08,24,event_driven,3600.0,3600.0,3600.0,0.8,42816.799999999974,35801.399999999994,7015.399999999981,1.10681275463658,60,15,1428.699999999997,11,25,0,0.7603275775909424,0.06912068887190385,0.10096374483708123,44.0,5,0,False
ED_3600_3600_c08,25,event_driven,3600.0,3600.0,3600.0,0.8,43389.29999999996,37404.19999999996,5985.099999999998,0.9038008953686878,65,9,611.0,6,24,1,0.33163976669311523,0.05527329444885254,0.05498029872628975,25.0,2,0,False
ED_3600_3600_c08,26,event_driven,3600.0,3600.0,3600.0,0.8,45126.799999999916,37255.89999999994,7870.899999999972,1.1933039059319706,70,15,531.2999999999993,6,24,1,0.37914586067199707,0.06319097677866618,0.05499037668408029,25.0,4,0,False
ED_3600_3600_c08,27,event_driven,3600.0,3600.0,3600.0,0.8,48558.69999999991,36871.099999999984,11687.599999999922,1.7904449480833042,65,20,2526.9999999999854,9,24,1,0.5711088180541992,0.06345653533935547,0.08246289169873557,37.5,6,0,False
ED_3600_3600_c08,28,event_driven,3600.0,3600.0,3600.0,0.8,42669.69999999999,37023.399999999994,5646.299999999994,0.8614089443997008,64,9,428.99999999999955,6,24,1,0.3772249221801758,0.06287082036336263,0.055121727147450617,25.0,3,0,False
ED_3600_3600_c08,29,event_driven,3600.0,3600.0,3600.0,0.8,46477.39999999988,37328.29999999991,9149.09999999997,1.3844009522516167,66,17,1679.0,9,24,1,0.7168481349945068,0.07964979277716742,0.08234971177600879,37.5,4,0,False
ED_3600_3600_c08,30,event_driven,3600.0,3600.0,3600.0,0.8,45885.79999999991,40200.699999999924,5685.099999999981,0.7987782291364057,63,14,657.0,6,24,2,0.33847904205322266,0.05641317367553711,0.0550357732526142,25.0,3,0,False
ED_3600_3600_c08,31,event_driven,3600.0,3600.0,3600.0,0.8,41685.49999999993,36632.399999999936,5053.0999999999885,0.7791377500323675,47,9,813.1000000000004,7,24,1,0.4465517997741699,0.06379311425345284,0.06436781609195402,29.166666666666668,2,0,False
ED_3600_3600_c08,32,event_driven,3600.0,3600.0,3600.0,0.8,43062.699999999946,39498.399999999965,3564.299999999984,0.50970215958671,64,16,633.0,7,24,1,0.46396350860595703,0.06628050122942243,0.06413192853870821,29.166666666666668,3,0,False
ED_3600_3600_c08,33,event_driven,3600.0,3600.0,3600.0,0.8,47220.8999999999,37050.39999999991,10170.499999999993,1.550497712293539,68,22,785.199999999998,6,24,1,0.37489771842956543,0.06248295307159424,0.05501054368754012,25.0,3,0,False
ED_3600_3600_c08,34,event_driven,3600.0,3600.0,3600.0,0.8,42498.399999999885,37188.89999999993,5309.499999999954,0.8064213536007483,60,10,469.0,7,24,1,0.4212069511413574,0.06017242159162249,0.06421429226676452,29.166666666666668,4,0,False
ED_3600_3600_c08,35,event_driven,3600.0,3600.0,3600.0,0.8,42868.99999999995,36514.999999999985,6353.999999999965,0.982873514271565,57,16,495.9999999999991,13,25,0,0.8478062152862549,0.0652158627143273,0.1192113709307657,52.0,6,0,False
ED_3600_3600_c08,36,event_driven,3600.0,3600.0,3600.0,0.8,42933.999999999956,39044.39999999997,3889.5999999999876,0.5626883386971888,69,18,493.0,14,25,0,0.9569087028503418,0.06835062163216728,0.1284168042560998,56.00000000000001,7,0,False
ED_3600_3600_c08,37,event_driven,3600.0,3600.0,3600.0,0.8,45500.79999999996,36325.599999999984,9175.199999999975,1.4266730912622483,70,15,844.8000000000002,13,25,0,0.9406857490539551,0.07236044223491962,0.1195512231009748,52.0,8,0,False
ED_3600_3600_c08,38,event_driven,3600.0,3600.0,3600.0,0.8,40494.59999999995,36802.699999999975,3691.8999999999733,0.5666200971817098,63,4,419.0,6,24,1,0.3726308345794678,0.062105139096577965,0.05510147855634127,25.0,3,0,False
ED_3600_3600_c08,39,event_driven,3600.0,3600.0,3600.0,0.8,43266.999999999985,39659.09999999999,3607.899999999996,0.5138464542081865,60,13,668.0,15,25,1,0.9859893321990967,0.06573262214660644,0.13761467889908258,60.0,7,0,False
ED_3600_3600_c08,40,event_driven,3600.0,3600.0,3600.0,0.8,48369.7,40108.69999999998,8261.000000000018,1.1633643814691847,75,20,676.6999999999998,12,25,0,0.820314884185791,0.06835957368214925,0.10984987184181619,48.0,5,0,False
ED_3600_3600_c08,41,event_driven,3600.0,3600.0,3600.0,0.8,44027.699999999975,38121.50000000001,5906.19999999997,0.8751044556351228,74,13,552.0,11,25,1,0.7803542613983154,0.07094129649075595,0.10090817356205853,44.0,6,0,False
ED_3600_3600_c08,42,event_driven,3600.0,3600.0,3600.0,0.8,49614.40000000001,36822.09999999999,12792.300000000014,1.962283758699501,70,27,1493.0,10,25,1,0.741063117980957,0.07410631179809571,0.09173470323823503,40.0,8,0,False
ED_3600_3600_c08,43,event_driven,3600.0,3600.0,3600.0,0.8,48084.60000000001,40089.299999999996,7995.300000000016,1.1264917555074803,72,20,1427.1000000000058,15,25,0,1.0653152465820312,0.07102101643880208,0.13748854262144822,60.0,13,0,False
ED_3600_3600_c08,44,event_driven,3600.0,3600.0,3600.0,0.8,44307.09999999998,37998.09999999996,6309.000000000012,0.9378219055545054,61,17,1366.0,7,24,1,0.4630601406097412,0.06615144865853446,0.06414368184733803,29.166666666666668,2,0,False
ED_3600_3600_c08,45,event_driven,3600.0,3600.0,3600.0,0.8,44272.399999999994,34976.2,9296.199999999993,1.50125532772018,64,20,1441.3999999999942,14,25,0,0.9836080074310303,0.07025771481650216,0.12865282117257856,56.00000000000001,5,0,False
ED_3600_3600_c08,46,event_driven,3600.0,3600.0,3600.0,0.8,46784.19999999991,36874.19999999992,9909.99999999999,1.5180035047584737,68,19,1510.0,8,24,1,0.46261096000671387,0.05782637000083923,0.07339449541284404,33.33333333333333,5,0,False
ED_3600_3600_c08,47,event_driven,3600.0,3600.0,3600.0,0.8,45522.99999999988,39969.799999999916,5553.199999999965,0.7847531479673715,62,18,579.8000000000002,5,24,1,0.3279547691345215,0.0655909538269043,0.045829514207149404,20.833333333333336,3,0,False
ED_3600_3600_c08,48,event_driven,3600.0,3600.0,3600.0,0.8,44035.09999999994,38847.79999999995,5187.299999999986,0.7542176006233162,65,17,521.9999999999995,5,24,2,0.2661609649658203,0.05323219299316406,0.04591368227731864,20.833333333333336,3,0,False
ED_3600_3600_c08,49,event_driven,3600.0,3600.0,3600.0,0.8,44570.29999999997,35904.09999999998,8666.19999999999,1.3633469451941431,70,8,1493.0,10,24,1,0.6755146980285645,0.06755146980285645,0.09186110600771634,41.66666666666667,7,0,False
ED_5400_1800_c04,0,event_driven,5400.0,1800.0,5400.0,0.4,46514.99999999991,39889.99999999994,6624.999999999973,0.9380879837134513,74,22,1633.0,12,22,1,0.7962296009063721,0.06635246674219768,0.10983981693363845,54.54545454545454,7,0,False
ED_5400_1800_c04,1,event_driven,5400.0,1800.0,5400.0,0.4,44937.99999999994,41566.49999999995,3371.4999999999914,0.45814339870851667,73,11,552.0,10,24,2,0.6788971424102783,0.06788971424102783,0.09147457006952067,41.66666666666667,5,0,False
ED_5400_1800_c04,2,event_driven,5400.0,1800.0,5400.0,0.4,48880.49999999996,41338.49999999996,7541.999999999997,1.0305131567876955,76,21,1431.0,9,24,3,0.6632919311523438,0.07369910346137153,0.08248556502612042,37.5,7,0,False
ED_5400_1800_c04,3,event_driven,5400.0,1800.0,5400.0,0.4,40240.69999999994,35544.29999999995,4696.399999999987,0.7463058403546742,56,14,623.0,11,26,0,0.7007601261138916,0.06370546601035378,0.1009452142791594,42.30769230769231,6,0,False
ED_5400_1800_c04,4,event_driven,5400.0,1800.0,5400.0,0.4,43060.89999999997,36837.09999999997,6223.800000000003,0.9543153774051442,63,15,518.0999999999999,10,26,1,0.7311630249023438,0.07311630249023438,0.09154994049253867,38.46153846153847,8,0,False
ED_5400_1800_c04,5,event_driven,5400.0,1800.0,5400.0,0.4,43703.399999999965,37001.59999999999,6701.799999999974,1.023040167909575,63,12,542.0999999999995,12,23,1,0.7492618560791016,0.0624384880065918,0.11008164388588203,52.17391304347826,7,0,False
ED_5400_1800_c04,6,event_driven,5400.0,1800.0,5400.0,0.4,41666.699999999975,34256.69999999998,7409.999999999992,1.2217839346547008,52,10,1471.0,13,22,0,0.76755690574646,0.05904283890357384,0.11939750183688465,59.09090909090909,7,0,False
ED_5400_1800_c04,7,event_driven,5400.0,1800.0,5400.0,0.4,47089.49999999998,40363.299999999996,6726.199999999984,0.9412496712890862,72,21,1439.0999999999913,11,22,2,0.6795797348022461,0.06177997589111328,0.10077874484654145,50.0,9,0,False
ED_5400_1800_c04,8,event_driven,5400.0,1800.0,5400.0,0.4,43948.09999999997,35037.599999999984,8910.499999999984,1.4364464849943288,69,27,1633.0,10,24,2,0.6568701267242432,0.06568701267242431,0.09182736455463728,41.66666666666667,7,0,False
ED_5400_1800_c04,9,event_driven,5400.0,1800.0,5400.0,0.4,45826.39999999992,38788.29999999993,7038.09999999999,1.0248880135572778,66,16,488.0,11,26,0,0.7258360385894775,0.06598509441722523,0.10086191087474783,42.30769230769231,8,0,False
ED_5400_1800_c04,10,event_driven,5400.0,1800.0,5400.0,0.4,42349.79999999995,36650.89999999997,5698.899999999981,0.8782701436742654,65,15,1426.0999999999913,10,26,1,0.6730890274047852,0.06730890274047852,0.0918189330639978,38.46153846153847,8,0,False
ED_5400_1800_c04,11,event_driven,5400.0,1800.0,5400.0,0.4,43486.09999999999,38767.39999999998,4718.700000000009,0.6875074656303231,61,13,923.0,11,24,1,0.6950991153717041,0.06319082867015492,0.10086191087474783,45.83333333333333,4,0,False
ED_5400_1800_c04,12,event_driven,5400.0,1800.0,5400.0,0.4,39314.399999999994,31571.699999999997,7742.699999999994,1.1794961943766087,62,18,1002.0,9,23,1,60.57642602920532,6.730714003245036,0.10705364577138099,39.130434782608695,8,2,True
ED_5400_1800_c04,13,event_driven,5400.0,1800.0,5400.0,0.4,40148.89999999998,35770.49999999999,4378.399999999988,0.6913725795597712,56,16,651.9000000000005,11,22,2,0.7249493598937988,0.06590448726307262,0.10101010101010101,50.0,9,0,False
ED_5400_1800_c04,14,event_driven,5400.0,1800.0,5400.0,0.4,41765.2,36478.899999999994,5286.300000000001,0.8185247175403131,62,11,1442.699999999997,11,22,2,0.7090871334075928,0.06446246667341753,0.10121457489878542,50.0,11,0,False
ED_5400_1800_c04,15,event_driven,5400.0,1800.0,5400.0,0.4,46523.600000000006,40038.8,6484.800000000007,0.9148233905419444,77,18,870.6000000000004,12,24,0,0.7463140487670898,0.062192837397257485,0.10990017400860884,50.0,6,0,False
ED_5400_1800_c04,16,event_driven,5400.0,1800.0,5400.0,0.4,43654.999999999985,36619.09999999998,7035.900000000009,1.0852598060202856,69,19,651.1000000000022,13,22,0,0.7036561965942383,0.05412739973801833,0.1192113709307657,59.09090909090909,8,0,False
ED_5400_1800_c04,17,event_driven,5400.0,1800.0,5400.0,0.4,43944.09999999999,38733.3,5210.799999999989,0.7598740817134276,75,13,438.0,10,24,2,0.5718793869018555,0.05718793869018555,0.09160864785635764,41.66666666666667,9,0,False
ED_5400_1800_c04,18,event_driven,5400.0,1800.0,5400.0,0.4,46611.699999999946,38566.19999999996,8045.499999999984,1.1783326640118326,65,16,1388.0999999999913,10,26,1,0.7001686096191406,0.07001686096191406,0.09174311926605505,38.46153846153847,6,0,False
ED_5400_1800_c04,19,event_driven,5400.0,1800.0,5400.0,0.4,42088.099999999984,38155.5,3932.599999999987,0.5821626683520755,63,12,521.0,10,28,0,0.5729529857635498,0.05729529857635498,0.09155832265152902,35.714285714285715,6,0,False
ED_5400_1800_c04,20,event_driven,5400.0,1800.0,5400.0,0.4,42653.00000000001,39428.0,3225.0000000000073,0.4620050234841763,57,12,595.0,13,21,1,0.7580082416534424,0.05830832628103403,0.11933174224343676,61.904761904761905,9,0,False
ED_5400_1800_c04,21,event_driven,5400.0,1800.0,5400.0,0.4,42897.399999999994,35150.79999999998,7746.6000000000095,1.064959228873184,59,17,2063.0,9,23,1,60.54921531677246,6.727690590752496,0.10669828097213989,39.130434782608695,8,2,True
ED_5400_1800_c04,22,event_driven,5400.0,1800.0,5400.0,0.4,40570.199999999975,34585.699999999975,5984.500000000002,0.9773565502378285,55,12,601.0,9,26,2,0.6160101890563965,0.06844557656182183,0.0827053850395148,34.61538461538461,7,0,False
ED_5400_1800_c04,23,event_driven,5400.0,1800.0,5400.0,0.4,43180.599999999955,36340.099999999984,6840.499999999974,1.0632207795396633,66,12,1428.3999999999942,10,24,2,0.685260534286499,0.0685260534286499,0.09190331770976932,41.66666666666667,11,0,False
ED_5400_1800_c04,24,event_driven,5400.0,1800.0,5400.0,0.4,41617.79999999992,34204.39999999994,7413.399999999977,1.2242135546856558,50,8,1432.5999999999913,11,26,0,0.6608710289001465,0.060079184445467865,0.10117733627667404,42.30769230769231,5,0,False
ED_5400_1800_c04,25,event_driven,5400.0,1800.0,5400.0,0.4,43647.299999999945,37891.09999999997,5756.199999999977,0.8580653968409906,67,17,611.0,11,24,1,0.7508859634399414,0.06826236031272194,0.10098228219957771,45.83333333333333,7,0,False
ED_5400_1800_c04,26,event_driven,5400.0,1800.0,5400.0,0.4,42509.19999999994,37186.599999999955,5322.599999999982,0.8084610177729724,66,18,532.6999999999971,11,22,2,0.7176041603088379,0.065236741846258,0.10092669052206625,50.0,8,0,False
ED_5400_1800_c04,27,event_driven,5400.0,1800.0,5400.0,0.4,45389.099999999904,35869.399999999965,9519.699999999943,1.4990664239383127,56,16,2526.9999999999854,11,23,2,0.7335011959075928,0.06668192690069025,0.10087116001834022,47.82608695652174,8,0,False
ED_5400_1800_c04,28,event_driven,5400.0,1800.0,5400.0,0.4,40992.99999999999,36077.3,4915.699999999987,0.7696141950146524,59,8,441.0,10,26,1,0.67633056640625,0.067633056640625,0.09182736455463728,38.46153846153847,9,0,False
ED_5400_1800_c04,29,event_driven,5400.0,1800.0,5400.0,0.4,48424.59999999998,38592.199999999975,9832.399999999998,1.4390693649818556,72,13,1679.0,10,24,2,0.6032166481018066,0.06032166481018066,0.09160025648071815,41.66666666666667,8,0,False
ED_5400_1800_c04,30,event_driven,5400.0,1800.0,5400.0,0.4,45059.299999999974,39538.999999999985,5520.299999999986,0.7886035459772764,76,14,667.0,11,23,2,0.7457311153411865,0.06779373775828969,0.10088041085840058,47.82608695652174,7,0,False
ED_5400_1800_c04,31,event_driven,5400.0,1800.0,5400.0,0.4,42335.299999999974,37650.89999999999,4684.399999999985,0.7027491630090752,60,11,598.0,11,24,1,0.7473769187927246,0.06794335625388405,0.10112152969295826,45.83333333333333,7,0,False
ED_5400_1800_c04,32,event_driven,5400.0,1800.0,5400.0,0.4,44845.19999999998,40760.39999999998,4084.7999999999993,0.5660490773688879,71,17,428.0,10,26,1,0.6604018211364746,0.06604018211364746,0.09160864785635764,38.46153846153847,8,0,False
ED_5400_1800_c04,33,event_driven,5400.0,1800.0,5400.0,0.4,42495.09999999998,36249.39999999998,6245.699999999993,0.973199829241584,58,18,640.0,13,21,1,0.7123010158538818,0.054792385834913984,0.119233238558195,61.904761904761905,10,0,False
ED_5400_1800_c04,34,event_driven,5400.0,1800.0,5400.0,0.4,45502.09999999994,37454.099999999955,8047.999999999988,1.213697140391414,73,17,1599.0,11,24,1,0.7566955089569092,0.06879050081426447,0.10092669052206625,45.83333333333333,6,0,False
ED_5400_1800_c04,35,event_driven,5400.0,1800.0,5400.0,0.4,43281.69999999997,36505.99999999998,6775.699999999986,1.0483629064739004,63,16,541.3999999999942,10,26,1,0.6654481887817383,0.06654481887817383,0.09166743056192135,38.46153846153847,7,0,False
ED_5400_1800_c04,36,event_driven,5400.0,1800.0,5400.0,0.4,40549.799999999945,37022.19999999996,3527.5999999999804,0.5381939829271406,57,12,494.0,9,25,3,0.6018121242523193,0.06686801380581325,0.08262186725419994,36.0,5,0,False
ED_5400_1800_c04,37,event_driven,5400.0,1800.0,5400.0,0.4,43765.59999999997,37801.99999999998,5963.599999999993,0.8910774533122553,68,16,635.0,11,24,1,0.7488422393798828,0.06807656721635298,0.10090817356205853,45.83333333333333,9,0,False
ED_5400_1800_c04,38,event_driven,5400.0,1800.0,5400.0,0.4,37315.399999999965,33610.19999999998,3705.1999999999844,0.6226762270820302,53,8,427.0,10,28,0,0.6468682289123535,0.06468682289123535,0.09176837661741764,35.714285714285715,8,0,False
ED_5400_1800_c04,39,event_driven,5400.0,1800.0,5400.0,0.4,46317.89999999999,42566.09999999999,3751.7999999999975,0.4978488918243791,67,20,672.0,11,24,1,0.6685576438903809,0.06077796762639826,0.10067728354384037,45.83333333333333,9,0,False
ED_5400_1800_c04,40,event_driven,5400.0,1800.0,5400.0,0.4,47851.29999999994,40281.899999999936,7569.4,1.0613857083959057,64,17,1692.0,9,28,1,0.565762996673584,0.06286255518595378,0.08235724743777453,32.142857142857146,5,0,False
ED_5400_1800_c04,41,event_driven,5400.0,1800.0,5400.0,0.4,45325.29999999998,37538.59999999998,7786.700000000003,1.1716478446244618,60,16,1633.0,9,26,2,0.6289784908294678,0.06988649898105198,0.0825233816247937,34.61538461538461,8,0,False
ED_5400_1800_c04,42,event_driven,5400.0,1800.0,5400.0,0.4,47023.19999999998,39203.599999999984,7819.599999999999,1.1266274155804712,64,19,1493.0,11,22,2,0.6028907299041748,0.054808248173106804,0.10076951264199341,50.0,8,0,False
ED_5400_1800_c04,43,event_driven,5400.0,1800.0,5400.0,0.4,45889.0999999999,37905.199999999924,7983.899999999972,1.189701537659072,64,17,1427.0999999999913,11,24,1,0.7567007541656494,0.06879097765142267,0.10081569058748051,45.83333333333333,12,0,False
ED_5400_1800_c04,44,event_driven,5400.0,1800.0,5400.0,0.4,41999.79999999996,36796.799999999974,5202.999999999982,0.7986665586782966,53,12,576.0,11,24,1,0.6972579956054688,0.06338709050958807,0.10068649885583525,45.83333333333333,7,0,False
ED_5400_1800_c04,45,event_driven,5400.0,1800.0,5400.0,0.4,39736.399999999965,34190.29999999997,5546.0999999999985,0.9162342265766342,53,12,468.7000000000007,9,28,1,0.5391943454742432,0.05991048283047146,0.0827129859387924,32.142857142857146,7,0,False
ED_5400_1800_c04,46,event_driven,5400.0,1800.0,5400.0,0.4,43456.499999999956,36109.39999999996,7347.099999999997,1.1492576557795042,62,16,1510.0,10,24,2,0.6691279411315918,0.06691279411315917,0.09160025648071815,41.66666666666667,8,0,False
ED_5400_1800_c04,47,event_driven,5400.0,1800.0,5400.0,0.4,45590.89999999991,40483.49999999993,5107.399999999977,0.712596272772639,69,10,579.8000000000002,11,23,2,0.707294225692749,0.06429947506297719,0.10080645161290322,47.82608695652174,4,0,False
ED_5400_1800_c04,48,event_driven,5400.0,1800.0,5400.0,0.4,42637.09999999999,37019.99999999999,5617.100000000001,0.8570328482970302,60,19,521.9999999999995,10,23,3,0.6142425537109375,0.06142425537109375,0.09178522257916476,43.47826086956522,7,0,False
ED_5400_1800_c04,49,event_driven,5400.0,1800.0,5400.0,0.4,42536.69999999999,35152.1,7384.59999999999,1.186581102762496,70,8,1420.8999999999942,10,23,3,0.6652488708496094,0.06652488708496093,0.0918189330639978,43.47826086956522,6,0,False
ED_5400_1800_c08,0,event_driven,5400.0,1800.0,5400.0,0.8,45974.99999999994,38591.39999999995,7383.599999999989,1.0806855732305443,78,21,1574.0,10,27,1,0.6080288887023926,0.060802888870239255,0.09169264624977076,37.03703703703704,3,0,False
ED_5400_1800_c08,1,event_driven,5400.0,1800.0,5400.0,0.8,42661.59999999993,39291.79999999994,3369.7999999999943,0.48442207749747734,66,11,516.0,9,28,1,0.603644609451294,0.06707162327236599,0.08237232289950577,32.142857142857146,8,0,False
ED_5400_1800_c08,2,event_driven,5400.0,1800.0,5400.0,0.8,45284.89999999998,34582.69999999999,10702.199999999986,1.4973007946637111,58,17,2124.0,8,23,2,60.51797318458557,7.564746648073196,0.09492168960607499,34.78260869565217,9,2,True
ED_5400_1800_c08,3,event_driven,5400.0,1800.0,5400.0,0.8,40240.69999999994,35544.29999999995,4696.399999999987,0.7463058403546742,56,14,623.0,11,26,0,0.7139885425567627,0.06490804932334206,0.1009452142791594,42.30769230769231,6,0,False
ED_5400_1800_c08,4,event_driven,5400.0,1800.0,5400.0,0.8,46289.299999999945,40006.39999999994,6282.900000000005,0.8870587848801355,77,18,518.0999999999999,8,30,1,0.5587224960327148,0.06984031200408936,0.07303934994978545,26.666666666666668,5,0,False
ED_5400_1800_c08,5,event_driven,5400.0,1800.0,5400.0,0.8,43532.09999999998,34762.099999999984,8769.99999999999,1.4250014802340458,61,10,1633.0,12,25,0,0.7410356998443604,0.06175297498703003,0.11020295711268253,48.0,5,0,False
ED_5400_1800_c08,6,event_driven,5400.0,1800.0,5400.0,0.8,45036.99999999996,37853.79999999998,7183.19999999998,1.0718405962001032,63,14,1471.0,10,24,2,0.6460778713226318,0.06460778713226319,0.09167583425009168,41.66666666666667,7,0,False
ED_5400_1800_c08,7,event_driven,5400.0,1800.0,5400.0,0.8,48397.29999999994,41314.599999999955,7082.699999999984,0.9683158065134402,72,23,1439.0999999999913,9,26,2,0.5803933143615723,0.0644881460401747,0.08231958291411323,34.61538461538461,6,0,False
ED_5400_1800_c08,8,event_driven,5400.0,1800.0,5400.0,0.8,45883.59999999998,36739.39999999997,9144.200000000006,1.405838340932547,70,21,1633.0,6,30,3,0.40707969665527344,0.06784661610921223,0.05507618872774004,20.0,3,0,False
ED_5400_1800_c08,9,event_driven,5400.0,1800.0,5400.0,0.8,46741.99999999995,37719.499999999956,9022.49999999999,1.3510850554024512,70,22,599.2999999999997,10,28,0,0.6558730602264404,0.06558730602264404,0.09173470323823503,35.714285714285715,7,0,False
ED_5400_1800_c08,10,event_driven,5400.0,1800.0,5400.0,0.8,42779.699999999975,36467.99999999999,6311.699999999981,0.9775886009350937,64,16,1426.0999999999913,13,21,1,0.7885284423828125,0.060656034029447116,0.11954022988505747,61.904761904761905,10,0,False
ED_5400_1800_c08,11,event_driven,5400.0,1800.0,5400.0,0.8,44610.000000000015,37370.00000000001,7240.00000000001,1.0943020051930956,63,19,779.0,10,28,0,0.664055585861206,0.0664055585861206,0.09165062780680049,35.714285714285715,5,0,False
ED_5400_1800_c08,12,event_driven,5400.0,1800.0,5400.0,0.8,46545.39999999998,36698.19999999998,9847.199999999993,1.5156178872982418,70,19,1633.0,10,26,1,0.6557936668395996,0.06557936668395996,0.09164222873900293,38.46153846153847,7,0,False
ED_5400_1800_c08,13,event_driven,5400.0,1800.0,5400.0,0.8,43645.89999999997,37935.99999999997,5709.900000000003,0.8501561334068727,57,11,1619.0,8,30,1,0.5202953815460205,0.06503692269325256,0.07328691828508611,26.666666666666668,4,0,False
ED_5400_1800_c08,14,event_driven,5400.0,1800.0,5400.0,0.8,49631.39999999991,38224.99999999994,11406.399999999965,1.685476997822319,81,27,1442.699999999997,9,28,1,0.575747013092041,0.06397189034356011,0.08266740148801323,32.142857142857146,6,0,False
ED_5400_1800_c08,15,event_driven,5400.0,1800.0,5400.0,0.8,44631.10000000002,37845.20000000001,6785.900000000012,1.0127876045191864,71,16,870.6000000000004,9,30,0,0.6196179389953613,0.06884643766615126,0.08256123291441153,30.0,5,0,False
ED_5400_1800_c08,16,event_driven,5400.0,1800.0,5400.0,0.8,45630.200000000055,36224.40000000002,9405.80000000003,1.4666154838745724,65,20,1424.5,9,28,1,0.631781816482544,0.07019797960917155,0.08258396035969903,32.142857142857146,6,0,False
ED_5400_1800_c08,17,event_driven,5400.0,1800.0,5400.0,0.8,44123.09999999999,38912.3,5210.799999999989,0.7563785941522527,75,13,438.0,9,26,2,0.5047831535339355,0.05608701705932617,0.08244778307072187,34.61538461538461,8,0,False
ED_5400_1800_c08,18,event_driven,5400.0,1800.0,5400.0,0.8,52379.399999999856,39477.9999999999,12901.39999999996,1.8458798306916233,75,23,1433.5999999999913,9,28,1,0.5050594806671143,0.05611772007412381,0.08253094910591473,32.142857142857146,6,0,False
ED_5400_1800_c08,19,event_driven,5400.0,1800.0,5400.0,0.8,43679.69999999998,38579.700000000004,5099.999999999982,0.7466774859989399,61,16,1401.0,7,32,1,0.3848567008972168,0.0549795286996024,0.0642319691686548,21.875,5,0,False
ED_5400_1800_c08,20,event_driven,5400.0,1800.0,5400.0,0.8,43350.30000000001,38198.9,5151.400000000009,0.76172137630452,60,14,1381.6000000000058,11,24,1,0.6342413425445557,0.05765830386768688,0.10086191087474783,45.83333333333333,6,0,False
ED_5400_1800_c08,21,event_driven,5400.0,1800.0,5400.0,0.8,44419.99999999995,38179.999999999956,6239.9999999999945,0.9231460001496673,64,17,511.0,8,26,3,0.5080630779266357,0.06350788474082947,0.07327349331379374,30.76923076923077,5,0,False
ED_5400_1800_c08,22,event_driven,5400.0,1800.0,5400.0,0.8,41531.89999999996,35970.499999999956,5561.400000000003,0.8732918045938454,60,14,601.0,9,28,1,0.5023753643035889,0.05581948492262098,0.08261428309161005,32.142857142857146,5,0,False
ED_5400_1800_c08,23,event_driven,5400.0,1800.0,5400.0,0.8,41742.699999999946,36886.99999999995,4855.7,0.7435329817795195,64,12,499.0,7,32,1,0.4928627014160156,0.07040895734514509,0.06429096252755327,21.875,5,0,False
ED_5400_1800_c08,24,event_driven,5400.0,1800.0,5400.0,0.8,44568.89999999999,35849.90000000001,8718.99999999998,1.3737270681920424,61,17,1594.0,9,30,0,0.6103627681732178,0.06781808535257976,0.08263703975759802,30.0,6,0,False
ED_5400_1800_c08,25,event_driven,5400.0,1800.0,5400.0,0.8,45103.29999999995,38081.799999999974,7021.49999999998,1.0414397717256278,71,18,611.0,8,30,1,0.6058611869812012,0.07573264837265015,0.07344165978151107,26.666666666666668,5,0,False
ED_5400_1800_c08,26,event_driven,5400.0,1800.0,5400.0,0.8,42731.49999999994,37408.89999999996,5322.599999999982,0.8036567897884305,68,18,532.6999999999971,10,26,1,0.6427974700927734,0.06427974700927734,0.091726288754357,38.46153846153847,7,0,False
ED_5400_1800_c08,27,event_driven,5400.0,1800.0,5400.0,0.8,39955.799999999974,35021.49999999998,4934.299999999992,0.7958157571338038,47,9,562.7000000000003,8,32,0,0.49286389350891113,0.06160798668861389,0.07348213465601176,25.0,3,0,False
ED_5400_1800_c08,28,event_driven,5400.0,1800.0,5400.0,0.8,42572.399999999994,37606.59999999999,4965.8,0.7458420760022078,64,9,441.0,8,30,1,0.5505900382995605,0.06882375478744507,0.07342143906020558,26.666666666666668,6,0,False
ED_5400_1800_c08,29,event_driven,5400.0,1800.0,5400.0,0.8,50924.99999999988,40654.49999999993,10270.499999999956,1.426936639348546,80,16,1548.0,9,30,0,0.5496134757995605,0.06106816397772895,0.08223684210526315,30.0,4,0,False
ED_5400_1800_c08,30,event_driven,5400.0,1800.0,5400.0,0.8,41166.599999999984,35722.1,5444.499999999983,0.8608802547848657,52,9,492.40000000000146,11,27,0,0.6696362495422363,0.060876022685657845,0.1009730126675234,40.74074074074074,4,0,False
ED_5400_1800_c08,31,event_driven,5400.0,1800.0,5400.0,0.8,42798.2,38195.700000000004,4602.4999999999945,0.6806142697093764,55,14,813.1000000000004,8,30,1,0.5331072807312012,0.06663841009140015,0.07340796476417691,26.666666666666668,5,0,False
ED_5400_1800_c08,32,event_driven,5400.0,1800.0,5400.0,0.8,45142.09999999995,41010.79999999996,4131.299999999985,0.5689973169222522,71,17,428.0,10,26,1,0.6490654945373535,0.06490654945373535,0.09160864785635764,38.46153846153847,8,0,False
ED_5400_1800_c08,33,event_driven,5400.0,1800.0,5400.0,0.8,43317.89999999992,37235.79999999992,6082.099999999995,0.9226024299313993,64,19,527.7999999999984,8,30,1,0.45647501945495605,0.05705937743186951,0.07341470129393411,26.666666666666668,8,0,False
ED_5400_1800_c08,34,event_driven,5400.0,1800.0,5400.0,0.8,44521.8999999999,35220.299999999945,9301.599999999957,1.4917166433081923,61,20,661.6999999999989,9,28,1,0.6119120121002197,0.06799022356669109,0.0826294528094014,32.142857142857146,3,0,False
ED_5400_1800_c08,35,event_driven,5400.0,1800.0,5400.0,0.8,44236.099999999955,37251.29999999996,6984.799999999994,1.059093416697044,65,14,664.6000000000004,7,30,2,0.4647359848022461,0.06639085497174944,0.06410843483835515,23.333333333333332,5,0,False
ED_5400_1800_c08,36,event_driven,5400.0,1800.0,5400.0,0.8,41676.49999999997,38144.89999999999,3531.5999999999804,0.522945890048698,60,16,468.0,9,28,1,0.5590715408325195,0.06211906009250217,0.08262186725419994,32.142857142857146,4,0,False
ED_5400_1800_c08,37,event_driven,5400.0,1800.0,5400.0,0.8,43000.59999999996,36928.59999999998,6071.999999999987,0.9287325056674545,64,14,635.0,9,28,1,0.5841634273529053,0.06490704748365614,0.0825233816247937,32.142857142857146,7,0,False
ED_5400_1800_c08,38,event_driven,5400.0,1800.0,5400.0,0.8,39161.199999999946,35482.49999999998,3678.69999999997,0.5856011050177143,58,9,443.0,9,30,0,0.6053872108459473,0.0672652456495497,0.0826749954069447,30.0,6,0,False
ED_5400_1800_c08,39,event_driven,5400.0,1800.0,5400.0,0.8,45457.100000000006,40181.0,5276.100000000002,0.7416756211111756,71,15,691.0,9,28,1,0.6508657932281494,0.07231842146979438,0.08253851797505503,32.142857142857146,4,0,False
ED_5400_1800_c08,40,event_driven,5400.0,1800.0,5400.0,0.8,45826.999999999956,38358.49999999995,7468.5000000000055,1.099748798459647,61,17,1692.0,6,34,1,0.38672590255737305,0.06445431709289551,0.054985337243401766,17.647058823529413,3,0,False
ED_5400_1800_c08,41,event_driven,5400.0,1800.0,5400.0,0.8,46831.399999999936,37845.299999999945,8986.099999999988,1.3411613264329454,68,26,656.0999999999976,8,28,2,0.6001758575439453,0.07502198219299316,0.07336757153338225,28.57142857142857,7,0,False
ED_5400_1800_c08,42,event_driven,5400.0,1800.0,5400.0,0.8,47374.099999999984,37185.39999999998,10188.700000000004,1.5476332227046232,66,18,1493.0,8,28,2,0.4460179805755615,0.05575224757194519,0.07339449541284404,28.57142857142857,7,0,False
ED_5400_1800_c08,43,event_driven,5400.0,1800.0,5400.0,0.8,45396.099999999984,39955.199999999975,5440.900000000009,0.7691643761892458,72,14,660.2000000000003,9,28,1,0.6333160400390625,0.07036844889322917,0.0825233816247937,32.142857142857146,7,0,False
ED_5400_1800_c08,44,event_driven,5400.0,1800.0,5400.0,0.8,41502.999999999956,36656.39999999996,4846.599999999995,0.7468082271827321,61,11,569.1000000000004,11,25,1,0.773745059967041,0.07034045999700372,0.1009730126675234,44.0,8,0,False
ED_5400_1800_c08,45,event_driven,5400.0,1800.0,5400.0,0.8,39736.399999999965,34190.29999999997,5546.0999999999985,0.9162342265766342,53,12,468.7000000000007,9,28,1,0.5429468154907227,0.06032742394341363,0.0827129859387924,32.142857142857146,7,0,False
ED_5400_1800_c08,46,event_driven,5400.0,1800.0,5400.0,0.8,45244.89999999997,37672.29999999996,7572.600000000011,1.1353888053638297,68,13,1510.0,9,26,2,0.6039083003997803,0.06710092226664226,0.08242513050645664,34.61538461538461,8,0,False
ED_5400_1800_c08,47,event_driven,5400.0,1800.0,5400.0,0.8,46308.79999999993,39226.19999999996,7082.599999999973,1.0198544693244636,58,17,1633.0,6,34,1,0.32457613945007324,0.05409602324167887,0.05501558774986246,17.647058823529413,3,0,False
ED_5400_1800_c08,48,event_driven,5400.0,1800.0,5400.0,0.8,44693.39999999999,37544.19999999999,7149.2,1.075564151171036,63,23,604.8999999999996,10,26,1,0.6218812465667725,0.062188124656677245,0.09173470323823503,38.46153846153847,7,0,False
ED_5400_1800_c08,49,event_driven,5400.0,1800.0,5400.0,0.8,45163.99999999996,36700.79999999998,8463.199999999983,1.302509200625861,67,11,1493.0,9,28,1,0.5454165935516357,0.06060184372795953,0.08256123291441153,32.142857142857146,7,0,False
ED_5400_3600_c04,0,event_driven,5400.0,3600.0,5400.0,0.4,45857.199999999975,37940.19999999999,7916.999999999984,1.1786442875894148,66,19,1633.0,11,19,1,0.6659843921661377,0.060544035651467064,0.10081569058748051,57.89473684210527,4,0,False
ED_5400_3600_c04,1,event_driven,5400.0,3600.0,5400.0,0.4,41049.19999999997,36398.499999999985,4650.699999999984,0.7216997681494823,52,11,610.0,12,18,1,0.7555210590362549,0.06296008825302124,0.11002108737508023,66.66666666666666,8,0,False
ED_5400_3600_c04,2,event_driven,5400.0,3600.0,5400.0,0.4,45325.999999999985,39557.99999999999,5767.999999999996,0.8235930104578668,62,20,1447.8999999999942,10,19,1,0.687070369720459,0.0687070369720459,0.09169264624977076,52.63157894736842,5,0,False
ED_5400_3600_c04,3,event_driven,5400.0,3600.0,5400.0,0.4,41949.99999999996,36364.79999999999,5585.199999999975,0.86751951410082,66,13,479.0,13,18,1,0.8305561542510986,0.0638889349423922,0.11925511420970553,72.22222222222221,8,0,False
ED_5400_3600_c04,4,event_driven,5400.0,3600.0,5400.0,0.4,44099.20000000002,36867.600000000006,7231.600000000015,1.107927279785499,61,18,1484.300000000003,12,19,0,0.7266125679016113,0.06055104732513428,0.1101422670949977,63.1578947368421,6,0,False
ED_5400_3600_c04,5,event_driven,5400.0,3600.0,5400.0,0.4,44582.199999999946,37604.69999999998,6977.499999999962,1.0480438250105288,59,9,542.0999999999995,9,20,1,0.5686020851135254,0.06317800945705837,0.08250068750572921,45.0,3,0,False
ED_5400_3600_c04,6,event_driven,5400.0,3600.0,5400.0,0.4,42156.39999999998,35251.6,6904.799999999983,1.106353710513519,61,9,1471.0,12,19,0,0.689049482345581,0.05742079019546509,0.11026371404943491,63.1578947368421,7,0,False
ED_5400_3600_c04,7,event_driven,5400.0,3600.0,5400.0,0.4,43013.1,36922.8,6090.299999999994,0.9316778804412451,57,6,1439.0999999999913,11,19,0,0.6524436473846436,0.059313058853149414,0.10074182617455811,57.89473684210527,3,0,False
ED_5400_3600_c04,8,event_driven,5400.0,3600.0,5400.0,0.4,41805.19999999998,35152.499999999985,6652.7,1.0689649103474583,56,18,1633.0,13,18,1,0.8446199893951416,0.0649707684150109,0.11933174224343676,72.22222222222221,8,0,False
ED_5400_3600_c04,9,event_driven,5400.0,3600.0,5400.0,0.4,44995.79999999996,36552.899999999965,8442.899999999992,1.304642535390301,68,18,599.2999999999997,10,19,0,0.6434147357940674,0.06434147357940674,0.09177679882525697,52.63157894736842,7,0,False
ED_5400_3600_c04,10,event_driven,5400.0,3600.0,5400.0,0.4,46868.39999999995,39520.199999999975,7348.199999999979,1.050227923502854,62,23,1426.0999999999913,10,20,0,0.6969478130340576,0.06969478130340576,0.09175153683824204,50.0,5,0,False
ED_5400_3600_c04,11,event_driven,5400.0,3600.0,5400.0,0.4,40901.99999999998,36619.29999999998,4282.699999999994,0.6605859643520108,51,9,521.0,10,20,0,0.6264820098876953,0.06264820098876953,0.09189487226612755,50.0,4,0,False
ED_5400_3600_c04,12,event_driven,5400.0,3600.0,5400.0,0.4,45685.099999999984,38106.099999999984,7579.0,1.1234121871001537,57,15,1619.0,11,19,1,0.6760289669036865,0.06145717880942605,0.10096374483708123,57.89473684210527,4,0,False
ED_5400_3600_c04,13,event_driven,5400.0,3600.0,5400.0,0.4,42565.19999999994,35473.599999999955,7091.599999999982,1.1291735417169528,65,10,654.5,11,18,1,0.6457109451293945,0.05870099501176314,0.10109364948074626,61.111111111111114,4,0,False
ED_5400_3600_c04,14,event_driven,5400.0,3600.0,5400.0,0.4,45150.19999999995,33792.299999999974,11357.899999999983,1.8984624659112623,63,25,1442.699999999997,11,18,2,0.7244610786437988,0.06586009805852716,0.10128913443830571,61.111111111111114,10,0,False
ED_5400_3600_c04,15,event_driven,5400.0,3600.0,5400.0,0.4,46010.800000000025,37663.70000000001,8347.100000000013,1.251798310945449,73,18,676.3000000000002,12,19,0,0.7280993461608887,0.06067494551340739,0.11015237745548008,63.1578947368421,6,0,False
ED_5400_3600_c04,16,event_driven,5400.0,3600.0,5400.0,0.4,44402.50000000001,36361.7,8040.800000000009,1.2490413246373517,66,15,575.3000000000029,11,19,0,0.6039807796478271,0.05490734360434792,0.10104721660848796,57.89473684210527,6,0,False
ED_5400_3600_c04,17,event_driven,5400.0,3600.0,5400.0,0.4,42672.30000000001,36990.50000000002,5681.799999999989,0.8675958528704483,68,8,397.0,10,19,1,0.6905274391174316,0.06905274391174317,0.0918357975939021,52.63157894736842,7,0,False
ED_5400_3600_c04,18,event_driven,5400.0,3600.0,5400.0,0.4,49705.399999999805,38427.29999999985,11278.099999999955,1.6577452676944444,67,21,1433.5999999999913,7,20,1,0.39829373359680176,0.05689910479954311,0.06423786363219235,35.0,3,0,False
ED_5400_3600_c04,19,event_driven,5400.0,3600.0,5400.0,0.4,43880.79999999994,39052.69999999997,4828.099999999971,0.6983078402621702,75,16,511.0,11,19,0,0.6338412761688232,0.05762193419716575,0.10079721433153122,57.89473684210527,3,0,False
ED_5400_3600_c04,20,event_driven,5400.0,3600.0,5400.0,0.4,42639.100000000006,38760.299999999996,3878.8000000000065,0.5652388235804783,57,10,496.0,13,18,1,0.8237006664276123,0.06336158972520095,0.119233238558195,72.22222222222221,7,0,False
ED_5400_3600_c04,21,event_driven,5400.0,3600.0,5400.0,0.4,41240.49999999992,36987.99999999994,4252.499999999976,0.649389406959427,55,10,1427.0999999999913,11,18,2,0.6695871353149414,0.06087155775590376,0.10113082651466397,61.111111111111114,7,0,False
ED_5400_3600_c04,22,event_driven,5400.0,3600.0,5400.0,0.4,39502.599999999955,33650.799999999974,5851.799999999978,0.9822359104634683,49,11,511.0,14,18,0,0.837881326675415,0.059848666191101074,0.12884226026136572,77.77777777777779,8,0,False
ED_5400_3600_c04,23,event_driven,5400.0,3600.0,5400.0,0.4,44792.19999999996,36223.19999999997,8568.999999999995,1.3361802732703154,65,20,1428.3999999999942,10,19,1,0.6620087623596191,0.06620087623596191,0.09190331770976932,52.63157894736842,7,0,False
ED_5400_3600_c04,24,event_driven,5400.0,3600.0,5400.0,0.4,42294.099999999984,35000.49999999999,7293.599999999993,1.1770351161388424,55,14,1594.0,9,20,1,0.6052894592285156,0.06725438435872395,0.08278145695364239,45.0,8,0,False
ED_5400_3600_c04,25,event_driven,5400.0,3600.0,5400.0,0.4,41836.899999999994,32157.6,9679.299999999996,1.4563146265123303,61,13,1826.0,11,17,0,60.61002063751221,5.510001876137474,0.13059479995251097,64.70588235294117,10,2,True
ED_5400_3600_c04,26,event_driven,5400.0,3600.0,5400.0,0.4,46307.09999999997,38618.59999999998,7688.499999999993,1.1245190568366443,78,18,531.2999999999993,6,21,2,0.3698909282684326,0.06164848804473877,0.054945054945054944,28.57142857142857,5,0,False
ED_5400_3600_c04,27,event_driven,5400.0,3600.0,5400.0,0.4,39438.79999999999,34644.99999999999,4793.799999999999,0.7815577466262992,49,11,562.7000000000003,9,20,1,0.6261181831359863,0.0695686870151096,0.08259911894273128,45.0,5,0,False
ED_5400_3600_c04,28,event_driven,5400.0,3600.0,5400.0,0.4,42852.89999999996,36767.39999999997,6085.499999999987,0.93487828772347,66,11,508.0,11,19,0,0.7041091918945312,0.06400992653586647,0.10101010101010101,57.89473684210527,3,0,False
ED_5400_3600_c04,29,event_driven,5400.0,3600.0,5400.0,0.4,48689.19999999997,41819.7,6869.499999999969,0.9278247249107832,82,18,1679.0,12,18,1,0.7148594856262207,0.05957162380218506,0.10981971263841858,66.66666666666666,7,0,False
ED_5400_3600_c04,30,event_driven,5400.0,3600.0,5400.0,0.4,42913.29999999997,37621.199999999975,5292.0999999999885,0.7945424855730735,58,10,492.40000000000146,11,19,1,0.7529411315917969,0.06844919378107245,0.10100082637039758,57.89473684210527,5,0,False
ED_5400_3600_c04,31,event_driven,5400.0,3600.0,5400.0,0.4,45291.09999999995,37374.19999999997,7916.8999999999805,1.1964787250251536,63,9,1659.0,8,21,0,0.4934577941894531,0.06168222427368164,0.07347538574577515,38.095238095238095,3,0,False
ED_5400_3600_c04,32,event_driven,5400.0,3600.0,5400.0,0.4,48889.99999999997,40292.09999999999,8597.899999999976,1.2052973818034431,69,14,2854.0,12,18,1,0.82476806640625,0.06873067220052083,0.11013215859030838,66.66666666666666,5,0,False
ED_5400_3600_c04,33,event_driven,5400.0,3600.0,5400.0,0.4,45552.39999999998,35280.59999999999,10271.799999999988,1.6444940976496547,65,24,785.199999999998,11,19,1,0.7535707950592041,0.0685064359144731,0.1010843594927403,57.89473684210527,7,0,False
ED_5400_3600_c04,34,event_driven,5400.0,3600.0,5400.0,0.4,41148.79999999995,36166.799999999974,4981.999999999977,0.7780640784390049,60,8,510.0,12,19,0,0.714658260345459,0.059554855028788246,0.11017260374586854,63.1578947368421,6,0,False
ED_5400_3600_c04,35,event_driven,5400.0,3600.0,5400.0,0.4,44904.999999999956,37987.09999999998,6917.89999999998,1.0286316109450782,64,16,634.0,12,19,0,0.7096776962280273,0.05913980801900228,0.1099102399706906,63.1578947368421,6,0,False
ED_5400_3600_c04,36,event_driven,5400.0,3600.0,5400.0,0.4,41746.09999999996,37736.99999999998,4009.0999999999876,0.6000690726185585,57,18,562.0,11,19,1,0.7088272571563721,0.06443884155967018,0.10089891762979271,57.89473684210527,5,0,False
ED_5400_3600_c04,37,event_driven,5400.0,3600.0,5400.0,0.4,47491.49999999995,36345.19999999997,11146.299999999981,1.7322293446733523,73,21,1431.2999999999884,12,18,0,0.6821842193603516,0.05684868494669596,0.11004126547455295,66.66666666666666,6,0,False
ED_5400_3600_c04,38,event_driven,5400.0,3600.0,5400.0,0.4,37638.69999999994,33947.29999999995,3691.399999999988,0.6141968661638845,47,8,437.0,11,19,1,0.6643750667572021,0.060397733341563835,0.10114012504597279,57.89473684210527,4,0,False
ED_5400_3600_c04,39,event_driven,5400.0,3600.0,5400.0,0.4,41317.29999999996,37884.699999999975,3432.599999999982,0.5117773631078452,58,7,447.0,10,19,1,0.6007480621337891,0.060074806213378906,0.09165062780680049,52.63157894736842,6,0,False
ED_5400_3600_c04,40,event_driven,5400.0,3600.0,5400.0,0.4,49656.69999999997,40096.799999999974,9559.89999999999,1.346682950337107,76,25,1445.2999999999884,9,19,1,0.6561377048492432,0.07290418942769368,0.08241758241758242,47.368421052631575,5,0,False
ED_5400_3600_c04,41,event_driven,5400.0,3600.0,5400.0,0.4,44229.59999999999,35926.69999999999,8302.900000000003,1.30537174026835,61,11,1633.0,13,18,1,0.8531720638275146,0.0656286202944242,0.11934269714495548,72.22222222222221,8,0,False
ED_5400_3600_c04,42,event_driven,5400.0,3600.0,5400.0,0.4,48740.400000000016,38434.2,10306.200000000019,1.5146156745357489,74,24,1493.0,10,19,1,0.6837663650512695,0.06837663650512696,0.0916254352208173,52.63157894736842,6,0,False
ED_5400_3600_c04,43,event_driven,5400.0,3600.0,5400.0,0.4,43958.69999999997,36765.09999999997,7193.600000000002,1.105178074249287,60,10,1427.1000000000058,13,18,1,0.8845539093017578,0.06804260840782753,0.11936461298319714,72.22222222222221,13,0,False
ED_5400_3600_c04,44,event_driven,5400.0,3600.0,5400.0,0.4,40824.39999999994,35651.29999999995,5173.0999999999885,0.819591092388998,52,10,578.0,10,19,1,0.6683897972106934,0.06683897972106934,0.09186954524575103,52.63157894736842,4,0,False
ED_5400_3600_c04,45,event_driven,5400.0,3600.0,5400.0,0.4,43004.99999999997,33994.89999999998,9010.099999999988,1.4970543577658164,67,16,1441.3999999999942,8,20,1,0.5715348720550537,0.07144185900688171,0.07357674974707992,40.0,5,0,False
ED_5400_3600_c04,46,event_driven,5400.0,3600.0,5400.0,0.4,48614.69999999993,38749.99999999993,9864.700000000003,1.4379172775611517,73,17,1510.0,10,19,1,0.6214227676391602,0.06214227676391602,0.091726288754357,52.63157894736842,5,0,False
ED_5400_3600_c04,47,event_driven,5400.0,3600.0,5400.0,0.4,43456.499999999985,38541.4,4915.099999999981,0.72032186653347,63,13,579.8000000000002,12,18,0,0.7803549766540527,0.06502958138783772,0.1099102399706906,66.66666666666666,7,0,False
ED_5400_3600_c04,48,event_driven,5400.0,3600.0,5400.0,0.4,43637.09999999994,38488.79999999997,5148.299999999975,0.7555291095385845,69,17,521.9999999999995,13,18,0,0.8114426136016846,0.06241866258474497,0.11934269714495548,72.22222222222221,6,0,False
ED_5400_3600_c04,49,event_driven,5400.0,3600.0,5400.0,0.4,45615.499999999985,36791.899999999994,8823.599999999991,1.354613260103326,72,14,1493.0,10,19,0,0.6174981594085693,0.061749815940856934,0.09184423218221896,52.63157894736842,7,0,False
ED_5400_3600_c08,0,event_driven,5400.0,3600.0,5400.0,0.8,44938.59999999997,37191.69999999999,7746.899999999978,1.1765317365061365,62,19,1633.0,11,19,0,0.7372252941131592,0.06702048128301447,0.10085266342715687,57.89473684210527,6,0,False
ED_5400_3600_c08,1,event_driven,5400.0,3600.0,5400.0,0.8,42964.99999999997,38013.59999999997,4951.399999999998,0.7357169105701212,65,17,511.0,9,20,1,0.6499428749084473,0.07221587498982747,0.0823271130625686,45.0,5,0,False
ED_5400_3600_c08,2,event_driven,5400.0,3600.0,5400.0,0.8,45972.7,40389.399999999994,5583.299999999999,0.7808098599692433,59,20,1447.8999999999942,8,21,0,0.5248818397521973,0.06561022996902466,0.07330706496838633,38.095238095238095,4,0,False
ED_5400_3600_c08,3,event_driven,5400.0,3600.0,5400.0,0.8,42287.09999999997,36154.19999999998,6132.899999999989,0.9581397410031415,65,18,461.0,8,20,2,0.5848190784454346,0.07310238480567932,0.07336084364970197,40.0,4,0,False
ED_5400_3600_c08,4,event_driven,5400.0,3600.0,5400.0,0.8,40530.09999999995,35939.699999999946,4590.4,0.7214359999274742,61,10,551.0,10,20,0,0.6732110977172852,0.06732110977172852,0.09180207472688882,50.0,5,0,False
ED_5400_3600_c08,5,event_driven,5400.0,3600.0,5400.0,0.8,44039.799999999974,37051.2,6988.599999999975,1.065392492811844,64,13,553.0,8,20,1,0.5384721755981445,0.06730902194976807,0.07336757153338225,40.0,4,0,False
ED_5400_3600_c08,6,event_driven,5400.0,3600.0,5400.0,0.8,42061.29999999999,35156.50000000001,6904.799999999983,1.1093464497756704,61,9,1471.0,10,20,0,0.5993669033050537,0.059936690330505374,0.09188642837452908,50.0,5,0,False
ED_5400_3600_c08,7,event_driven,5400.0,3600.0,5400.0,0.8,42196.89999999995,36001.499999999956,6195.399999999992,0.9720094385566658,61,7,1439.0999999999913,8,21,0,0.50010085105896,0.06251260638237,0.07335411699981662,38.095238095238095,2,0,False
ED_5400_3600_c08,8,event_driven,5400.0,3600.0,5400.0,0.8,41339.79999999995,35031.399999999965,6308.39999999999,1.0171463754934578,55,15,1633.0,11,19,1,0.8149566650390625,0.07408696954900568,0.10103793515201616,57.89473684210527,6,0,False
ED_5400_3600_c08,9,event_driven,5400.0,3600.0,5400.0,0.8,47008.19999999994,38519.299999999945,8488.899999999992,1.2447861801147044,70,23,599.2999999999997,8,20,0,0.5311729907989502,0.06639662384986877,0.07328691828508611,40.0,4,0,False
ED_5400_3600_c08,10,event_driven,5400.0,3600.0,5400.0,0.8,41653.69999999995,35956.399999999965,5697.299999999985,0.8949826413699311,60,12,537.9999999999995,8,21,0,0.5415380001068115,0.06769225001335144,0.07346863807512168,38.095238095238095,4,0,False
ED_5400_3600_c08,11,event_driven,5400.0,3600.0,5400.0,0.8,42639.799999999996,38207.99999999999,4431.8,0.6551603024278905,55,15,485.0,9,20,0,0.5716149806976318,0.0635127756330702,0.08257638315441783,45.0,4,0,False
ED_5400_3600_c08,12,event_driven,5400.0,3600.0,5400.0,0.8,46479.0,37408.0,9071.0,1.3696588377405317,59,17,1633.0,9,19,2,0.5661740303039551,0.06290822558932835,0.08265980896399706,47.368421052631575,4,0,False
ED_5400_3600_c08,13,event_driven,5400.0,3600.0,5400.0,0.8,50568.69999999996,41323.59999999996,9245.099999999999,1.2636744093974355,80,23,1619.0,8,21,0,0.5600283145904541,0.07000353932380676,0.07326007326007326,38.095238095238095,2,0,False
ED_5400_3600_c08,14,event_driven,5400.0,3600.0,5400.0,0.8,45904.59999999996,34740.99999999997,11163.599999999988,1.815029459760469,66,25,1442.699999999997,9,19,2,0.5755529403686523,0.06395032670762804,0.0827053850395148,47.368421052631575,8,0,False
ED_5400_3600_c08,15,event_driven,5400.0,3600.0,5400.0,0.8,46133.60000000003,37753.70000000001,8379.900000000016,1.2537214095048181,72,18,676.3000000000002,12,19,0,0.7002248764038086,0.05835207303365072,0.11011194714626536,63.1578947368421,5,0,False
ED_5400_3600_c08,16,event_driven,5400.0,3600.0,5400.0,0.8,44402.50000000001,36361.7,8040.800000000009,1.2490413246373517,66,15,575.3000000000029,11,19,0,0.6128835678100586,0.0557166879827326,0.10104721660848796,57.89473684210527,6,0,False
ED_5400_3600_c08,17,event_driven,5400.0,3600.0,5400.0,0.8,42762.70000000001,36945.30000000002,5817.399999999995,0.8893883898390549,72,9,410.0,7,21,0,0.49926280975341797,0.07132325853620257,0.06430868167202572,33.33333333333333,4,0,False
ED_5400_3600_c08,18,event_driven,5400.0,3600.0,5400.0,0.8,49711.399999999805,38433.29999999985,11278.099999999955,1.657486469422993,67,21,1433.5999999999913,6,21,0,0.33873915672302246,0.056456526120503746,0.05506607929515419,28.57142857142857,3,0,False
ED_5400_3600_c08,19,event_driven,5400.0,3600.0,5400.0,0.8,43790.29999999994,38955.69999999997,4834.599999999971,0.7009890947697189,75,16,511.0,10,20,0,0.6131982803344727,0.061319828033447266,0.09163383121048291,50.0,3,0,False
ED_5400_3600_c08,20,event_driven,5400.0,3600.0,5400.0,0.8,43798.09999999999,39672.89999999999,4125.200000000004,0.5873172926551942,62,13,604.0,9,20,0,0.5419356822967529,0.06021507581075033,0.08253094910591473,45.0,2,0,False
ED_5400_3600_c08,21,event_driven,5400.0,3600.0,5400.0,0.8,43176.69999999991,37946.99999999993,5229.6999999999825,0.7784326722898931,59,9,1427.0999999999913,12,19,0,0.7560398578643799,0.06300332148869832,0.10997067448680353,63.1578947368421,6,0,False
ED_5400_3600_c08,22,event_driven,5400.0,3600.0,5400.0,0.8,38830.799999999945,33515.999999999956,5314.799999999986,0.8956874131954677,49,10,493.3999999999942,10,20,0,0.6386439800262451,0.06386439800262451,0.09208103130755065,50.0,5,0,False
ED_5400_3600_c08,23,event_driven,5400.0,3600.0,5400.0,0.8,44047.999999999956,35396.299999999974,8651.699999999984,1.3805918685298717,64,14,1428.3999999999942,8,21,0,0.47835803031921387,0.05979475378990173,0.07347538574577515,38.095238095238095,5,0,False
ED_5400_3600_c08,24,event_driven,5400.0,3600.0,5400.0,0.8,41357.89999999996,34200.299999999974,7157.599999999986,1.1821136586007055,52,11,1632.0,7,21,1,0.4777839183807373,0.06825484548296247,0.06435006435006435,33.33333333333333,3,0,False
ED_5400_3600_c08,25,event_driven,5400.0,3600.0,5400.0,0.8,42092.799999999996,32413.5,9679.299999999996,1.4448172284243577,60,13,1826.0,11,17,0,60.601715326309204,5.509246847846291,0.13053281120208854,64.70588235294117,9,2,True
ED_5400_3600_c08,26,event_driven,5400.0,3600.0,5400.0,0.8,46188.39999999996,38611.69999999997,7576.69999999999,1.1083652347362565,78,18,531.2999999999993,5,22,1,0.3284749984741211,0.06569499969482422,0.045791739170253684,22.727272727272727,4,0,False
ED_5400_3600_c08,27,event_driven,5400.0,3600.0,5400.0,0.8,44018.79999999987,36842.199999999895,7176.59999999998,1.100258954122187,57,17,1441.3999999999942,9,20,0,0.5984773635864258,0.0664974848429362,0.08251581553131017,45.0,4,0,False
ED_5400_3600_c08,28,event_driven,5400.0,3600.0,5400.0,0.8,42852.89999999996,36767.39999999997,6085.499999999987,0.93487828772347,66,11,508.0,11,19,0,0.7095458507537842,0.06450416825034401,0.10101010101010101,57.89473684210527,3,0,False
ED_5400_3600_c08,29,event_driven,5400.0,3600.0,5400.0,0.8,48149.2999999999,34402.099999999926,13747.199999999975,1.888185018489029,74,17,3879.0,5,20,1,60.32164001464844,12.064328002929688,0.059024908511391805,25.0,4,2,True
ED_5400_3600_c08,30,event_driven,5400.0,3600.0,5400.0,0.8,43804.89999999994,38219.599999999955,5585.299999999986,0.825433506932004,64,9,542.0,9,20,0,0.6297118663787842,0.06996798515319824,0.08268259072117592,45.0,3,0,False
ED_5400_3600_c08,31,event_driven,5400.0,3600.0,5400.0,0.8,41645.599999999904,36849.799999999916,4795.799999999986,0.7351020856331599,60,10,813.1000000000004,11,19,0,0.6843581199645996,0.06221437454223633,0.10113082651466397,57.89473684210527,3,0,False
ED_5400_3600_c08,32,event_driven,5400.0,3600.0,5400.0,0.8,46278.89999999998,40345.5,5933.399999999982,0.8306733011198169,66,17,1425.7999999999884,10,20,0,0.6514034271240234,0.06514034271240235,0.0918105031215571,50.0,6,0,False
ED_5400_3600_c08,33,event_driven,5400.0,3600.0,5400.0,0.8,48380.19999999993,38539.49999999993,9840.700000000004,1.4422536375908923,70,22,785.199999999998,12,18,0,0.7094383239746094,0.059119860331217446,0.11008164388588203,66.66666666666666,5,0,False
ED_5400_3600_c08,34,event_driven,5400.0,3600.0,5400.0,0.8,41175.49999999995,36193.49999999997,4981.999999999977,0.7774900993849119,60,8,510.0,10,20,0,0.6614196300506592,0.06614196300506592,0.09179364787956673,50.0,5,0,False
ED_5400_3600_c08,35,event_driven,5400.0,3600.0,5400.0,0.8,44495.69999999997,37753.39999999999,6742.299999999981,1.0087271959262272,66,17,634.0,10,20,0,0.5349059104919434,0.05349059104919433,0.09166743056192135,50.0,3,0,False
ED_5400_3600_c08,36,event_driven,5400.0,3600.0,5400.0,0.8,42037.79999999996,37986.299999999974,4051.499999999982,0.6024355281587471,62,18,431.0,8,21,0,0.4870290756225586,0.060878634452819824,0.07330706496838633,38.095238095238095,6,0,False
ED_5400_3600_c08,37,event_driven,5400.0,3600.0,5400.0,0.8,49066.39999999998,39429.299999999996,9637.099999999984,1.3805400976007582,78,26,844.8000000000002,7,20,1,0.4355170726776123,0.062216724668230326,0.06408495834477708,35.0,6,0,False
ED_5400_3600_c08,38,event_driven,5400.0,3600.0,5400.0,0.8,39854.89999999993,36137.09999999995,3717.799999999982,0.5811047858915543,62,5,867.0,9,20,0,0.5724833011627197,0.06360925568474664,0.08261428309161005,45.0,3,0,False
ED_5400_3600_c08,39,event_driven,5400.0,3600.0,5400.0,0.8,43519.6999999999,39545.299999999916,3974.3999999999887,0.5676732453972728,67,11,423.0,9,20,0,0.5737266540527344,0.06374740600585938,0.08248556502612042,45.0,5,0,False
ED_5400_3600_c08,40,event_driven,5400.0,3600.0,5400.0,0.8,49656.69999999997,40096.799999999974,9559.89999999999,1.346682950337107,76,25,1445.2999999999884,9,19,1,0.6526648998260498,0.07251832220289442,0.08241758241758242,47.368421052631575,5,0,False
ED_5400_3600_c08,41,event_driven,5400.0,3600.0,5400.0,0.8,44409.59999999997,35906.09999999998,8503.499999999995,1.3376768360183435,56,17,1633.0,11,19,0,0.6688871383666992,0.06080792166969993,0.10098228219957771,57.89473684210527,5,0,False
ED_5400_3600_c08,42,event_driven,5400.0,3600.0,5400.0,0.8,48960.80000000002,38657.2,10303.600000000017,1.5054984852487026,77,23,1493.0,8,20,1,0.5465087890625,0.0683135986328125,0.07332050224544039,40.0,6,0,False
ED_5400_3600_c08,43,event_driven,5400.0,3600.0,5400.0,0.8,47200.0,39466.3,7733.700000000001,1.106834366101133,74,17,1427.1000000000058,11,19,0,0.6786818504333496,0.061698350039395417,0.10080645161290322,57.89473684210527,11,0,False
ED_5400_3600_c08,44,event_driven,5400.0,3600.0,5400.0,0.8,40824.39999999994,35651.29999999995,5173.0999999999885,0.819591092388998,52,10,578.0,10,19,1,0.6754271984100342,0.06754271984100342,0.09186954524575103,52.63157894736842,4,0,False
ED_5400_3600_c08,45,event_driven,5400.0,3600.0,5400.0,0.8,43004.99999999997,33994.89999999998,9010.099999999988,1.4970543577658164,67,16,1441.3999999999942,8,20,1,0.566030740737915,0.07075384259223938,0.07357674974707992,40.0,5,0,False
ED_5400_3600_c08,46,event_driven,5400.0,3600.0,5400.0,0.8,48614.69999999993,38749.99999999993,9864.700000000003,1.4379172775611517,73,17,1510.0,10,20,0,0.6279349327087402,0.06279349327087402,0.091726288754357,50.0,5,0,False
ED_5400_3600_c08,47,event_driven,5400.0,3600.0,5400.0,0.8,44325.79999999991,39213.69999999993,5112.099999999974,0.7363482268069161,61,9,579.8000000000002,9,19,1,0.6046767234802246,0.06718630260891384,0.08241003571101548,47.368421052631575,6,0,False
ED_5400_3600_c08,48,event_driven,5400.0,3600.0,5400.0,0.8,43210.39999999994,38379.79999999997,4830.599999999978,0.7109189592579266,65,14,521.9999999999995,12,18,0,0.7291383743286133,0.06076153119405111,0.11005135730007337,66.66666666666666,10,0,False
ED_5400_3600_c08,49,event_driven,5400.0,3600.0,5400.0,0.8,43800.80000000002,35466.60000000002,8334.199999999997,1.3272908118537514,60,12,1493.0,9,20,0,0.5261213779449463,0.05845793088277181,0.08256123291441153,45.0,2,0,False
ED_5400_5400_c04,0,event_driven,5400.0,5400.0,5400.0,0.4,44071.499999999956,36468.89999999998,7602.59999999998,1.1775007812617917,64,19,1574.0,10,17,1,0.751469612121582,0.0751469612121582,0.09171787581399614,58.82352941176471,6,0,False
ED_5400_5400_c04,1,event_driven,5400.0,5400.0,5400.0,0.4,43962.69999999997,37466.199999999975,6496.499999999993,0.9794032083188705,64,12,489.49999999999955,10,17,1,0.7795052528381348,0.07795052528381348,0.09174311926605505,58.82352941176471,6,0,False
ED_5400_5400_c04,2,event_driven,5400.0,5400.0,5400.0,0.4,46392.19999999994,38980.199999999975,7411.999999999967,1.0740217448238403,66,16,1442.699999999997,13,17,0,0.8648190498352051,0.06652454229501578,0.1192113709307657,76.47058823529412,7,0,False
ED_5400_5400_c04,3,event_driven,5400.0,5400.0,5400.0,0.4,42135.89999999997,35727.799999999996,6408.0999999999785,1.0130823111919034,66,14,494.0,11,17,0,0.7443795204162598,0.06767086549238725,0.10090817356205853,64.70588235294117,4,0,False
ED_5400_5400_c04,4,event_driven,5400.0,5400.0,5400.0,0.4,41312.69999999996,36534.79999999997,4777.899999999992,0.738672699471718,60,13,551.0,11,17,0,0.6899600028991699,0.06272363662719727,0.10079721433153122,64.70588235294117,5,0,False
ED_5400_5400_c04,5,event_driven,5400.0,5400.0,5400.0,0.4,43815.599999999984,37358.19999999999,6457.399999999992,0.9763228938778075,63,13,542.0999999999995,11,17,0,0.7790381908416748,0.07082165371287953,0.10076951264199341,64.70588235294117,7,0,False
ED_5400_5400_c04,6,event_driven,5400.0,5400.0,5400.0,0.4,45796.799999999996,36201.5,9595.299999999996,1.4971100250384253,73,24,1471.0,11,17,0,0.7776877880096436,0.0706988898190585,0.10107507121198199,64.70588235294117,5,0,False
ED_5400_5400_c04,7,event_driven,5400.0,5400.0,5400.0,0.4,46059.69999999995,37134.59999999998,8925.09999999998,1.3575507288809687,70,20,1439.0999999999913,11,17,1,0.8268406391143799,0.07516733082857999,0.10078797874289902,64.70588235294117,6,0,False
ED_5400_5400_c04,8,event_driven,5400.0,5400.0,5400.0,0.4,44061.999999999956,34684.19999999997,9377.79999999999,1.5271827543351753,65,24,1633.0,9,17,1,0.6924173831939697,0.07693526479932997,0.0827129859387924,52.94117647058824,4,0,False
ED_5400_5400_c04,9,event_driven,5400.0,5400.0,5400.0,0.4,48282.699999999975,38288.39999999998,9994.299999999994,1.4743713730299743,79,22,599.2999999999997,9,17,2,0.652573823928833,0.07250820265875922,0.08251581553131017,52.94117647058824,4,0,False
ED_5400_5400_c04,10,event_driven,5400.0,5400.0,5400.0,0.4,39427.79999999997,35030.19999999998,4397.599999999986,0.7090793432178846,52,18,587.0,11,17,1,0.6670653820037842,0.06064230745488947,0.10106578463800074,64.70588235294117,6,0,False
ED_5400_5400_c04,11,event_driven,5400.0,5400.0,5400.0,0.4,46994.099999999955,40451.59999999997,6542.499999999986,0.913544597972407,79,17,779.0,11,17,0,0.687161922454834,0.06246926567771218,0.10078797874289902,64.70588235294117,6,0,False
ED_5400_5400_c04,12,event_driven,5400.0,5400.0,5400.0,0.4,54018.19999999994,40060.09999999996,13958.099999999975,1.9680494342963966,73,26,1450.800000000003,12,17,0,0.8145740032196045,0.06788116693496704,0.10992030777686176,70.58823529411765,5,0,False
ED_5400_5400_c04,13,event_driven,5400.0,5400.0,5400.0,0.4,46942.99999999996,37703.29999999996,9239.700000000004,1.3842044257472106,74,16,1619.0,10,17,0,0.6963515281677246,0.06963515281677246,0.09179364787956673,58.82352941176471,3,0,False
ED_5400_5400_c04,14,event_driven,5400.0,5400.0,5400.0,0.4,40862.89999999997,33305.89999999999,7556.999999999988,1.2815925528688117,52,18,1442.699999999997,14,17,1,0.8615360260009766,0.061538287571498325,0.12848751835535976,82.35294117647058,9,0,False
ED_5400_5400_c04,15,event_driven,5400.0,5400.0,5400.0,0.4,43421.599999999984,37890.299999999996,5531.299999999987,0.8245574057879564,75,12,522.3000000000029,12,17,0,0.7378208637237549,0.061485071976979576,0.11018271967679735,70.58823529411765,7,0,False
ED_5400_5400_c04,16,event_driven,5400.0,5400.0,5400.0,0.4,49690.69999999998,41041.299999999974,8649.400000000012,1.1903826815245337,70,23,1520.0,13,17,0,0.7998106479644775,0.0615238959972675,0.1192441753806641,76.47058823529412,8,0,False
ED_5400_5400_c04,17,event_driven,5400.0,5400.0,5400.0,0.4,45888.40000000003,40491.800000000025,5396.600000000007,0.752791787608714,72,15,797.0,12,17,0,0.827418327331543,0.06895152727762859,0.10986998718183483,70.58823529411765,8,0,False
ED_5400_5400_c04,18,event_driven,5400.0,5400.0,5400.0,0.4,47780.19999999995,36801.09999999998,10979.099999999977,1.6851077164111259,62,18,1574.0,11,17,0,0.8015375137329102,0.07286704670299184,0.10086191087474783,64.70588235294117,5,0,False
ED_5400_5400_c04,19,event_driven,5400.0,5400.0,5400.0,0.4,47794.89999999996,40223.89999999998,7570.999999999976,1.0631408274600478,79,22,560.6999999999998,10,17,1,0.7446415424346924,0.07446415424346924,0.09153318077803205,58.82352941176471,4,0,False
ED_5400_5400_c04,20,event_driven,5400.0,5400.0,5400.0,0.4,42482.79999999996,36080.299999999974,6402.499999999984,1.0023079472335694,62,12,601.0,11,17,1,0.8307070732116699,0.07551882483742454,0.10092669052206625,64.70588235294117,6,0,False
ED_5400_5400_c04,21,event_driven,5400.0,5400.0,5400.0,0.4,42943.299999999945,36571.49999999996,6371.799999999979,0.9841042077291594,61,16,511.0,10,17,1,0.7700400352478027,0.07700400352478028,0.09175995595522114,58.82352941176471,5,0,False
ED_5400_5400_c04,22,event_driven,5400.0,5400.0,5400.0,0.4,39882.099999999955,33650.799999999974,6231.299999999984,1.0459357170222867,50,13,511.0,13,17,0,0.841019868850708,0.06469383606543908,0.11962823226281402,76.47058823529412,7,0,False
ED_5400_5400_c04,23,event_driven,5400.0,5400.0,5400.0,0.4,43019.19999999995,34253.59999999999,8765.599999999964,1.445430296634252,57,15,1428.3999999999942,12,17,0,0.7946181297302246,0.06621817747751872,0.11026371404943491,70.58823529411765,9,0,False
ED_5400_5400_c04,24,event_driven,5400.0,5400.0,5400.0,0.4,45550.49999999993,38151.19999999996,7399.299999999968,1.0954792601975354,63,16,607.3999999999987,10,17,1,0.707472562789917,0.0707472562789917,0.09179364787956673,58.82352941176471,4,0,False
ED_5400_5400_c04,25,event_driven,5400.0,5400.0,5400.0,0.4,42331.19999999998,33216.5,9114.699999999983,1.3042202803178053,60,17,2462.0,10,16,0,60.76086902618408,6.076086902618409,0.11835720203574387,62.5,9,2,True
ED_5400_5400_c04,26,event_driven,5400.0,5400.0,5400.0,0.4,41267.89999999998,36471.0,4796.899999999981,0.7429074613248311,65,13,518.0,11,17,1,0.7196464538574219,0.06542240489612926,0.10089891762979271,64.70588235294117,7,0,False
ED_5400_5400_c04,27,event_driven,5400.0,5400.0,5400.0,0.4,45003.09999999991,33469.799999999974,11533.299999999937,1.9463556419797476,56,17,2526.9999999999854,12,17,0,0.8011283874511719,0.06676069895426433,0.11040574109853712,70.58823529411765,6,0,False
ED_5400_5400_c04,28,event_driven,5400.0,5400.0,5400.0,0.4,43829.59999999997,37647.59999999997,6181.999999999998,0.9274989611584779,67,15,489.0,12,17,0,0.7294888496398926,0.06079073746999105,0.11000091667430562,70.58823529411765,6,0,False
ED_5400_5400_c04,29,event_driven,5400.0,5400.0,5400.0,0.4,47345.299999999974,40632.09999999997,6713.200000000001,0.933215715794023,79,23,491.0,9,17,0,0.7151858806610107,0.07946509785122341,0.0823045267489712,52.94117647058824,3,0,False
ED_5400_5400_c04,30,event_driven,5400.0,5400.0,5400.0,0.4,39736.699999999975,35666.29999999998,4070.3999999999915,0.644615520798359,50,8,573.0,12,17,0,0.7147400379180908,0.05956166982650757,0.11020295711268253,70.58823529411765,6,0,False
ED_5400_5400_c04,31,event_driven,5400.0,5400.0,5400.0,0.4,42859.79999999993,37044.09999999994,5815.699999999986,0.8867570998166686,64,12,813.1000000000004,9,17,0,0.663257360458374,0.07369526227315266,0.08269018743109151,52.94117647058824,4,0,False
ED_5400_5400_c04,32,event_driven,5400.0,5400.0,5400.0,0.4,46285.19999999995,39980.29999999998,6304.89999999997,0.8907460000973517,65,16,612.0,8,17,0,0.6048834323883057,0.07561042904853821,0.07332050224544039,47.05882352941176,3,0,False
ED_5400_5400_c04,33,event_driven,5400.0,5400.0,5400.0,0.4,44407.19999999999,35807.399999999994,8599.799999999996,1.3565546369045083,66,20,866.5,12,17,0,0.8063256740570068,0.06719380617141724,0.11017260374586854,70.58823529411765,7,0,False
ED_5400_5400_c04,34,event_driven,5400.0,5400.0,5400.0,0.4,42472.69999999993,37724.699999999946,4747.999999999988,0.710896935598523,60,12,532.0,12,17,0,0.8108398914337158,0.06756999095280965,0.11006145097679537,70.58823529411765,7,0,False
ED_5400_5400_c04,35,event_driven,5400.0,5400.0,5400.0,0.4,40211.099999999984,35039.29999999999,5171.799999999996,0.8336965936803828,50,11,712.8000000000002,11,17,0,0.6855778694152832,0.06232526085593484,0.10101937735329232,64.70588235294117,9,0,False
ED_5400_5400_c04,36,event_driven,5400.0,5400.0,5400.0,0.4,39385.69999999994,36031.19999999996,3354.499999999978,0.5258607985411393,50,9,381.1999999999998,11,17,0,0.7005796432495117,0.06368905847722833,0.1009452142791594,64.70588235294117,7,0,False
ED_5400_5400_c04,37,event_driven,5400.0,5400.0,5400.0,0.4,47690.99999999997,38189.99999999999,9500.99999999998,1.4052105004186675,76,25,844.8000000000002,11,17,1,0.7273437976837158,0.06612216342579234,0.10089891762979271,64.70588235294117,6,0,False
ED_5400_5400_c04,38,event_driven,5400.0,5400.0,5400.0,0.4,42139.69999999996,37555.39999999997,4584.299999999989,0.6894810988975865,65,8,722.0,11,17,1,0.8143315315246582,0.07403013922951439,0.10091743119266054,64.70588235294117,5,0,False
ED_5400_5400_c04,39,event_driven,5400.0,5400.0,5400.0,0.4,42111.89999999994,37264.89999999996,4846.999999999985,0.7346741958132288,62,10,692.0,10,17,2,0.8392539024353027,0.08392539024353027,0.0918357975939021,58.82352941176471,5,0,False
ED_5400_5400_c04,40,event_driven,5400.0,5400.0,5400.0,0.4,44865.39999999991,38223.89999999995,6641.499999999958,0.9814154880199897,58,15,1445.2999999999884,11,17,2,0.7542340755462646,0.06856673414056952,0.10082493125572868,64.70588235294117,7,0,False
ED_5400_5400_c04,41,event_driven,5400.0,5400.0,5400.0,0.4,43741.09999999998,35390.49999999998,8350.600000000002,1.3327623309850192,55,16,1633.0,10,17,0,0.6507956981658936,0.06507956981658936,0.0918357975939021,58.82352941176471,6,0,False
ED_5400_5400_c04,42,event_driven,5400.0,5400.0,5400.0,0.4,49554.09999999994,38719.999999999935,10834.100000000004,1.5804443851602974,74,30,1493.0,12,17,1,0.83058762550354,0.06921563545862834,0.11013215859030838,70.58823529411765,7,0,False
ED_5400_5400_c04,43,event_driven,5400.0,5400.0,5400.0,0.4,49580.999999999985,38727.69999999999,10853.3,1.582930433386309,68,18,1427.0999999999913,12,16,0,0.8313157558441162,0.06927631298700969,0.11004126547455295,75.0,8,0,False
ED_5400_5400_c04,44,event_driven,5400.0,5400.0,5400.0,0.4,44596.69999999999,39275.29999999998,5321.400000000008,0.7652936695973938,81,12,742.0,11,17,0,0.7278540134429932,0.06616854667663574,0.10078797874289902,64.70588235294117,5,0,False
ED_5400_5400_c04,45,event_driven,5400.0,5400.0,5400.0,0.4,39383.19999999996,34175.09999999997,5208.099999999993,0.8607781753317534,57,9,603.0,12,17,1,0.7817623615264893,0.06514686346054077,0.11026371404943491,70.58823529411765,6,0,False
ED_5400_5400_c04,46,event_driven,5400.0,5400.0,5400.0,0.4,48143.09999999999,36513.09999999998,11630.000000000013,1.7990893588966639,67,21,1510.0,13,17,0,0.8645250797271729,0.06650192920978253,0.11912398057362777,76.47058823529412,8,0,False
ED_5400_5400_c04,47,event_driven,5400.0,5400.0,5400.0,0.4,46079.19999999997,41161.29999999997,4917.900000000001,0.6748579022389622,75,12,579.8000000000002,11,17,1,0.8292028903961182,0.07538208094510165,0.10069571585499817,64.70588235294117,7,0,False
ED_5400_5400_c04,48,event_driven,5400.0,5400.0,5400.0,0.4,45851.79999999999,38085.99999999999,7765.799999999998,1.1517084816144836,72,25,624.0,10,17,1,0.7233231067657471,0.07233231067657471,0.09175153683824204,58.82352941176471,6,0,False
ED_5400_5400_c04,49,event_driven,5400.0,5400.0,5400.0,0.4,45579.59999999994,34744.499999999956,10835.099999999986,1.7614429606140523,74,18,1493.0,9,17,1,0.7181427478790283,0.07979363865322536,0.08261428309161005,52.94117647058824,3,0,False
ED_5400_5400_c08,0,event_driven,5400.0,5400.0,5400.0,0.8,45983.39999999998,32378.999999999985,13604.39999999999,1.9853231708010872,60,20,3605.0,7,16,0,60.50068140029907,8.642954485757011,0.0827129859387924,43.75,6,2,True
ED_5400_5400_c08,1,event_driven,5400.0,5400.0,5400.0,0.8,42061.69999999997,36161.09999999998,5900.599999999991,0.9216717338870696,57,14,489.49999999999955,8,17,1,0.6081209182739258,0.07601511478424072,0.07344840249724569,47.05882352941176,5,0,False
ED_5400_5400_c08,2,event_driven,5400.0,5400.0,5400.0,0.8,47009.099999999955,38704.29999999998,8304.799999999974,1.2119694909669119,68,16,1442.699999999997,11,17,0,0.7994511127471924,0.0726773738861084,0.10083417361811348,64.70588235294117,6,0,False
ED_5400_5400_c08,3,event_driven,5400.0,5400.0,5400.0,0.8,42135.89999999997,35727.799999999996,6408.0999999999785,1.0130823111919034,66,14,494.0,11,17,0,0.7614941596984863,0.06922674179077148,0.10090817356205853,64.70588235294117,4,0,False
ED_5400_5400_c08,4,event_driven,5400.0,5400.0,5400.0,0.8,43066.09999999995,36540.79999999995,6525.299999999999,1.0086585135243087,65,15,551.0,7,17,0,0.49061059951782227,0.07008722850254603,0.06424965580541532,41.17647058823529,3,0,False
ED_5400_5400_c08,5,event_driven,5400.0,5400.0,5400.0,0.8,45889.19999999998,36457.00000000001,9432.199999999979,1.461348504198982,58,17,604.4999999999982,9,17,0,0.6586470603942871,0.07318300671047634,0.0825233816247937,52.94117647058824,3,0,False
ED_5400_5400_c08,6,event_driven,5400.0,5400.0,5400.0,0.8,46718.799999999996,36379.3,10339.499999999995,1.605339626329584,72,26,1471.0,9,17,0,0.6900928020477295,0.07667697800530328,0.08266740148801323,52.94117647058824,3,0,False
ED_5400_5400_c08,7,event_driven,5400.0,5400.0,5400.0,0.8,45712.499999999956,31839.799999999996,13872.699999999964,2.0587609115796726,58,20,3659.199999999997,8,16,0,60.58519721031189,7.573149651288986,0.09446215609871296,50.0,5,2,True
ED_5400_5400_c08,8,event_driven,5400.0,5400.0,5400.0,0.8,44061.999999999956,34684.19999999997,9377.79999999999,1.5271827543351753,65,24,1633.0,9,17,1,0.7391998767852783,0.0821333196428087,0.0827129859387924,52.94117647058824,4,0,False
ED_5400_5400_c08,9,event_driven,5400.0,5400.0,5400.0,0.8,48282.699999999975,38288.39999999998,9994.299999999994,1.4743713730299743,79,22,599.2999999999997,9,17,2,0.6532280445098877,0.07258089383443196,0.08251581553131017,52.94117647058824,4,0,False
ED_5400_5400_c08,10,event_driven,5400.0,5400.0,5400.0,0.8,41415.39999999996,35162.89999999998,6252.499999999978,1.0043630838559554,58,23,587.0,9,17,1,0.6245412826538086,0.06939347585042317,0.08269018743109151,52.94117647058824,4,0,False
ED_5400_5400_c08,11,event_driven,5400.0,5400.0,5400.0,0.8,47456.499999999935,40595.99999999995,6860.499999999986,0.9545402621814084,79,18,779.0,9,17,1,0.5968770980834961,0.0663196775648329,0.08239494644328481,52.94117647058824,4,0,False
ED_5400_5400_c08,12,event_driven,5400.0,5400.0,5400.0,0.8,51242.19999999991,38435.99999999994,12806.199999999964,1.8819315454032886,70,23,1633.0,10,17,0,0.7411081790924072,0.07411081790924072,0.09165902841429881,58.82352941176471,4,0,False
ED_5400_5400_c08,13,event_driven,5400.0,5400.0,5400.0,0.8,46967.99999999996,37728.29999999996,9239.700000000004,1.3832872068255078,74,16,1619.0,9,17,0,0.7937746047973633,0.08819717831081814,0.08259153895567588,52.94117647058824,3,0,False
ED_5400_5400_c08,14,event_driven,5400.0,5400.0,5400.0,0.8,41511.59999999997,33976.599999999984,7534.999999999988,1.2526365107259003,54,19,1442.699999999997,12,17,1,0.7236878871917725,0.060307323932647705,0.11025358324145534,70.58823529411765,8,0,False
ED_5400_5400_c08,15,event_driven,5400.0,5400.0,5400.0,0.8,47009.19999999998,38076.799999999996,8932.39999999999,1.3250413969592039,83,19,676.3000000000002,10,17,0,1.699749231338501,0.1699749231338501,0.09180207472688882,58.82352941176471,4,0,False
ED_5400_5400_c08,16,event_driven,5400.0,5400.0,5400.0,0.8,42965.899999999965,34921.69999999998,8044.1999999999825,1.301095603297384,65,18,1433.8999999999942,12,17,0,0.8763320446014404,0.07302767038345337,0.11022320198401765,70.58823529411765,8,0,False
ED_5400_5400_c08,17,event_driven,5400.0,5400.0,5400.0,0.8,46664.600000000035,41268.00000000003,5396.600000000007,0.7386327058615518,74,16,797.0,11,17,0,0.7793970108032227,0.07085427370938388,0.10064964772623297,64.70588235294117,7,0,False
ED_5400_5400_c08,18,event_driven,5400.0,5400.0,5400.0,0.8,47808.19999999995,36829.09999999998,10979.099999999977,1.6838265823063148,62,18,1574.0,10,17,0,0.7910478115081787,0.07910478115081787,0.09168423947923351,58.82352941176471,5,0,False
ED_5400_5400_c08,19,event_driven,5400.0,5400.0,5400.0,0.8,47645.999999999956,40034.19999999998,7611.799999999972,1.0739348626155372,80,23,560.6999999999998,7,17,1,0.561119794845581,0.08015997069222587,0.06404977582578461,41.17647058823529,4,0,False
ED_5400_5400_c08,20,event_driven,5400.0,5400.0,5400.0,0.8,44444.599999999984,37464.79999999998,6979.800000000001,1.0523041584411197,62,17,588.0,8,17,0,0.7843058109283447,0.09803822636604309,0.07324665812122322,47.05882352941176,4,0,False
ED_5400_5400_c08,21,event_driven,5400.0,5400.0,5400.0,0.8,42943.299999999945,36571.49999999996,6371.799999999979,0.9841042077291594,61,16,511.0,10,17,0,0.9046168327331543,0.09046168327331543,0.09175995595522114,58.82352941176471,5,0,False
ED_5400_5400_c08,22,event_driven,5400.0,5400.0,5400.0,0.8,41702.299999999916,33827.19999999994,7875.0999999999785,1.3149576100278482,55,17,535.1999999999989,10,17,0,0.7576501369476318,0.07576501369476318,0.09197939661515821,58.82352941176471,5,0,False
ED_5400_5400_c08,23,event_driven,5400.0,5400.0,5400.0,0.8,48511.39999999997,35397.7,13113.699999999975,2.0925311252140357,72,25,1428.3999999999942,10,17,0,0.7468376159667969,0.07468376159667969,0.09186110600771634,58.82352941176471,7,0,False
ED_5400_5400_c08,24,event_driven,5400.0,5400.0,5400.0,0.8,45550.49999999993,38151.19999999996,7399.299999999968,1.0954792601975354,63,16,607.3999999999987,10,17,1,0.7146859169006348,0.07146859169006348,0.09179364787956673,58.82352941176471,4,0,False
ED_5400_5400_c08,25,event_driven,5400.0,5400.0,5400.0,0.8,48262.79999999996,40933.299999999974,7329.499999999987,1.0113915420108655,73,21,611.0,5,17,0,0.35558629035949707,0.07111725807189942,0.045649593718615905,29.411764705882355,2,0,False
ED_5400_5400_c08,26,event_driven,5400.0,5400.0,5400.0,0.8,41009.499999999956,36212.59999999998,4796.899999999981,0.748208579941179,64,12,518.0,10,17,1,0.635901927947998,0.0635901927947998,0.09175153683824204,58.82352941176471,5,0,False
ED_5400_5400_c08,27,event_driven,5400.0,5400.0,5400.0,0.8,45003.09999999991,33469.799999999974,11533.299999999937,1.9463556419797476,56,17,2526.9999999999854,12,17,0,0.7949190139770508,0.06624325116475423,0.11040574109853712,70.58823529411765,6,0,False
ED_5400_5400_c08,28,event_driven,5400.0,5400.0,5400.0,0.8,43862.59999999997,37680.59999999997,6181.999999999998,0.9266866740473854,67,15,489.0,11,17,0,0.731846809387207,0.06653152812610973,0.10084341767510084,64.70588235294117,6,0,False
ED_5400_5400_c08,29,event_driven,5400.0,5400.0,5400.0,0.8,47345.299999999974,40632.09999999997,6713.200000000001,0.933215715794023,79,23,491.0,9,17,0,0.7496113777160645,0.08329015307956272,0.0823045267489712,52.94117647058824,3,0,False
ED_5400_5400_c08,30,event_driven,5400.0,5400.0,5400.0,0.8,44364.79999999996,36798.09999999997,7566.6999999999925,1.1614562278373723,68,12,573.0,7,17,0,0.603621244430542,0.08623160634722028,0.06429096252755327,41.17647058823529,3,0,False
ED_5400_5400_c08,31,event_driven,5400.0,5400.0,5400.0,0.8,43941.699999999924,38124.999999999935,5816.699999999986,0.8617643811925773,63,12,813.1000000000004,7,17,0,0.5755834579467773,0.08222620827811104,0.06426735218508997,41.17647058823529,2,0,False
ED_5400_5400_c08,32,event_driven,5400.0,5400.0,5400.0,0.8,49105.999999999825,40718.199999999866,8387.799999999963,1.1635397428187864,79,17,1424.4999999999854,7,17,0,0.5244405269622803,0.07492007528032575,0.06414956011730205,41.17647058823529,2,0,False
ED_5400_5400_c08,33,event_driven,5400.0,5400.0,5400.0,0.8,44407.19999999999,35807.399999999994,8599.799999999996,1.3565546369045083,66,20,866.5,12,17,0,0.8047158718109131,0.06705965598424275,0.11017260374586854,70.58823529411765,7,0,False
ED_5400_5400_c08,34,event_driven,5400.0,5400.0,5400.0,0.8,45368.59999999989,38258.09999999991,7110.499999999981,1.04978042285436,67,11,1599.0,8,17,0,0.512535810470581,0.06406697630882263,0.07338776259058802,47.05882352941176,3,0,False
ED_5400_5400_c08,35,event_driven,5400.0,5400.0,5400.0,0.8,40203.099999999984,35031.29999999999,5171.799999999996,0.8338869826396691,50,11,712.8000000000002,10,17,0,0.6461012363433838,0.06461012363433838,0.0918357975939021,58.82352941176471,9,0,False
ED_5400_5400_c08,36,event_driven,5400.0,5400.0,5400.0,0.8,39055.399999999965,35674.099999999984,3381.299999999981,0.5353679960691743,48,10,381.1999999999998,13,17,0,0.7892208099365234,0.06070929307204027,0.11938653687207272,76.47058823529412,8,0,False
ED_5400_5400_c08,37,event_driven,5400.0,5400.0,5400.0,0.8,49555.29999999993,40124.599999999955,9430.699999999977,1.327562390406629,83,23,844.8000000000002,10,17,1,0.6507580280303955,0.06507580280303955,0.09167583425009168,58.82352941176471,6,0,False
ED_5400_5400_c08,38,event_driven,5400.0,5400.0,5400.0,0.8,42139.69999999996,37555.39999999997,4584.299999999989,0.6894810988975865,65,8,722.0,11,17,1,0.8409414291381836,0.07644922083074396,0.10091743119266054,64.70588235294117,5,0,False
ED_5400_5400_c08,39,event_driven,5400.0,5400.0,5400.0,0.8,44752.99999999999,39637.299999999996,5115.699999999997,0.7289919476723317,68,16,540.0,9,17,1,0.7239294052124023,0.08043660057915582,0.08244023083264633,52.94117647058824,5,0,False
ED_5400_5400_c08,40,event_driven,5400.0,5400.0,5400.0,0.8,45308.399999999914,38223.89999999995,7084.499999999962,1.0468776669242827,60,15,1445.2999999999884,10,17,2,0.7711226940155029,0.07711226940155029,0.09164222873900293,58.82352941176471,6,0,False
ED_5400_5400_c08,41,event_driven,5400.0,5400.0,5400.0,0.8,42913.89999999995,37598.39999999996,5315.499999999996,0.798539650272703,61,9,684.0,8,17,0,0.5616121292114258,0.07020151615142822,0.0733810310034856,47.05882352941176,5,0,False
ED_5400_5400_c08,42,event_driven,5400.0,5400.0,5400.0,0.8,49250.799999999945,38344.899999999936,10905.900000000007,1.6064811289573941,72,30,1493.0,10,17,1,0.7505679130554199,0.07505679130554199,0.09175153683824204,58.82352941176471,5,0,False
ED_5400_5400_c08,43,event_driven,5400.0,5400.0,5400.0,0.8,50232.89999999992,38888.699999999946,11344.199999999979,1.6476773656417092,70,19,1427.0999999999913,11,16,0,0.8025438785552979,0.07295853441411798,0.10088966339539578,68.75,6,0,False
ED_5400_5400_c08,44,event_driven,5400.0,5400.0,5400.0,0.8,43844.799999999996,38691.099999999984,5153.700000000011,0.7523670789951685,78,11,742.0,10,17,0,0.6938769817352295,0.06938769817352294,0.09160864785635764,58.82352941176471,5,0,False
ED_5400_5400_c08,45,event_driven,5400.0,5400.0,5400.0,0.8,40923.499999999956,34175.09999999997,6748.3999999999905,1.1153540520360217,63,13,603.0,11,17,1,0.8000378608703613,0.07273071462457831,0.10106578463800074,64.70588235294117,5,0,False
ED_5400_5400_c08,46,event_driven,5400.0,5400.0,5400.0,0.8,48195.69999999998,36565.69999999997,11630.000000000013,1.7965013570184571,67,21,1510.0,12,17,0,0.8481752872467041,0.07068127393722534,0.10995052226498077,70.58823529411765,7,0,False
ED_5400_5400_c08,47,event_driven,5400.0,5400.0,5400.0,0.8,46079.19999999997,41161.29999999997,4917.900000000001,0.6748579022389622,75,12,579.8000000000002,11,17,1,0.8429765701293945,0.07663423364812677,0.10069571585499817,64.70588235294117,7,0,False
ED_5400_5400_c08,48,event_driven,5400.0,5400.0,5400.0,0.8,46327.29999999997,38388.99999999997,7938.299999999998,1.1679989030740554,72,25,624.0,9,17,1,0.6668491363525391,0.07409434848361546,0.08254608823259653,52.94117647058824,4,0,False
ED_5400_5400_c08,49,event_driven,5400.0,5400.0,5400.0,0.8,45996.69999999994,35189.19999999995,10807.499999999987,1.7347527207086393,63,14,1493.0,8,17,1,0.6522371768951416,0.0815296471118927,0.07342143906020558,47.05882352941176,2,0,False
