seed,label,RESCHEDULING_HORIZON,CONFLICT_WINDOW,RETRACK_CONFLICT_WINDOW,SWITCH_PENALTY,min_objective_improvement,TED_combined,TED_passenger,TED_freight,delay_ratio,n_platform_switches,n_rescheduled,n_evaluated,n_skipped_no_improvement,total_steps,total_solve_time_s,mean_solve_time_s,trigger_rate_pct,trigger_rate_mc_pct,deadlock,switch_penalty,min_obj_improvement
0,SP0_MOI-10000,3600,1200,900,0.0,-10000.0,37175.3,35665.40000000001,1509.8999999999887,0.239123804971936,147,94,0,0,10872,4.389170169830322,0.0466932996790459,0.8646063281824872,9400.0,False,0,-10000
1,SP0_MOI-10000,3600,1200,900,0.0,-10000.0,41152.19999999996,37373.69999999998,3778.499999999978,0.5710512125718511,142,93,0,0,10899,4.5480055809021,0.0489032858161516,0.853289292595651,9300.0,False,0,-10000
2,SP0_MOI-10000,3600,1200,900,0.0,-10000.0,41733.40000000001,37851.2,3882.200000000003,0.5793219440659949,165,93,0,0,10876,4.403081893920898,0.0473449666012999,0.8550937844795881,9300.0,False,0,-10000
3,SP0_MOI-10000,3600,1200,900,0.0,-10000.0,37256.79999999999,35810.899999999994,1445.899999999991,0.2280577044517618,145,93,0,0,10879,4.38984751701355,0.0472026614732639,0.8548579832705213,9300.0,False,0,-10000
4,SP0_MOI-10000,3600,1200,900,0.0,-10000.0,47381.7,43731.50000000001,3650.199999999986,0.4714590898279982,145,94,0,0,10936,4.680686235427856,0.0497945344194452,0.8595464520848574,9400.0,False,0,-10000
5,SP0_MOI-10000,3600,1200,900,0.0,-10000.0,42532.10000000004,38855.80000000002,3676.300000000024,0.5344127560064467,139,94,0,0,10875,4.489184856414795,0.0477572857065403,0.864367816091954,9400.0,False,0,-10000
6,SP0_MOI-10000,3600,1200,900,0.0,-10000.0,37643.599999999984,34695.19999999999,2948.3999999999933,0.4799972330466452,151,94,0,0,10874,4.456623077392578,0.0474108838020487,0.8644473054993563,9400.0,False,0,-10000
7,SP0_MOI-10000,3600,1200,900,0.0,-10000.0,40217.3,37211.59999999999,3005.7000000000035,0.4562354359783124,163,94,0,0,10876,4.354776859283447,0.0463274133966324,0.8642883413019492,9400.0,False,0,-10000
8,SP0_MOI-10000,3600,1200,900,0.0,-10000.0,39254.30000000002,36066.70000000001,3187.6000000000076,0.4992052423505824,131,93,0,0,10871,4.509096384048462,0.0484849073553598,0.8554870757060068,9300.0,False,0,-10000
9,SP0_MOI-10000,3600,1200,900,0.0,-10000.0,36493.29999999998,35300.7,1192.5999999999833,0.1908240962877246,135,94,0,0,10862,4.581813812255859,0.0487427001303814,0.8654023200147302,9400.0,False,0,-10000
10,SP0_MOI-10000,3600,1200,900,0.0,-10000.0,38085.99999999999,33873.200000000004,4212.799999999988,0.7024838463497914,188,94,0,0,10866,4.397040605545044,0.0467770277185643,0.8650837474691699,9400.0,False,0,-10000
11,SP0_MOI-10000,3600,1200,900,0.0,-10000.0,39317.79999999999,37287.79999999998,2030.0000000000043,0.3075041661388947,163,94,0,0,10873,4.432604551315308,0.0471553675671841,0.864526809528189,9400.0,False,0,-10000
12,SP0_MOI-10000,3600,1200,900,0.0,-10000.0,45008.299999999974,39680.599999999984,5327.6999999999925,0.7583736908444693,168,94,0,0,10867,4.4222307205200195,0.0470450076651065,0.8650041409772706,9400.0,False,0,-10000
13,SP0_MOI-10000,3600,1200,900,0.0,-10000.0,41037.2,37083.19999999999,3954.000000000007,0.6022560733049591,145,94,0,0,10893,4.456923484802246,0.0474140796255558,0.862939502432755,9400.0,False,0,-10000
14,SP0_MOI-10000,3600,1200,900,0.0,-10000.0,11717.8,11160.0,557.8000000000015,0.1092745449434257,59,36,0,0,2413,130.6803755760193,3.6300104326672025,1.491918773311231,3600.0,True,0,-10000
15,SP0_MOI-10000,3600,1200,900,0.0,-10000.0,38806.5,37216.19999999999,1590.3000000000106,0.2413619237421791,135,94,0,0,10882,4.328121900558472,0.0460438500059411,0.863811799301599,9400.0,False,0,-10000
16,SP0_MOI-10000,3600,1200,900,0.0,-10000.0,38832.6,36817.899999999994,2014.7000000000023,0.3090815626620226,136,94,0,0,10884,4.233926773071289,0.0450417741816094,0.8636530687247336,9400.0,False,0,-10000
17,SP0_MOI-10000,3600,1200,900,0.0,-10000.0,39781.40000000005,39248.700000000026,532.7000000000235,0.0766618237821138,138,93,0,0,10897,4.506947040557861,0.0484617961350307,0.853445902541984,9300.0,False,0,-10000
18,SP0_MOI-10000,3600,1200,900,0.0,-10000.0,39490.9,36831.3,2659.5999999999976,0.4078692862851985,143,94,0,0,10868,4.4084038734436035,0.0468979135472723,0.8649245491350755,9400.0,False,0,-10000
19,SP0_MOI-10000,3600,1200,900,0.0,-10000.0,42004.299999999974,39436.39999999998,2567.8999999999924,0.3677922477153635,176,94,0,0,10881,4.397972583770752,0.0467869423805399,0.8638911864718317,9400.0,False,0,-10000
20,SP0_MOI-10000,3600,1200,900,0.0,-10000.0,40949.2,39599.09999999999,1350.1000000000022,0.192576082800861,151,94,0,0,10898,4.559181451797485,0.0485019303382711,0.8625435859790788,9400.0,False,0,-10000
21,SP0_MOI-10000,3600,1200,900,0.0,-10000.0,41153.999999999985,39973.49999999999,1180.499999999995,0.1668074879827659,175,94,0,0,10890,4.463592767715454,0.0474850294437814,0.8631772268135905,9400.0,False,0,-10000
22,SP0_MOI-10000,3600,1200,900,0.0,-10000.0,42431.99999999996,37910.39999999999,4521.599999999976,0.6736828630979014,175,94,0,0,10887,4.458974838256836,0.0474359025346471,0.8634150822081382,9400.0,False,0,-10000
23,SP0_MOI-10000,3600,1200,900,0.0,-10000.0,40328.50000000002,36322.8,4005.700000000019,0.6229035811612075,143,94,0,0,10844,4.449399471282959,0.0473340369285421,0.866838804869052,9400.0,False,0,-10000
24,SP0_MOI-10000,3600,1200,900,0.0,-10000.0,37435.9,34988.2,2447.7000000000035,0.3951466588641414,168,94,0,0,10871,4.444488525390625,0.0472817928233045,0.8646858614662865,9400.0,False,0,-10000
0,SP0_MOI60,3600,1200,900,0.0,60.0,38778.59999999998,37732.899999999994,1045.6999999999862,0.156533988076221,143,55,0,39,10884,3.3474481105804443,0.0608626929196444,0.5053289231900037,5500.0,False,0,60
1,SP0_MOI60,3600,1200,900,0.0,60.0,37659.7,36124.9,1534.8000000000038,0.2399754770225006,92,42,0,52,10881,2.6892735958099365,0.0640303237097603,0.3859939343810311,4200.0,False,0,60
2,SP0_MOI60,3600,1200,900,0.0,60.0,43434.79999999998,39182.19999999998,4252.599999999998,0.6130380688113536,117,44,0,49,10895,2.6429851055145264,0.0600678433071483,0.4038549793483249,4400.0,False,0,60
3,SP0_MOI60,3600,1200,900,0.0,60.0,38006.49999999996,36773.59999999998,1232.8999999999835,0.1893709820972833,119,43,0,51,10885,2.6344947814941406,0.0612673204998637,0.3950390445567294,4300.0,False,0,60
4,SP0_MOI60,3600,1200,900,0.0,60.0,38588.79999999997,37599.7,989.0999999999711,0.1485858827433318,109,46,0,48,10893,2.8724284172058105,0.0624440960262132,0.4222895437436886,4600.0,False,0,60
5,SP0_MOI60,3600,1200,900,0.0,60.0,38531.49999999997,37407.19999999999,1124.299999999983,0.1697652258988019,123,47,0,47,10897,2.7156426906585693,0.0577796317161397,0.4313113701018629,4700.0,False,0,60
6,SP0_MOI60,3600,1200,900,0.0,60.0,41616.399999999965,37003.59999999999,4612.799999999975,0.7041130182878516,131,51,0,43,10909,3.210932493209839,0.0629594606511733,0.4675038958657989,5100.0,False,0,60
7,SP0_MOI60,3600,1200,900,0.0,60.0,38710.89999999997,36201.59999999999,2509.29999999998,0.3915133251350405,124,48,0,46,10896,2.8960492610931396,0.060334359606107,0.4405286343612335,4800.0,False,0,60
8,SP0_MOI60,3600,1200,900,0.0,60.0,38010.30000000001,34742.100000000006,3268.200000000007,0.5313421715193639,96,48,0,45,10877,3.008432388305664,0.062675674756368,0.4412981520639882,4800.0,False,0,60
9,SP0_MOI60,3600,1200,900,0.0,60.0,37762.39999999999,35664.29999999999,2098.1000000000004,0.3322876544165061,120,51,0,43,10868,3.179941892623902,0.0623518018161549,0.4692675745307324,5100.0,False,0,60
10,SP0_MOI60,3600,1200,900,0.0,60.0,36150.79999999999,35006.700000000004,1144.0999999999804,0.1846012083652275,131,53,0,41,10875,3.3313674926757812,0.0628559904278449,0.4873563218390804,5300.0,False,0,60
11,SP0_MOI60,3600,1200,900,0.0,60.0,39348.39999999998,37322.6,2025.7999999999793,0.3065818235929611,110,49,0,45,10895,3.1947503089904785,0.0651989858977648,0.4497475906379073,4900.0,False,0,60
12,SP0_MOI60,3600,1200,900,0.0,60.0,46362.299999999974,40660.599999999984,5701.6999999999925,0.7920494678732376,101,43,0,51,10906,2.822004556655884,0.0656280129454856,0.3942783788740143,4300.0,False,0,60
13,SP0_MOI60,3600,1200,900,0.0,60.0,41898.19999999999,38211.8,3686.399999999997,0.5449123966021884,123,47,0,47,10894,3.0012941360473633,0.0638573220435609,0.4314301450339636,4700.0,False,0,60
14,SP0_MOI60,3600,1200,900,0.0,60.0,38347.49999999996,34760.899999999994,3586.5999999999717,0.5827921032533065,86,42,0,52,10865,2.5532240867614746,0.060791049684797,0.3865623561895996,4200.0,False,0,60
15,SP0_MOI60,3600,1200,900,0.0,60.0,36940.49999999998,35369.2,1571.2999999999806,0.2509317413188547,99,45,0,48,10872,2.663534641265869,0.059189658694797,0.4139072847682119,4500.0,False,0,60
16,SP0_MOI60,3600,1200,900,0.0,60.0,36920.3,35350.8,1569.4999999999918,0.2507747465994508,100,46,0,48,10877,2.859696865081787,0.0621673231539518,0.422910729061322,4600.0,False,0,60
17,SP0_MOI60,3600,1200,900,0.0,60.0,41064.30000000001,40064.40000000001,999.8999999999988,0.1409677123128464,102,45,0,48,10914,3.0281834602355957,0.0672929657830132,0.4123144584936778,4500.0,False,0,60
18,SP0_MOI60,3600,1200,900,0.0,60.0,39775.999999999985,38289.7,1486.2999999999822,0.2192533515526356,113,47,0,47,10886,3.120696544647217,0.0663977988222812,0.4317471982362668,4700.0,False,0,60
19,SP0_MOI60,3600,1200,900,0.0,60.0,41271.29999999999,40052.2,1219.0999999999858,0.1719232774855167,124,46,0,48,10883,3.0041043758392334,0.0653066168660703,0.4226775705228338,4600.0,False,0,60
20,SP0_MOI60,3600,1200,900,0.0,60.0,43894.20000000001,42350.6,1543.6000000000104,0.205871831907828,98,43,0,51,10915,2.888094663619995,0.0671649921772091,0.3939532753092075,4300.0,False,0,60
21,SP0_MOI60,3600,1200,900,0.0,60.0,39473.39999999994,38497.19999999998,976.199999999962,0.1432291407977896,134,43,0,51,10899,2.9223904609680176,0.0679625688597213,0.3945316084044408,4300.0,False,0,60
22,SP0_MOI60,3600,1200,900,0.0,60.0,38866.6,37442.7,1423.8999999999987,0.2147998918904861,120,47,0,47,10888,2.8711297512054443,0.0610878670469243,0.431667891256429,4700.0,False,0,60
23,SP0_MOI60,3600,1200,900,0.0,60.0,40330.89999999998,36618.40000000001,3712.499999999969,0.572649419267508,108,48,0,46,10857,3.0173540115356445,0.0628615419069926,0.4421110804089527,4800.0,False,0,60
24,SP0_MOI60,3600,1200,900,0.0,60.0,35992.09999999996,33518.59999999998,2473.4999999999845,0.4168192526596495,138,45,0,49,10875,2.798250436782837,0.0621833430396185,0.4137931034482758,4500.0,False,0,60
0,SP0_MOI120,3600,1200,900,0.0,120.0,38677.999999999985,37252.99999999999,1424.9999999999943,0.2160604810055853,120,38,0,56,10895,2.385155200958252,0.0627672421304803,0.348783845800826,3800.0,False,0,120
1,SP0_MOI120,3600,1200,900,0.0,120.0,37822.09999999997,36579.299999999974,1242.7999999999963,0.1919055703245118,84,33,0,61,10892,2.3408877849578857,0.0709359934835723,0.3029746603011384,3300.0,False,0,120
2,SP0_MOI120,3600,1200,900,0.0,120.0,42114.80000000001,37543.8,4571.000000000016,0.6876931846167804,85,31,0,62,10901,2.045485496520996,0.0659834031135805,0.2843775800385285,3100.0,False,0,120
3,SP0_MOI120,3600,1200,900,0.0,120.0,37560.100000000006,36118.90000000001,1441.1999999999937,0.2253779709682287,100,35,0,58,10879,2.1954092979431152,0.0627259799412318,0.3217207463921316,3500.0,False,0,120
4,SP0_MOI120,3600,1200,900,0.0,120.0,36587.90000000001,35062.4,1525.5000000000043,0.2457493052261244,84,30,0,64,10866,1.782067060470581,0.0594022353490193,0.2760905577029265,3000.0,False,0,120
5,SP0_MOI120,3600,1200,900,0.0,120.0,39866.09999999997,38728.49999999999,1137.5999999999783,0.1659130830051438,100,35,0,59,10898,2.215536832809448,0.0633010523659842,0.321159845843274,3500.0,False,0,120
6,SP0_MOI120,3600,1200,900,0.0,120.0,41603.59999999999,37162.3,4441.299999999989,0.6750396013116549,98,33,0,61,10895,2.2789340019226074,0.0690586061188669,0.3028912345112436,3300.0,False,0,120
7,SP0_MOI120,3600,1200,900,0.0,120.0,39475.99999999998,36549.3,2926.699999999978,0.4522940458293495,96,32,0,62,10875,2.085054874420166,0.0651579648256301,0.2942528735632184,3200.0,False,0,120
8,SP0_MOI120,3600,1200,900,0.0,120.0,37275.49999999996,34351.79999999998,2923.6999999999853,0.4807342181278897,87,34,0,59,10886,2.1209263801574707,0.0623801876516903,0.3123277604262355,3400.0,False,0,120
9,SP0_MOI120,3600,1200,900,0.0,120.0,38907.099999999984,36659.69999999999,2247.399999999995,0.3462686681698287,112,40,0,54,10894,2.5667290687561035,0.0641682267189025,0.3671745915182669,4000.0,False,0,120
10,SP0_MOI120,3600,1200,900,0.0,120.0,35767.09999999999,34224.8,1542.299999999992,0.2545362645582356,113,38,0,56,10874,2.7277209758758545,0.0717821309441014,0.3494574213720802,3800.0,False,0,120
11,SP0_MOI120,3600,1200,900,0.0,120.0,39569.79999999999,37319.19999999999,2250.599999999995,0.3406337815328355,77,30,0,64,10885,3.56286096572876,0.1187620321909586,0.2756086357372531,3000.0,False,0,120
12,SP0_MOI120,3600,1200,900,0.0,120.0,43422.69999999992,38600.599999999955,4822.09999999997,0.7056086300087653,90,31,0,63,10914,2.6414408683776855,0.0852077699476672,0.2840388491845336,3100.0,False,0,120
13,SP0_MOI120,3600,1200,900,0.0,120.0,39936.39999999997,37632.599999999984,2303.799999999986,0.345781915878054,83,31,0,63,10911,2.298468589782715,0.0741441480575069,0.2841169462010814,3100.0,False,0,120
14,SP0_MOI120,3600,1200,900,0.0,120.0,41185.89999999999,36742.79999999999,4443.1,0.683023373526003,99,35,0,59,10889,2.758636474609375,0.0788181849888392,0.3214252915786573,3500.0,False,0,120
15,SP0_MOI120,3600,1200,900,0.0,120.0,37603.6,36173.100000000006,1430.499999999995,0.2233694937112662,83,34,0,60,10893,2.425170421600342,0.0713285418117747,0.312127054071422,3400.0,False,0,120
16,SP0_MOI120,3600,1200,900,0.0,120.0,37494.000000000015,35448.20000000001,2045.800000000002,0.3259798185013008,103,33,0,61,10882,2.358698606491089,0.0714757153482148,0.3032530784782209,3300.0,False,0,120
17,SP0_MOI120,3600,1200,900,0.0,120.0,37258.3,35984.49999999999,1273.8000000000002,0.1999435959835577,83,33,0,61,10885,2.278492212295532,0.06904521855441,0.3031694993109784,3300.0,False,0,120
18,SP0_MOI120,3600,1200,900,0.0,120.0,39366.50000000001,37895.49999999999,1471.000000000012,0.2192536125588881,91,28,0,66,10915,2.020331621170044,0.072154700756073,0.2565277141548328,2800.0,False,0,120
19,SP0_MOI120,3600,1200,900,0.0,120.0,42492.40000000001,39184.80000000001,3307.6000000000017,0.4767789528615156,104,33,0,61,10897,2.517652988433838,0.0762925148010253,0.3028356428374782,3300.0,False,0,120
20,SP0_MOI120,3600,1200,900,0.0,120.0,39481.0,37873.099999999984,1607.900000000017,0.239800402274562,101,40,0,54,10894,2.9255759716033936,0.0731393992900848,0.3671745915182669,4000.0,False,0,120
21,SP0_MOI120,3600,1200,900,0.0,120.0,40929.399999999965,39514.29999999999,1415.099999999978,0.2022807545010868,97,30,0,64,10907,2.4182288646698,0.0806076288223266,0.2750527184377005,3000.0,False,0,120
22,SP0_MOI120,3600,1200,900,0.0,120.0,38900.79999999998,36862.69999999998,2038.0999999999976,0.3122914353670645,111,34,0,60,10892,3.574639081954956,0.1051364435869104,0.3121557106132941,3400.0,False,0,120
23,SP0_MOI120,3600,1200,900,0.0,120.0,37740.899999999965,34303.29999999999,3437.599999999973,0.5660322367344681,72,32,0,62,10855,2.734476327896118,0.0854523852467536,0.2947950253339474,3200.0,False,0,120
24,SP0_MOI120,3600,1200,900,0.0,120.0,39914.29999999997,34265.39999999999,5648.899999999978,0.931171783384216,111,36,0,58,10871,3.233795642852783,0.0898276567459106,0.3311562873700671,3600.0,False,0,120
0,SP0_MOI180,3600,1200,900,0.0,180.0,37910.59999999997,36576.79999999999,1333.799999999983,0.205971310463773,95,29,0,65,10898,2.06093168258667,0.0710666097443679,0.2661038722701413,2900.0,False,0,180
1,SP0_MOI180,3600,1200,900,0.0,180.0,36607.59999999998,35509.69999999999,1097.8999999999878,0.1746375011539159,72,24,0,71,10898,1.7395696640014648,0.0724820693333943,0.2202238942925307,2400.0,False,0,180
2,SP0_MOI180,3600,1200,900,0.0,180.0,49483.699999999975,48666.599999999984,817.0999999999931,0.0911137972678307,80,24,0,53,8928,126.01759958267212,5.250733315944672,0.2688172043010753,2400.0,True,0,180
3,SP0_MOI180,3600,1200,900,0.0,180.0,36802.39999993007,35444.69999993007,1357.7000000000007,0.2163586384701286,75,26,0,67,10887,1.7762792110443115,0.0683184311940119,0.2388169376320382,2600.0,False,0,180
4,SP0_MOI180,3600,1200,900,0.0,180.0,39528.89999999996,38595.89999999997,932.9999999999828,0.1365407229242483,79,25,0,69,10900,1.6600699424743652,0.0664027976989746,0.2293577981651376,2500.0,False,0,180
5,SP0_MOI180,3600,1200,900,0.0,180.0,36014.99999999997,34745.19999999999,1269.799999999983,0.2064249715954096,84,27,0,67,10884,1.7306878566741943,0.0640995502471923,0.2480705622932745,2700.0,False,0,180
6,SP0_MOI180,3600,1200,900,0.0,180.0,40545.79999999996,35801.79999999998,4743.999999999979,0.7484478495433223,91,27,0,67,10894,1.6560027599334717,0.0613334355530915,0.2478428492748302,2700.0,False,0,180
7,SP0_MOI180,3600,1200,900,0.0,180.0,39113.49999999999,36369.9,2743.599999999992,0.4260890896707865,102,27,0,67,10892,1.841686487197876,0.0682106106369583,0.2478883584282042,2700.0,False,0,180
8,SP0_MOI180,3600,1200,900,0.0,180.0,35979.2,32948.7,3030.5000000000027,0.5195145687183315,73,26,0,67,10866,1.5302391052246094,0.0588553502009465,0.2392784833425363,2600.0,False,0,180
9,SP0_MOI180,3600,1200,900,0.0,180.0,39953.1,37404.3,2548.7999999999984,0.3848894025905757,74,30,0,64,10889,1.8704774379730225,0.062349247932434,0.2755073927817063,3000.0,False,0,180
10,SP0_MOI180,3600,1200,900,0.0,180.0,35237.199999999975,33800.89999999998,1436.2999999999925,0.2400151319203759,79,24,0,70,10872,1.5449306964874268,0.0643721123536427,0.2207505518763796,2400.0,False,0,180
11,SP0_MOI180,3600,1200,900,0.0,180.0,40552.39999999998,38131.49999999999,2420.8999999999905,0.3586036349342264,86,26,0,68,10895,1.8081419467926023,0.0695439210304847,0.2386415787058284,2600.0,False,0,180
12,SP0_MOI180,3600,1200,900,0.0,180.0,52150.6,50995.7,1154.899999999995,0.104478194566731,65,19,0,48,7317,189.5067958831787,9.974041888588353,0.2596692633593002,1900.0,True,0,180
13,SP0_MOI180,3600,1200,900,0.0,180.0,41557.19999999997,39483.89999999998,2073.299999999986,0.2965950038503643,86,26,0,68,10906,1.6908979415893557,0.0650345362149752,0.2384008802494039,2600.0,False,0,180
14,SP0_MOI180,3600,1200,900,0.0,180.0,38713.699999999975,34248.79999999999,4464.899999999989,0.736356464306055,87,26,0,68,10871,1.6797664165496826,0.0646064006365262,0.2391684297672707,2600.0,False,0,180
15,SP0_MOI180,3600,1200,900,0.0,180.0,40595.8,38974.8,1620.999999999995,0.2349204619902601,72,26,0,69,10898,1.7016303539276123,0.0654473213049081,0.2385758854835749,2600.0,False,0,180
16,SP0_MOI180,3600,1200,900,0.0,180.0,38938.59999999998,37014.89999999998,1923.699999999996,0.293550274779455,82,25,0,69,10881,1.5804288387298584,0.0632171535491943,0.2297582942744233,2500.0,False,0,180
17,SP0_MOI180,3600,1200,900,0.0,180.0,37489.900000000016,36092.70000000001,1397.2000000000016,0.2186557648243808,65,22,0,71,10889,1.4150161743164062,0.0643189170143821,0.2020387547065846,2200.0,False,0,180
18,SP0_MOI180,3600,1200,900,0.0,180.0,37856.099999999984,35935.1,1920.9999999999864,0.3019466626357918,87,27,0,67,10881,1.8076870441436768,0.0669513720053213,0.2481389578163771,2700.0,False,0,180
19,SP0_MOI180,3600,1200,900,0.0,180.0,41235.599999999984,39357.50000000001,1878.0999999999744,0.269533614451352,81,25,0,69,10903,1.4996984004974363,0.0599879360198974,0.2292946895349903,2500.0,False,0,180
20,SP0_MOI180,3600,1200,900,0.0,180.0,42285.99999999996,39994.09999999997,2291.899999999995,0.3236841719867961,65,23,0,71,10903,1.403151035308838,0.0610065667525581,0.2109511143721911,2300.0,False,0,180
21,SP0_MOI180,3600,1200,900,0.0,180.0,38870.89999999997,36020.199999999975,2850.699999999998,0.4470201732349083,97,27,0,67,10887,1.9115641117095947,0.070798670804059,0.2480022044640397,2700.0,False,0,180
22,SP0_MOI180,3600,1200,900,0.0,180.0,38041.79999999999,36122.1,1919.699999999989,0.3001802403332197,105,29,0,65,10864,1.9430696964263916,0.0670024033250479,0.2669366715758468,2900.0,False,0,180
23,SP0_MOI180,3600,1200,900,0.0,180.0,38467.0,34421.399999999994,4045.600000000002,0.6638594429213062,82,26,0,68,10866,1.5172972679138184,0.0583575872274545,0.2392784833425363,2600.0,False,0,180
24,SP0_MOI180,3600,1200,900,0.0,180.0,39122.699999999975,36110.999999999985,3011.699999999988,0.471079190810019,99,25,0,69,10873,1.587836980819702,0.063513479232788,0.2299273429596247,2500.0,False,0,180
0,SP0_MOI300,3600,1200,900,0.0,300.0,44145.299999999945,41528.89999999995,2616.3999999999915,0.3558569394505325,74,19,0,75,10922,1.3657350540161133,0.0718807923166375,0.1739608130379051,1900.0,False,0,300
1,SP0_MOI300,3600,1200,900,0.0,300.0,38106.49999999999,33839.7,4266.799999999996,0.7121926853130138,55,15,0,79,10872,1.0240719318389893,0.0682714621225992,0.1379690949227373,1500.0,False,0,300
2,SP0_MOI300,3600,1200,900,0.0,300.0,41598.89999999999,37408.299999999974,4190.600000000011,0.6327468079966879,60,19,0,74,10910,1.308854341506958,0.0688870706056293,0.1741521539871677,1900.0,False,0,300
3,SP0_MOI300,3600,1200,900,0.0,300.0,37196.59999999998,35434.89999999998,1761.6999999999937,0.2808164013134245,50,16,0,77,10893,1.0499203205108645,0.065620020031929,0.1468833195630221,1600.0,False,0,300
4,SP0_MOI300,3600,1200,900,0.0,300.0,37315.59999999996,35829.99999999997,1485.5999999999883,0.23419456346054,48,14,0,80,10888,0.956169366836548,0.0682978119168962,0.1285819250551065,1400.0,False,0,300
5,SP0_MOI300,3600,1200,900,0.0,300.0,38898.49999999995,36060.89999999997,2837.599999999986,0.4444637443148276,57,15,0,79,10884,0.9947912693023682,0.0663194179534912,0.1378169790518191,1500.0,False,0,300
6,SP0_MOI300,3600,1200,900,0.0,300.0,41600.69999999995,36969.299999999974,4631.399999999978,0.7076080916916392,65,17,0,77,10904,1.0948808193206787,0.0644047540776869,0.1559060895084372,1700.0,False,0,300
7,SP0_MOI300,3600,1200,900,0.0,300.0,38126.79999999996,36266.79999999998,1859.999999999979,0.2896846169481166,63,18,0,76,10889,1.2802953720092771,0.071127520667182,0.1653044356690237,1800.0,False,0,300
8,SP0_MOI300,3600,1200,900,0.0,300.0,36460.199999999975,33456.79999999999,3003.3999999999887,0.5070496682485858,52,15,0,78,10865,0.9460494518280028,0.0630699634552001,0.1380579843534284,1500.0,False,0,300
9,SP0_MOI300,3600,1200,900,0.0,300.0,39688.29999999994,37208.59999999996,2479.699999999978,0.3764242025342924,57,17,0,77,10887,1.1122941970825195,0.0654290704166188,0.156149536144025,1700.0,False,0,300
10,SP0_MOI300,3600,1200,900,0.0,300.0,36401.19999999998,33621.399999999994,2779.7999999999847,0.4670027991721887,64,20,0,74,10881,1.458512783050537,0.0729256391525268,0.1838066354195386,2000.0,False,0,300
11,SP0_MOI300,3600,1200,900,0.0,300.0,41042.99999999997,38744.599999999984,2298.3999999999905,0.3350704724934927,66,20,0,74,10922,1.37149977684021,0.0685749888420104,0.183116645303058,2000.0,False,0,300
12,SP0_MOI300,3600,1200,900,0.0,300.0,52010.69999999999,51028.8,981.8999999999896,0.088770106292916,51,13,0,54,7329,189.12171959877017,14.54782458452078,0.1773775412743894,1300.0,True,0,300
13,SP0_MOI300,3600,1200,900,0.0,300.0,42065.29999999996,39388.39999999995,2676.9000000000083,0.3838712038943596,58,17,0,77,10922,1.1484417915344238,0.0675553995020249,0.1556491485075993,1700.0,False,0,300
14,SP0_MOI300,3600,1200,900,0.0,300.0,38626.29999999997,34482.09999999997,4144.199999999995,0.6788420340147175,69,20,0,74,10889,1.3504889011383057,0.0675244450569152,0.1836715951878042,2000.0,False,0,300
15,SP0_MOI300,3600,1200,900,0.0,300.0,38507.29999999996,36321.49999999998,2185.7999999999797,0.3399134681377951,47,16,0,77,10895,1.0799367427825928,0.067496046423912,0.1468563561266636,1600.0,False,0,300
16,SP0_MOI300,3600,1200,900,0.0,300.0,39888.59999999997,37231.59999999998,2656.9999999999936,0.4030895886738766,53,16,0,78,10913,1.115149974822998,0.0696968734264373,0.1466141299367726,1600.0,False,0,300
17,SP0_MOI300,3600,1200,900,0.0,300.0,37498.400000000016,35719.50000000001,1778.9000000000078,0.2812988072972127,53,15,0,79,10897,0.9884672164916992,0.0658978144327799,0.1376525649261264,1500.0,False,0,300
18,SP0_MOI300,3600,1200,900,0.0,300.0,41281.99999999995,38580.499999999985,2701.4999999999745,0.3955112551164925,66,20,0,74,10907,1.2975783348083496,0.0648789167404174,0.183368478958467,2000.0,False,0,300
19,SP0_MOI300,3600,1200,900,0.0,300.0,39540.09999999998,37812.29999999999,1727.799999999986,0.2580964918299575,46,13,0,81,10915,0.931178331375122,0.0716291024134709,0.119102153000458,1300.0,False,0,300
20,SP0_MOI300,3600,1200,900,0.0,300.0,41238.29999999998,39154.39999999998,2083.899999999999,0.3006201091065117,51,17,0,76,10901,1.100752592086792,0.0647501524756936,0.1559489955049995,1700.0,False,0,300
21,SP0_MOI300,3600,1200,900,0.0,300.0,38024.29999999995,36698.09999999997,1326.1999999999855,0.2041207570976121,55,16,0,78,10901,1.0929865837097168,0.0683116614818573,0.146775525181176,1600.0,False,0,300
22,SP0_MOI300,3600,1200,900,0.0,300.0,37603.79999999998,35712.39999999999,1891.399999999995,0.2991479796287083,51,15,0,79,10874,0.9889850616455078,0.0659323374430338,0.1379437189626632,1500.0,False,0,300
23,SP0_MOI300,3600,1200,900,0.0,300.0,39521.09999999993,35785.59999999996,3735.4999999999745,0.5896063663154303,52,19,0,75,10866,1.2717819213867188,0.0669358905993009,0.1748573532118534,1900.0,False,0,300
24,SP0_MOI300,3600,1200,900,0.0,300.0,38366.99999999996,35228.99999999998,3137.9999999999836,0.503123207372545,54,13,0,81,10877,0.7818784713745117,0.0601444977980393,0.1195182495173301,1300.0,False,0,300
0,SP60_MOI-10000,3600,1200,900,60.0,-10000.0,36451.199999999975,35383.999999999985,1067.1999999999907,0.1703572484490399,20,94,0,0,10869,4.397568702697754,0.0467826457733803,0.8648449719385408,9400.0,False,60,-10000
1,SP60_MOI-10000,3600,1200,900,60.0,-10000.0,41163.79999999999,39808.99999999999,1354.7999999999993,0.1922275569139343,21,94,0,0,10882,4.480504274368286,0.0476649390890243,0.863811799301599,9400.0,False,60,-10000
2,SP60_MOI-10000,3600,1200,900,60.0,-10000.0,42641.09999999999,38941.2,3699.899999999984,0.5366639000271223,20,93,0,0,10900,4.460956811904907,0.0479672775473645,0.8532110091743119,9300.0,False,60,-10000
3,SP60_MOI-10000,3600,1200,900,60.0,-10000.0,35181.899999999994,34075.49999999999,1106.3999999999996,0.1833967590713639,20,93,0,0,10876,4.291813135147095,0.046148528334915,0.8550937844795881,9300.0,False,60,-10000
4,SP60_MOI-10000,3600,1200,900,60.0,-10000.0,42275.79999999998,38488.3,3787.49999999998,0.5558346788019152,22,94,0,0,10883,4.479730129241943,0.0476567035025738,0.8637324267205734,9400.0,False,60,-10000
5,SP60_MOI-10000,3600,1200,900,60.0,-10000.0,38438.50000000001,36782.8,1655.700000000009,0.2542486114209868,21,94,0,0,10895,4.315143585205078,0.0459057828213306,0.8627810922441488,9400.0,False,60,-10000
6,SP60_MOI-10000,3600,1200,900,60.0,-10000.0,39254.5,35798.8,3455.6999999999944,0.5452419855193124,23,94,0,0,10879,4.286591291427612,0.0456020350151873,0.8640500045960107,9400.0,False,60,-10000
7,SP60_MOI-10000,3600,1200,900,60.0,-10000.0,40279.2,37287.20000000001,2991.9999999999845,0.4532351083446341,19,94,0,0,10895,4.908037185668945,0.0522131615496696,0.8627810922441488,9400.0,False,60,-10000
8,SP60_MOI-10000,3600,1200,900,60.0,-10000.0,37438.19999999998,36070.2,1367.999999999988,0.2142196343503775,19,93,0,0,10869,4.680920124053955,0.050332474452193,0.8556444935136628,9300.0,False,60,-10000
9,SP60_MOI-10000,3600,1200,900,60.0,-10000.0,36702.70000000002,34845.3,1857.400000000015,0.3010807297296461,23,94,0,0,10863,4.383831977844238,0.0466365104025982,0.8653226548835496,9400.0,False,60,-10000
10,SP60_MOI-10000,3600,1200,900,60.0,-10000.0,36433.7,35156.20000000001,1277.4999999999825,0.2052488389180038,19,94,0,0,10877,4.419658899307251,0.0470176478649707,0.8642088811253102,9400.0,False,60,-10000
11,SP60_MOI-10000,3600,1200,900,60.0,-10000.0,39441.0,37035.6,2405.3999999999996,0.366850950300388,19,94,0,0,10885,4.664969444274902,0.0496273345135627,0.8635737253100597,9400.0,False,60,-10000
12,SP60_MOI-10000,3600,1200,900,60.0,-10000.0,45286.099999999984,39541.499999999985,5744.600000000001,0.8205940816388072,20,94,0,0,10894,4.574066877365112,0.048660285929416,0.8628602900679273,9400.0,False,60,-10000
13,SP60_MOI-10000,3600,1200,900,60.0,-10000.0,43316.899999999965,37744.59999999997,5572.299999999993,0.833875836281478,19,94,0,0,10895,4.43050217628479,0.0471330018753701,0.8627810922441488,9400.0,False,60,-10000
14,SP60_MOI-10000,3600,1200,900,60.0,-10000.0,39262.29999999998,34663.29999999999,4598.999999999993,0.7494026601843794,20,94,0,0,10869,5.0160627365112305,0.0533623695373535,0.8648449719385408,9400.0,False,60,-10000
15,SP60_MOI-10000,3600,1200,900,60.0,-10000.0,40169.099999999984,38850.899999999994,1318.1999999999866,0.1916469668104746,19,93,0,0,10891,4.453674554824829,0.0478889737077938,0.8539160774951794,9300.0,False,60,-10000
16,SP60_MOI-10000,3600,1200,900,60.0,-10000.0,41515.20000000004,39411.50000000003,2103.7000000000107,0.3014967043283664,19,94,0,0,10899,4.599201917648315,0.048927679974982,0.8624644462794752,9400.0,False,60,-10000
17,SP60_MOI-10000,3600,1200,900,60.0,-10000.0,41283.70000000005,40070.90000000003,1212.8000000000147,0.1709550042330209,18,93,0,0,10899,4.655790567398071,0.0500622641655706,0.853289292595651,9300.0,False,60,-10000
18,SP60_MOI-10000,3600,1200,900,60.0,-10000.0,42475.000000000015,38823.50000000002,3651.4999999999927,0.5312492702604349,20,95,0,0,10874,4.313058853149414,0.0454006195068359,0.8736435534302004,9500.0,False,60,-10000
19,SP60_MOI-10000,3600,1200,900,60.0,-10000.0,42067.199999999975,39262.099999999984,2805.0999999999894,0.403549255103297,22,94,0,0,10887,4.4055328369140625,0.0468673706054687,0.8634150822081382,9400.0,False,60,-10000
20,SP60_MOI-10000,3600,1200,900,60.0,-10000.0,41364.8,39652.000000000015,1712.7999999999893,0.2439850878466821,18,94,0,0,10888,4.613174915313721,0.0490763288863161,0.8633357825128581,9400.0,False,60,-10000
21,SP60_MOI-10000,3600,1200,900,60.0,-10000.0,41934.19999999999,39532.19999999999,2401.9999999999995,0.3431972078290775,18,94,0,0,10867,4.459917783737183,0.0474459338695444,0.8650041409772706,9400.0,False,60,-10000
22,SP60_MOI-10000,3600,1200,900,60.0,-10000.0,36187.7,34646.9,1540.8000000000038,0.2511907333637422,21,94,0,0,10854,4.505768060684204,0.0479337027732362,0.8660401695227566,9400.0,False,60,-10000
23,SP60_MOI-10000,3600,1200,900,60.0,-10000.0,39930.8,38361.39999999999,1569.400000000012,0.2310792379038082,21,94,0,0,10872,4.677855014801025,0.0497644150510747,0.8646063281824872,9400.0,False,60,-10000
24,SP60_MOI-10000,3600,1200,900,60.0,-10000.0,38592.10000000001,35647.70000000001,2944.4000000000005,0.4665379980589657,20,94,0,0,10865,4.452070236206055,0.047362449321341,0.8651633686148182,9400.0,False,60,-10000
0,SP60_MOI60,3600,1200,900,60.0,60.0,38989.79999999998,35979.7,3010.099999999985,0.4725471111961248,20,46,0,48,10886,3.0860345363616943,0.0670877073122107,0.4225610876354951,4600.0,False,60,60
1,SP60_MOI60,3600,1200,900,60.0,60.0,38972.09999999999,37674.29999999999,1297.7999999999993,0.1945737749402316,18,40,0,54,10901,2.8357293605804443,0.0708932340145111,0.3669388129529401,4000.0,False,60,60
2,SP60_MOI60,3600,1200,900,60.0,60.0,44376.79999999999,40021.39999999999,4355.4,0.6146919090594226,19,40,0,53,10892,2.5356314182281494,0.0633907854557037,0.3672420124862284,4000.0,False,60,60
3,SP60_MOI60,3600,1200,900,60.0,60.0,36836.9,35545.299999999996,1291.600000000004,0.2052426337381035,18,44,0,49,10887,2.7115957736968994,0.0616271766749295,0.4041517406080646,4400.0,False,60,60
4,SP60_MOI60,3600,1200,900,60.0,60.0,38615.49999999997,37175.49999999999,1439.999999999979,0.2187899658007628,18,39,0,55,10886,2.4453465938568115,0.0627011947142772,0.3582583134300937,3900.0,False,60,60
5,SP60_MOI60,3600,1200,900,60.0,60.0,39147.49999999998,37568.99999999998,1578.4999999999982,0.2373212775672248,21,52,0,42,10904,2.918123483657837,0.0561177593011122,0.4768892149669846,5200.0,False,60,60
6,SP60_MOI60,3600,1200,900,60.0,60.0,41656.49999999995,36619.49999999998,5036.999999999972,0.7769288835933619,20,49,0,45,10877,2.849802017211914,0.0581592248410594,0.4504918635653213,4900.0,False,60,60
7,SP60_MOI60,3600,1200,900,60.0,60.0,39355.29999999998,36245.8,3109.499999999978,0.4845678520145596,17,43,0,51,10875,2.581850528717041,0.060043035551559,0.3954022988505747,4300.0,False,60,60
8,SP60_MOI60,3600,1200,900,60.0,60.0,39607.69999999999,36464.0,3143.6999999999907,0.486965858844971,20,44,0,49,10887,2.801257610321045,0.0636649456891146,0.4041517406080646,4400.0,False,60,60
9,SP60_MOI60,3600,1200,900,60.0,60.0,38615.2,36145.1,2470.100000000003,0.3859995796551517,24,50,0,44,10878,2.8417463302612305,0.0568349266052246,0.4596433167861738,5000.0,False,60,60
10,SP60_MOI60,3600,1200,900,60.0,60.0,34069.69999999998,32698.999999999985,1370.699999999994,0.2367716322944302,18,49,0,45,10866,2.8238840103149414,0.0576302859247947,0.45094791091478,4900.0,False,60,60
11,SP60_MOI60,3600,1200,900,60.0,60.0,40363.09999999996,38154.69999999998,2208.3999999999833,0.3269274763061875,17,47,0,47,10900,2.9718573093414307,0.0632310065817325,0.4311926605504587,4700.0,False,60,60
12,SP60_MOI60,3600,1200,900,60.0,60.0,42042.000000000015,37518.3,4523.700000000008,0.6810396087149043,18,45,0,49,10883,2.6889166831970215,0.0597537040710449,0.4134889276853809,4500.0,False,60,60
13,SP60_MOI60,3600,1200,900,60.0,60.0,40804.59999999996,36368.59999999996,4436.000000000001,0.6889483761290768,21,46,0,48,10886,2.746986150741577,0.0597170902335125,0.4225610876354951,4600.0,False,60,60
14,SP60_MOI60,3600,1200,900,60.0,60.0,40698.69999999997,36666.8,4031.8999999999737,0.6210956235883378,21,43,0,51,10890,2.6593663692474365,0.0618457295173822,0.3948576675849403,4300.0,False,60,60
15,SP60_MOI60,3600,1200,900,60.0,60.0,40307.899999999965,38881.29999999998,1426.5999999999808,0.2072445741664594,20,48,0,45,10897,2.7786381244659424,0.0578882942597071,0.4404882077636046,4800.0,False,60,60
16,SP60_MOI60,3600,1200,900,60.0,60.0,38977.9,37110.3,1867.5999999999976,0.2842569728205248,20,41,0,53,10887,2.5288164615631104,0.061678450282027,0.3765959401120602,4100.0,False,60,60
17,SP60_MOI60,3600,1200,900,60.0,60.0,40691.60000000002,39256.000000000015,1435.600000000003,0.20656138237145,19,46,0,47,10901,2.833988666534424,0.0616084492724874,0.4219796348958811,4600.0,False,60,60
18,SP60_MOI60,3600,1200,900,60.0,60.0,44711.0,38762.99999999999,5948.000000000011,0.8667129893041219,20,52,0,42,10887,3.6211111545562744,0.069636752972236,0.4776338752640764,5200.0,False,60,60
19,SP60_MOI60,3600,1200,900,60.0,60.0,42587.399999999965,39285.39999999998,3301.999999999987,0.4747528889322008,17,45,0,49,10890,2.9288477897644043,0.0650855064392089,0.4132231404958678,4500.0,False,60,60
20,SP60_MOI60,3600,1200,900,60.0,60.0,42452.09999999999,40521.79999999998,1930.3000000000077,0.269065371893974,18,50,0,44,10905,3.38693904876709,0.0677387809753417,0.4585052728106373,5000.0,False,60,60
21,SP60_MOI60,3600,1200,900,60.0,60.0,42487.40000000001,39701.5,2785.9000000000074,0.3963513433281588,18,48,0,46,10913,3.3884263038635254,0.0705922146638234,0.439842389810318,4800.0,False,60,60
22,SP60_MOI60,3600,1200,900,60.0,60.0,37975.49999999999,36295.3,1680.1999999999998,0.2614762914085415,19,46,0,48,10873,2.793177366256714,0.0607212470925372,0.4230663110457096,4600.0,False,60,60
23,SP60_MOI60,3600,1200,900,60.0,60.0,41591.79999999999,37957.2,3634.5999999999894,0.5408591492812652,21,47,0,47,10877,2.9060001373291016,0.0618297901559383,0.4321044405626551,4700.0,False,60,60
24,SP60_MOI60,3600,1200,900,60.0,60.0,38091.29999999995,34850.29999999997,3240.9999999999836,0.5252840776781725,19,42,0,52,10864,2.611603021621704,0.0621810243243262,0.3865979381443299,4200.0,False,60,60
0,SP60_MOI120,3600,1200,900,60.0,120.0,36846.69999999998,34158.99999999999,2687.6999999999907,0.4444238626796649,20,33,0,61,10865,2.077225923538208,0.0629462401072184,0.3037275655775425,3300.0,False,60,120
1,SP60_MOI120,3600,1200,900,60.0,120.0,36785.399999999965,35210.19999999996,1575.200000000008,0.252690513444501,16,29,0,65,10879,1.7608740329742432,0.0607197942404911,0.2665686184391947,2900.0,False,60,120
2,SP60_MOI120,3600,1200,900,60.0,120.0,36459.49999999999,35662.2,797.2999999999938,0.1155111948599161,15,28,0,47,8475,182.21676325798035,6.507741544927869,0.3303834808259587,2800.0,True,60,120
3,SP60_MOI120,3600,1200,900,60.0,120.0,44349.3,42558.3,1790.999999999991,0.2377021122130759,17,30,0,63,10927,3.1021203994750977,0.1034040133158365,0.2745492815960465,3000.0,False,60,120
4,SP60_MOI120,3600,1200,900,60.0,120.0,39695.59999999994,38590.599999999955,1104.9999999999827,0.1617344268145217,18,34,0,60,10888,2.2596888542175293,0.0664614368887508,0.3122703894195444,3400.0,False,60,120
5,SP60_MOI120,3600,1200,900,60.0,120.0,37999.40000000001,36566.0,1433.400000000007,0.2214173618319556,18,32,0,62,10891,1.8746414184570312,0.0585825443267822,0.2938205858047929,3200.0,False,60,120
6,SP60_MOI120,3600,1200,900,60.0,120.0,33155.79999999998,31923.199999999983,1232.5999999999997,0.2005302645704529,17,29,0,46,8411,132.42132925987244,4.566252733099049,0.3447865889906075,2900.0,True,60,120
7,SP60_MOI120,3600,1200,900,60.0,120.0,39911.399999999994,37085.70000000001,2825.699999999986,0.4303693135830568,18,34,0,60,10893,2.1750051975250244,0.0639707411036771,0.312127054071422,3400.0,False,60,120
8,SP60_MOI120,3600,1200,900,60.0,120.0,36642.8,33385.299999999996,3257.500000000008,0.5511259594643614,18,30,0,63,10873,1.7908210754394531,0.0596940358479817,0.2759128115515497,3000.0,False,60,120
9,SP60_MOI120,3600,1200,900,60.0,120.0,36628.199999999975,33974.099999999984,2654.0999999999904,0.44125643092503,20,34,0,60,10865,1.9238946437835691,0.0565851365818696,0.3129314312011045,3400.0,False,60,120
10,SP60_MOI120,3600,1200,900,60.0,120.0,34564.899999999994,33075.79999999999,1489.1000000000026,0.2542934846492135,19,35,0,59,10874,2.046377420425415,0.058467926297869,0.3218686775795475,3500.0,False,60,120
11,SP60_MOI120,3600,1200,900,60.0,120.0,40507.19999999997,38055.39999999999,2451.7999999999847,0.3639070558036044,19,30,0,64,10892,2.0051639080047607,0.066838796933492,0.2754315093646713,3000.0,False,60,120
12,SP60_MOI120,3600,1200,900,60.0,120.0,45938.39999999998,40014.999999999985,5923.399999999998,0.8361226078682032,19,30,0,64,10910,1.851128339767456,0.0617042779922485,0.2749770852428964,3000.0,False,60,120
13,SP60_MOI120,3600,1200,900,60.0,120.0,38044.09999999996,35985.49999999998,2058.599999999985,0.3231217213404462,18,30,0,64,10881,1.873819351196289,0.0624606450398763,0.2757099531293079,3000.0,False,60,120
14,SP60_MOI120,3600,1200,900,60.0,120.0,38973.49999999996,34352.799999999974,4620.699999999992,0.7597441390960397,17,31,0,63,10881,1.8390867710113523,0.0593253797100436,0.2849002849002849,3100.0,False,60,120
15,SP60_MOI120,3600,1200,900,60.0,120.0,38895.29999999998,37672.99999999999,1222.2999999999888,0.1832606965142186,19,35,0,59,10883,2.1732304096221924,0.0620922974177769,0.3216024993108518,3500.0,False,60,120
16,SP60_MOI120,3600,1200,900,60.0,120.0,36910.7,34654.999999999985,2255.700000000018,0.3676521948690497,20,29,0,65,10877,1.7586653232574463,0.0606436318364636,0.2666176335386595,2900.0,False,60,120
17,SP60_MOI120,3600,1200,900,60.0,120.0,38922.49999999999,37507.8,1414.6999999999944,0.2130416360576479,19,32,0,61,10892,2.13906192779541,0.0668456852436065,0.2937936099889827,3200.0,False,60,120
18,SP60_MOI120,3600,1200,900,60.0,120.0,42210.19999999997,37302.49999999997,4907.699999999998,0.7431248678939856,17,27,0,67,10888,1.637211561203003,0.0606374652297408,0.2479794268919912,2700.0,False,60,120
19,SP60_MOI120,3600,1200,900,60.0,120.0,40181.69999999998,38311.7,1869.9999999999795,0.275696917192854,17,30,0,64,10881,1.9217162132263184,0.0640572071075439,0.2757099531293079,3000.0,False,60,120
20,SP60_MOI120,3600,1200,900,60.0,120.0,40607.79999999996,38817.699999999975,1790.099999999985,0.260476903209469,18,37,0,57,10893,2.532221555709839,0.0684384204245902,0.3396676764894886,3700.0,False,60,120
21,SP60_MOI120,3600,1200,900,60.0,120.0,40198.09999999994,39131.09999999996,1066.9999999999768,0.1540153792965463,19,32,0,62,10898,2.1221773624420166,0.066318042576313,0.2936318590567076,3200.0,False,60,120
22,SP60_MOI120,3600,1200,900,60.0,120.0,37816.89999999997,36228.89999999998,1587.9999999999918,0.2475808654853549,18,28,0,66,10875,1.862454175949097,0.0665162205696106,0.2574712643678161,2800.0,False,60,120
23,SP60_MOI120,3600,1200,900,60.0,120.0,37481.399999999965,33798.29999999999,3683.099999999975,0.6155174655542976,22,33,0,61,10861,2.056110382080078,0.0623063752145478,0.3038394254672682,3300.0,False,60,120
24,SP60_MOI120,3600,1200,900,60.0,120.0,37663.49999999997,34732.79999999999,2930.6999999999807,0.4765991850879881,16,28,0,66,10870,1.6050338745117188,0.0573226383754185,0.2575896964121435,2800.0,False,60,120
0,SP60_MOI180,3600,1200,900,60.0,180.0,40646.600000000006,37111.3,3535.300000000002,0.5380737829830158,20,27,0,67,10894,1.7672717571258545,0.0654545095231798,0.2478428492748302,2700.0,False,60,180
1,SP60_MOI180,3600,1200,900,60.0,180.0,39553.69999999998,37802.99999999998,1750.7000000000007,0.2615816001579039,17,22,0,73,10906,1.4539263248443604,0.0660875602201982,0.2017238217494956,2200.0,False,60,180
2,SP60_MOI180,3600,1200,900,60.0,180.0,35676.499999999985,34924.89999999999,751.5999999999967,0.1111890561366432,15,26,0,49,8474,182.00010633468628,7.000004089795626,0.3068208638187397,2600.0,True,60,180
3,SP60_MOI180,3600,1200,900,60.0,180.0,35336.3,33919.00000000001,1417.2999999999938,0.2360154718950663,15,22,0,71,10886,1.381929636001587,0.0628149834546175,0.2020944332169759,2200.0,False,60,180
4,SP60_MOI180,3600,1200,900,60.0,180.0,39756.099999999955,38703.29999999996,1052.799999999993,0.1536454156463294,16,23,0,71,10905,1.4754085540771484,0.0641481980033542,0.2109124254928931,2300.0,False,60,180
5,SP60_MOI180,3600,1200,900,60.0,180.0,38438.69999999997,36007.399999999965,2431.3000000000065,0.3813893078266526,20,26,0,68,10894,1.6212542057037354,0.0623559309886052,0.2386634844868735,2600.0,False,60,180
6,SP60_MOI180,3600,1200,900,60.0,180.0,40368.899999999965,36918.59999999997,3450.2999999999956,0.5278777551778151,20,26,0,68,10900,1.7457685470581057,0.0671449441176194,0.2385321100917431,2600.0,False,60,180
7,SP60_MOI180,3600,1200,900,60.0,180.0,39616.59999999999,36299.00000000001,3317.599999999984,0.5162393296942432,19,23,0,71,10894,1.4037373065948486,0.0610320568084716,0.2111253901230035,2300.0,False,60,180
8,SP60_MOI180,3600,1200,900,60.0,180.0,38963.29999999998,35458.19999999999,3505.099999999992,0.5583486291644055,17,20,0,73,10879,1.3261187076568604,0.066305935382843,0.1838404265097895,2000.0,False,60,180
9,SP60_MOI180,3600,1200,900,60.0,180.0,39594.19999999996,37171.69999999998,2422.499999999981,0.368106163240631,17,21,0,73,10875,1.1872673034667969,0.0565365382603236,0.193103448275862,2100.0,False,60,180
10,SP60_MOI180,3600,1200,900,60.0,180.0,36797.999999999985,34859.99999999999,1937.9999999999905,0.3140133532560368,18,26,0,68,10889,1.6916711330413818,0.0650642743477454,0.2387730737441454,2600.0,False,60,180
11,SP60_MOI180,3600,1200,900,60.0,180.0,41392.299999999974,38966.89999999998,2425.399999999998,0.351567922721902,17,24,0,70,10908,1.6258187294006348,0.0677424470583597,0.22002200220022,2400.0,False,60,180
12,SP60_MOI180,3600,1200,900,60.0,180.0,45493.09999999996,39405.699999999975,6087.399999999987,0.8725584325154934,18,22,0,72,10899,1.4125301837921145,0.0642059174450961,0.2018533810441325,2200.0,False,60,180
13,SP60_MOI180,3600,1200,900,60.0,180.0,40510.49999999997,38107.59999999999,2402.8999999999805,0.3561605605134952,15,20,0,74,10903,1.32511305809021,0.0662556529045104,0.1834357516279922,2000.0,False,60,180
14,SP60_MOI180,3600,1200,900,60.0,180.0,39099.19999999996,34741.799999999974,4357.399999999985,0.7084298301333669,17,25,0,69,10868,1.699171781539917,0.0679668712615966,0.2300331247699668,2500.0,False,60,180
15,SP60_MOI180,3600,1200,900,60.0,180.0,37851.19999999998,36011.8,1839.399999999982,0.2885048240292881,16,25,0,69,10888,1.5122191905975342,0.0604887676239013,0.2296105804555474,2500.0,False,60,180
16,SP60_MOI180,3600,1200,900,60.0,180.0,38093.20000000001,36232.0,1861.2000000000137,0.2901499251466153,19,27,0,67,10882,1.8270230293273928,0.0676675196047182,0.2481161551185444,2700.0,False,60,180
17,SP60_MOI180,3600,1200,900,60.0,180.0,37298.00000000002,35667.40000000001,1630.6000000000122,0.2582246588706288,17,21,0,73,10888,1.3565030097961426,0.0645953814188639,0.1928728875826598,2100.0,False,60,180
18,SP60_MOI180,3600,1200,900,60.0,180.0,39301.89999999996,36811.099999999984,2490.7999999999756,0.3821921726249461,18,23,0,71,10890,1.5766069889068604,0.0685481299524721,0.2112029384756657,2300.0,False,60,180
19,SP60_MOI180,3600,1200,900,60.0,180.0,39433.79999999995,37814.49999999997,1619.2999999999845,0.2418748317226392,15,19,0,75,10886,1.3844830989837646,0.0728675315254613,0.174536101414661,1900.0,False,60,180
20,SP60_MOI180,3600,1200,900,60.0,180.0,43048.39999999998,40808.599999999984,2239.799999999998,0.3100125469135921,15,21,0,73,10913,1.906203269958496,0.0907715842837379,0.1924310455420141,2100.0,False,60,180
21,SP60_MOI180,3600,1200,900,60.0,180.0,40142.399999999965,38942.299999999974,1200.099999999988,0.1740674488457731,17,25,0,69,10897,1.7502317428588867,0.0700092697143554,0.2294209415435441,2500.0,False,60,180
22,SP60_MOI180,3600,1200,900,60.0,180.0,37161.299999999974,35381.299999999974,1779.9999999999973,0.2841632708257166,16,21,0,73,10863,1.4349315166473389,0.0683300722213018,0.1933167633250483,2100.0,False,60,180
23,SP60_MOI180,3600,1200,900,60.0,180.0,39864.699999999975,34634.19999999998,5230.499999999991,0.8530210975481823,20,21,0,73,10872,1.3096394538879397,0.0623637835184733,0.1931567328918322,2100.0,False,60,180
24,SP60_MOI180,3600,1200,900,60.0,180.0,37163.39999999997,34019.69999999998,3143.699999999988,0.5219541347196777,16,22,0,72,10875,1.2227225303649902,0.0555782968347722,0.2022988505747126,2200.0,False,60,180
0,SP60_MOI300,3600,1200,900,60.0,300.0,41851.899999999965,38231.599999999984,3620.299999999984,0.5348645485024793,17,18,0,76,10894,1.154222011566162,0.064123445087009,0.1652285661832201,1800.0,False,60,300
1,SP60_MOI300,3600,1200,900,60.0,300.0,40689.899999999936,38887.89999999993,1802.0000000000036,0.2617351327875691,13,14,0,80,10928,1.0952460765838623,0.078231862613133,0.1281112737920937,1400.0,False,60,300
2,SP60_MOI300,3600,1200,900,60.0,300.0,42599.20000000001,37905.40000000001,4693.800000000002,0.6994315576944966,17,17,0,76,10908,1.2518622875213623,0.0736389580894919,0.1558489182251558,1700.0,False,60,300
3,SP60_MOI300,3600,1200,900,60.0,300.0,37322.39999999999,35195.899999999994,2126.4999999999945,0.3412675845828563,13,15,0,79,10899,0.9641411304473876,0.0642760753631591,0.137627305257363,1500.0,False,60,300
4,SP60_MOI300,3600,1200,900,60.0,300.0,38002.09999999995,36332.89999999996,1669.199999999987,0.2594956243908003,15,18,0,76,10903,1.2570595741271973,0.0698366430070665,0.165092176465193,1800.0,False,60,300
5,SP60_MOI300,3600,1200,900,60.0,300.0,40639.899999999914,37963.399999999936,2676.4999999999773,0.3982207385748664,12,13,0,81,10915,0.8057818412780762,0.061983218559852,0.119102153000458,1300.0,False,60,300
6,SP60_MOI300,3600,1200,900,60.0,300.0,38571.39999999999,34072.79999999999,4498.599999999997,0.7457465992015543,14,15,0,79,10885,1.0595245361328125,0.0706349690755208,0.1378043178686265,1500.0,False,60,300
7,SP60_MOI300,3600,1200,900,60.0,300.0,39858.09999999997,36482.89999999998,3375.19999999999,0.5225548540142488,17,18,0,76,10892,1.2742328643798828,0.0707907146877712,0.1652589056188028,1800.0,False,60,300
8,SP60_MOI300,3600,1200,900,60.0,300.0,40363.89999999994,35544.79999999997,4819.099999999978,0.765793348916616,13,14,0,80,10906,1.0413291454315186,0.0743806532451084,0.128369704749679,1400.0,False,60,300
9,SP60_MOI300,3600,1200,900,60.0,300.0,41838.59999999991,38064.399999999936,3774.199999999978,0.5600510921283064,15,13,0,81,10895,0.9089150428771972,0.0699165417597844,0.1193207893529142,1300.0,False,60,300
10,SP60_MOI300,3600,1200,900,60.0,300.0,37319.09999999998,33980.79999999999,3338.299999999986,0.554898422276469,16,19,0,75,10892,1.357264518737793,0.0714349746704101,0.1744399559309584,1900.0,False,60,300
11,SP60_MOI300,3600,1200,900,60.0,300.0,41578.69999999997,38762.39999999997,2816.299999999992,0.4103835868587268,14,17,0,77,10922,1.1394636631011963,0.0670272743000703,0.1556491485075993,1700.0,False,60,300
12,SP60_MOI300,3600,1200,900,60.0,300.0,47279.09999999998,39533.999999999985,7745.099999999991,1.1065677227613782,16,16,0,78,10909,1.06923508644104,0.066827192902565,0.1466678888990741,1600.0,False,60,300
13,SP60_MOI300,3600,1200,900,60.0,300.0,43222.20000000002,38699.10000000002,4523.1,0.6601719249455241,16,16,0,78,10902,1.2199382781982422,0.0762461423873901,0.1467620620069712,1600.0,False,60,300
14,SP60_MOI300,3600,1200,900,60.0,300.0,40086.49999999995,34580.699999999975,5505.799999999977,0.8993078366110114,15,16,0,78,10887,1.0991194248199463,0.0686949640512466,0.1469642693120235,1600.0,False,60,300
15,SP60_MOI300,3600,1200,900,60.0,300.0,39588.69999999998,37249.69999999999,2338.9999999999914,0.3546738498697831,13,15,0,79,10877,0.885340690612793,0.0590227127075195,0.1379056725199963,1500.0,False,60,300
16,SP60_MOI300,3600,1200,900,60.0,300.0,38040.899999999965,35652.89999999998,2387.9999999999873,0.3783216438568439,16,16,0,78,10881,1.2153306007385254,0.0759581625461578,0.1470453083356309,1600.0,False,60,300
17,SP60_MOI300,3600,1200,900,60.0,300.0,39651.899999999965,37466.79999999997,2185.099999999996,0.3294173291237355,13,13,0,81,10897,0.8463985919952393,0.0651075839996337,0.1192988896026429,1300.0,False,60,300
18,SP60_MOI300,3600,1200,900,60.0,300.0,42343.09999999997,38769.89999999998,3573.1999999999907,0.5205762746328999,16,18,0,75,10910,1.2431700229644775,0.0690650012758043,0.1649862511457378,1800.0,False,60,300
19,SP60_MOI300,3600,1200,900,60.0,300.0,39377.09999999998,37299.79999999999,2077.2999999999915,0.3145679300993794,13,12,0,82,10900,0.7829713821411133,0.0652476151784261,0.110091743119266,1200.0,False,60,300
20,SP60_MOI300,3600,1200,900,60.0,300.0,44681.499999999905,42167.89999999992,2513.5999999999863,0.3366944216642671,15,13,0,80,10928,1.0324013233184814,0.0794154864091139,0.1189604685212298,1300.0,False,60,300
21,SP60_MOI300,3600,1200,900,60.0,300.0,37832.99999999995,36616.59999999995,1216.4,0.1876377092645126,14,18,0,76,10888,1.234888792037964,0.0686049328909979,0.1653196179279941,1800.0,False,60,300
22,SP60_MOI300,3600,1200,900,60.0,300.0,37249.19999999997,35506.299999999974,1742.899999999995,0.2772609955954877,16,15,0,79,10884,1.1421260833740234,0.0761417388916015,0.1378169790518191,1500.0,False,60,300
23,SP60_MOI300,3600,1200,900,60.0,300.0,39180.899999999936,34189.49999999997,4991.399999999969,0.8246152303362806,15,15,0,79,10863,0.9177446365356444,0.0611829757690429,0.1380834023750345,1500.0,False,60,300
24,SP60_MOI300,3600,1200,900,60.0,300.0,41069.89999999996,37369.99999999997,3699.8999999999896,0.5592276227919781,14,12,0,82,10891,0.6795315742492676,0.0566276311874389,0.1101827196767973,1200.0,False,60,300
0,SP120_MOI-10000,3600,1200,900,120.0,-10000.0,35866.6,33961.399999999994,1905.2000000000053,0.3168667828899749,17,94,0,0,10872,4.694801330566406,0.0499446950060256,0.8646063281824872,9400.0,False,120,-10000
1,SP120_MOI-10000,3600,1200,900,120.0,-10000.0,40421.59999999998,38576.19999999999,1845.399999999986,0.2702046373636609,16,94,0,0,10884,4.7767956256866455,0.0508169747413472,0.8636530687247336,9400.0,False,120,-10000
2,SP120_MOI-10000,3600,1200,900,120.0,-10000.0,40229.999999999985,35637.49999999999,4592.499999999993,0.7278864944245501,16,94,0,0,10868,4.540945053100586,0.0483079260968147,0.8649245491350755,9400.0,False,120,-10000
3,SP120_MOI-10000,3600,1200,900,120.0,-10000.0,35764.8,33421.0,2343.8000000000065,0.3961164116395868,14,93,0,0,10866,4.311525583267212,0.0463604901426581,0.8558807288790724,9300.0,False,120,-10000
4,SP120_MOI-10000,3600,1200,900,120.0,-10000.0,40781.40000000001,38324.100000000006,2457.3000000000056,0.3621662219202678,14,94,0,0,10882,4.603759765625,0.0489761677194149,0.863811799301599,9400.0,False,120,-10000
5,SP120_MOI-10000,3600,1200,900,120.0,-10000.0,39735.09999999997,37219.29999999998,2515.7999999999884,0.3817944742894955,14,94,0,0,10900,4.469374656677246,0.0475465389008217,0.8623853211009175,9400.0,False,120,-10000
6,SP120_MOI-10000,3600,1200,900,120.0,-10000.0,40751.89999999999,36814.1,3937.79999999999,0.6041728338022406,16,94,0,0,10866,4.6494762897491455,0.0494625137207355,0.8650837474691699,9400.0,False,120,-10000
7,SP120_MOI-10000,3600,1200,900,120.0,-10000.0,41361.7,37876.90000000001,3484.7999999999865,0.5196670219626142,17,94,0,0,10897,4.8101630210876465,0.0511719470328473,0.8626227402037258,9400.0,False,120,-10000
8,SP120_MOI-10000,3600,1200,900,120.0,-10000.0,38605.2,36367.8,2237.3999999999915,0.3474948162391436,15,93,0,0,10868,4.429226875305176,0.0476260954333889,0.8557232241442768,9300.0,False,120,-10000
9,SP120_MOI-10000,3600,1200,900,120.0,-10000.0,36414.599999999984,33670.2,2744.3999999999887,0.4603874127191463,16,94,0,0,10861,4.452836751937866,0.0473706037440198,0.8654819998158548,9400.0,False,120,-10000
10,SP120_MOI-10000,3600,1200,900,120.0,-10000.0,36382.29999999999,32771.799999999996,3610.499999999994,0.6222842085687571,14,94,0,0,10862,4.43182373046875,0.0471470609624335,0.8654023200147302,9400.0,False,120,-10000
11,SP120_MOI-10000,3600,1200,900,120.0,-10000.0,40285.899999999994,37686.9,2598.9999999999945,0.3895270222296316,17,94,0,0,10882,4.446099042892456,0.0472989259882176,0.863811799301599,9400.0,False,120,-10000
12,SP120_MOI-10000,3600,1200,900,120.0,-10000.0,41824.799999999974,38185.299999999974,3639.5000000000023,0.5383531312881097,17,94,0,0,10887,4.471242666244507,0.0475664113430266,0.8634150822081382,9400.0,False,120,-10000
13,SP120_MOI-10000,3600,1200,900,120.0,-10000.0,44470.29999999999,38394.499999999985,6075.799999999999,0.8938325787562009,15,94,0,0,10894,4.486672878265381,0.047730562534738,0.8628602900679273,9400.0,False,120,-10000
14,SP120_MOI-10000,3600,1200,900,120.0,-10000.0,39689.1,35431.1,4258.0,0.6788014292156134,15,94,0,0,10870,4.562770128250122,0.0485401077473417,0.8647654093836247,9400.0,False,120,-10000
15,SP120_MOI-10000,3600,1200,900,120.0,-10000.0,41976.10000000001,39731.70000000001,2244.3999999999983,0.3190691674295443,17,93,0,0,10899,4.424555540084839,0.0475758660224176,0.853289292595651,9300.0,False,120,-10000
16,SP120_MOI-10000,3600,1200,900,120.0,-10000.0,41588.30000000001,38807.40000000001,2780.9000000000005,0.4047553069492184,17,94,0,0,10882,4.444561958312988,0.0472825740246062,0.863811799301599,9400.0,False,120,-10000
17,SP120_MOI-10000,3600,1200,900,120.0,-10000.0,41005.00000000006,39602.10000000004,1402.900000000015,0.2000922306512181,15,93,0,0,10897,4.451817512512207,0.0478690055108839,0.853445902541984,9300.0,False,120,-10000
18,SP120_MOI-10000,3600,1200,900,120.0,-10000.0,42458.3,37987.4,4470.899999999996,0.6647787262254159,17,94,0,0,10865,4.332429885864258,0.0460896796368538,0.8651633686148182,9400.0,False,120,-10000
19,SP120_MOI-10000,3600,1200,900,120.0,-10000.0,42452.59999999998,38535.69999999999,3916.8999999999855,0.5741177290519828,14,94,0,0,10886,4.371454477310181,0.0465048348650019,0.8634943964725336,9400.0,False,120,-10000
20,SP120_MOI-10000,3600,1200,900,120.0,-10000.0,42886.399999999994,40270.40000000001,2615.999999999989,0.366921806390993,14,94,0,0,10888,4.904788255691528,0.0521785984648034,0.8633357825128581,9400.0,False,120,-10000
21,SP120_MOI-10000,3600,1200,900,120.0,-10000.0,41796.79999999996,38657.79999999997,3138.9999999999895,0.4586442017956474,15,95,0,0,10884,4.294686555862427,0.045207226903815,0.8728408673281882,9500.0,False,120,-10000
22,SP120_MOI-10000,3600,1200,900,120.0,-10000.0,38999.5,36849.5,2149.9999999999973,0.3295555175499268,16,94,0,0,10864,4.569077253341675,0.0486072048227837,0.8652430044182622,9400.0,False,120,-10000
23,SP120_MOI-10000,3600,1200,900,120.0,-10000.0,39460.399999999994,37572.79999999998,1887.6000000000104,0.2837645469975257,18,94,0,0,10871,4.570468902587891,0.0486220096019988,0.8646858614662865,9400.0,False,120,-10000
24,SP120_MOI-10000,3600,1200,900,120.0,-10000.0,39040.8,36934.8,2105.999999999998,0.3220656013144395,14,94,0,0,10878,4.7414870262146,0.0504413513427085,0.8641294355580069,9400.0,False,120,-10000
0,SP120_MOI60,3600,1200,900,120.0,60.0,43872.099999999984,39249.19999999999,4622.899999999993,0.6652814537663138,15,49,0,45,10905,2.8544204235076904,0.0582534780307691,0.4493351673544246,4900.0,False,120,60
1,SP120_MOI60,3600,1200,900,120.0,60.0,40668.800000000105,38195.60000000011,2473.199999999997,0.3657359302302684,14,41,0,54,10900,2.7254998683929443,0.0664756065461693,0.3761467889908257,4100.0,False,120,60
2,SP120_MOI60,3600,1200,900,120.0,60.0,42152.19999999998,38583.999999999985,3568.2000000000007,0.5223524868248072,13,44,0,50,10884,2.709644079208374,0.0615828199820085,0.4042631385520029,4400.0,False,120,60
3,SP120_MOI60,3600,1200,900,120.0,60.0,40605.89999999998,37802.19999999998,2803.7000000000007,0.4189249175043656,13,44,0,49,10896,2.6414499282836914,0.0600329529155384,0.4038179148311307,4400.0,False,120,60
4,SP120_MOI60,3600,1200,900,120.0,60.0,39733.799999999974,37481.29999999999,2252.4999999999836,0.3394469265450238,13,40,0,54,10900,2.322790145874023,0.0580697536468505,0.3669724770642202,4000.0,False,120,60
5,SP120_MOI60,3600,1200,900,120.0,60.0,39037.3,37081.1,1956.2000000000007,0.2979767454176251,16,49,0,45,10882,2.7290914058685303,0.0556957429769087,0.450284874104025,4900.0,False,120,60
6,SP120_MOI60,3600,1200,900,120.0,60.0,38967.09999999998,35236.39999999999,3730.699999999988,0.5980266285575551,17,47,0,47,10875,2.726158142089844,0.0580033647253158,0.432183908045977,4700.0,False,120,60
7,SP120_MOI60,3600,1200,900,120.0,60.0,40698.499999999985,37002.5,3695.999999999984,0.5641864115210485,17,44,0,50,10888,2.754185676574707,0.0625951290130615,0.4041146216017634,4400.0,False,120,60
8,SP120_MOI60,3600,1200,900,120.0,60.0,40934.599999999955,36833.29999999998,4101.2999999999765,0.628930468228057,15,43,0,50,10891,2.903390407562256,0.0675207071526106,0.3948214121751905,4300.0,False,120,60
9,SP120_MOI60,3600,1200,900,120.0,60.0,40190.29999999998,37007.09999999999,3183.1999999999916,0.4858482012109278,15,50,0,44,10887,2.963226079940796,0.0592645215988159,0.4592633416000735,5000.0,False,120,60
10,SP120_MOI60,3600,1200,900,120.0,60.0,37713.99999999997,34519.899999999994,3194.099999999978,0.5226376669689042,14,45,0,49,10888,2.6806108951568604,0.0595691310034857,0.4132990448199852,4500.0,False,120,60
11,SP120_MOI60,3600,1200,900,120.0,60.0,40752.899999999994,37571.600000000006,3181.2999999999847,0.4782628660717405,15,46,0,48,10898,2.7005600929260254,0.0587078281070875,0.4220957973940172,4600.0,False,120,60
12,SP120_MOI60,3600,1200,900,120.0,60.0,46385.39999999996,38881.89999999997,7503.499999999988,1.0900292062220869,18,50,0,44,10900,3.201751232147217,0.0640350246429443,0.4587155963302752,5000.0,False,120,60
13,SP120_MOI60,3600,1200,900,120.0,60.0,40757.69999999998,37734.19999999999,3023.4999999999905,0.4525812448333649,13,47,0,47,10899,2.718557834625244,0.0578416560558562,0.4312322231397376,4700.0,False,120,60
14,SP120_MOI60,3600,1200,900,120.0,60.0,42383.299999999974,38502.899999999994,3880.399999999979,0.5692522832374606,16,45,0,49,10891,2.626117467880249,0.0583581659528944,0.4131851987879901,4500.0,False,120,60
15,SP120_MOI60,3600,1200,900,120.0,60.0,39510.99999999998,37283.09999999999,2227.8999999999837,0.3375245791622088,15,47,0,47,10887,2.6706724166870117,0.0568228173763194,0.4317075411040691,4700.0,False,120,60
16,SP120_MOI60,3600,1200,900,120.0,60.0,40922.09999999998,38135.999999999985,2786.0999999999885,0.4126513668835868,15,42,0,52,10891,2.700502395629883,0.0642976760864257,0.3856395188687908,4200.0,False,120,60
17,SP120_MOI60,3600,1200,900,120.0,60.0,40913.50000000002,38984.400000000016,1929.100000000005,0.2795024462306766,14,45,0,48,10901,2.790004014968872,0.0620000892215304,0.4128061645720575,4500.0,False,120,60
18,SP120_MOI60,3600,1200,900,120.0,60.0,40815.89999999997,37748.399999999994,3067.49999999998,0.4589947833899866,16,43,0,50,10883,2.5398242473602295,0.0590656801711681,0.395111642010475,4300.0,False,120,60
19,SP120_MOI60,3600,1200,900,120.0,60.0,40914.79999999998,38714.2,2200.59999999998,0.3210646904072025,13,45,0,49,10889,2.743875026702881,0.0609750005933973,0.4132610891725594,4500.0,False,120,60
20,SP120_MOI60,3600,1200,900,120.0,60.0,41479.59999999998,39215.89999999998,2263.699999999995,0.3260456505237315,17,41,0,53,10900,2.5572991371154785,0.0623731496857433,0.3761467889908257,4100.0,False,120,60
21,SP120_MOI60,3600,1200,900,120.0,60.0,39566.499999999935,37960.49999999995,1605.9999999999804,0.2389655759869508,13,44,0,51,10888,2.3306028842926025,0.0529682473702864,0.4041146216017634,4400.0,False,120,60
22,SP120_MOI60,3600,1200,900,120.0,60.0,38309.1,36135.1,2173.999999999999,0.3398224021385433,16,45,0,49,10871,2.6029186248779297,0.0578426361083984,0.4139453592125839,4500.0,False,120,60
23,SP120_MOI60,3600,1200,900,120.0,60.0,41569.299999999974,37757.69999999999,3811.5999999999863,0.5701951427882809,18,47,0,47,10898,2.77441930770874,0.0590301980363561,0.4312717929895394,4700.0,False,120,60
24,SP120_MOI60,3600,1200,900,120.0,60.0,36273.99999999997,32937.99999999998,3335.9999999999945,0.5720718045692234,16,43,0,51,10858,2.419896364212036,0.056276659632838,0.3960213667342052,4300.0,False,120,60
0,SP120_MOI120,3600,1200,900,120.0,120.0,39401.600000000006,34888.80000000001,4512.799999999995,0.7306035552578846,14,30,0,64,10870,1.9711315631866455,0.0657043854395548,0.2759889604415823,3000.0,False,120,120
1,SP120_MOI120,3600,1200,900,120.0,120.0,41616.39999999993,37473.09999999994,4143.29999999999,0.624523068137287,13,26,0,68,10901,1.6942806243896484,0.0651646393996018,0.238510228419411,2600.0,False,120,120
2,SP120_MOI120,3600,1200,900,120.0,120.0,41757.3,36766.2,4991.100000000005,0.766777309378939,13,25,0,69,10887,1.5203757286071775,0.0608150291442871,0.2296316708000367,2500.0,False,120,120
3,SP120_MOI120,3600,1200,900,120.0,120.0,37302.39999999998,34683.09999999998,2619.2999999999993,0.4265687747787101,13,28,0,65,10874,1.837883472442627,0.0656386954443795,0.257494942063638,2800.0,False,120,120
4,SP120_MOI120,3600,1200,900,120.0,120.0,40794.79999999994,38347.29999999996,2447.4999999999773,0.3605036250098585,12,28,0,66,10897,1.9472835063934328,0.0695458395140511,0.2569514545287694,2800.0,False,120,120
5,SP120_MOI120,3600,1200,900,120.0,120.0,39116.999999999985,36897.199999999975,2219.8000000000075,0.3398147010887286,15,31,0,63,10885,1.826189041137695,0.0589093239076675,0.2847955902618282,3100.0,False,120,120
6,SP120_MOI120,3600,1200,900,120.0,120.0,38654.199999999975,35457.59999999998,3196.5999999999967,0.5092144104259981,14,30,0,64,10882,1.6592495441436768,0.0553083181381225,0.2756846167983826,3000.0,False,120,120
7,SP120_MOI120,3600,1200,900,120.0,120.0,40395.49999999998,38125.09999999999,2270.3999999999887,0.3363667920193657,13,29,0,65,10891,1.820462942123413,0.0627745842111521,0.2662749058855936,2900.0,False,120,120
8,SP120_MOI120,3600,1200,900,120.0,120.0,40634.09999999999,36719.7,3914.399999999997,0.6021265885153658,13,24,0,69,10885,1.4709763526916504,0.0612906813621521,0.2204869085898024,2400.0,False,120,120
9,SP120_MOI120,3600,1200,900,120.0,120.0,38454.799999999974,35172.19999999998,3282.5999999999913,0.5271572185100472,14,33,0,61,10880,2.0543923377990723,0.0622543132666385,0.3033088235294118,3300.0,False,120,120
10,SP120_MOI120,3600,1200,900,120.0,120.0,35211.099999999984,33287.09999999999,1923.999999999994,0.3264756789095037,14,32,0,62,10878,1.990616798400879,0.0622067749500274,0.2941717227431513,3200.0,False,120,120
11,SP120_MOI120,3600,1200,900,120.0,120.0,40356.499999999985,37287.19999999999,3069.2999999999993,0.4649446918590217,12,27,0,67,10898,1.8251516819000244,0.0675982104407416,0.2477518810790971,2700.0,False,120,120
12,SP120_MOI120,3600,1200,900,120.0,120.0,52119.399999999965,41322.399999999994,10796.99999999997,1.4758400467362154,13,27,0,67,10923,1.912991523742676,0.0708515379163954,0.2471848393298544,2700.0,False,120,120
13,SP120_MOI120,3600,1200,900,120.0,120.0,39021.89999999998,34661.9,4359.999999999982,0.7104865338257016,14,29,0,65,10891,1.8796148300170896,0.0648143044833479,0.2662749058855936,2900.0,False,120,120
14,SP120_MOI120,3600,1200,900,120.0,120.0,41200.39999999998,36854.29999999999,4346.099999999991,0.6660905538539889,14,28,0,66,10888,1.7246410846710205,0.0615943244525364,0.2571638501102131,2800.0,False,120,120
15,SP120_MOI120,3600,1200,900,120.0,120.0,39024.79999999999,36972.600000000006,2052.199999999985,0.3135172331063319,15,31,0,63,10882,2.045605421066284,0.0659872716472994,0.2848741040249954,3100.0,False,120,120
16,SP120_MOI120,3600,1200,900,120.0,120.0,39285.899999999994,36713.09999999998,2572.8000000000147,0.3958281681710128,13,26,0,68,10892,1.7451694011688232,0.0671219000449547,0.2387073081160484,2600.0,False,120,120
17,SP120_MOI120,3600,1200,900,120.0,120.0,40528.29999999998,38339.19999999999,2189.0999999999885,0.322510813825185,15,26,0,68,10904,1.6284208297729492,0.0626315703758826,0.2384446074834923,2600.0,False,120,120
18,SP120_MOI120,3600,1200,900,120.0,120.0,40364.90000000001,37460.90000000001,2904.0,0.4378648987828157,12,23,0,71,10905,1.2676112651824951,0.0551135332688041,0.2109124254928931,2300.0,False,120,120
19,SP120_MOI120,3600,1200,900,120.0,120.0,39957.39999999997,37778.19999999999,2179.1999999999857,0.3258198620391611,11,27,0,67,10883,1.731083869934082,0.064114217404966,0.2480933566112285,2700.0,False,120,120
20,SP120_MOI120,3600,1200,900,120.0,120.0,42398.19999999999,39883.999999999985,2514.200000000002,0.3560597160336408,12,26,0,68,10931,1.8237934112548828,0.0701459004328801,0.2378556399231543,2600.0,False,120,120
21,SP120_MOI120,3600,1200,900,120.0,120.0,42181.99999999997,38678.299999999974,3503.6999999999975,0.5116597593567884,14,27,0,67,10904,1.6109788417816162,0.0596658830289487,0.247615553925165,2700.0,False,120,120
22,SP120_MOI120,3600,1200,900,120.0,120.0,39475.99999999997,37229.999999999985,2245.9999999999854,0.3407520226214807,15,27,0,67,10883,1.7808516025543213,0.0659574667612711,0.2480933566112285,2700.0,False,120,120
23,SP120_MOI120,3600,1200,900,120.0,120.0,38829.99999999998,33648.19999999999,5181.799999999987,0.8698423265264862,17,32,0,62,10858,1.985332489013672,0.0620416402816772,0.2947135752440596,3200.0,False,120,120
24,SP120_MOI120,3600,1200,900,120.0,120.0,39229.399999999965,35557.699999999975,3671.699999999986,0.5832506812097712,13,24,0,70,10894,1.443878412246704,0.0601616005102793,0.2203047549109601,2400.0,False,120,120
0,SP120_MOI180,3600,1200,900,120.0,180.0,40523.89999999998,36424.499999999985,4099.399999999993,0.6356944569521261,13,26,0,68,10891,1.720231294631958,0.0661627421012291,0.2387292259663943,2600.0,False,120,180
1,SP120_MOI180,3600,1200,900,120.0,180.0,41953.60000000001,37029.2,4924.400000000018,0.7511570019644757,14,21,0,74,10899,1.3089721202850342,0.0623320057278587,0.1926782273603083,2100.0,False,120,180
2,SP120_MOI180,3600,1200,900,120.0,180.0,41486.100000000006,35725.7,5760.400000000009,0.9107383434100628,11,24,0,70,10877,1.5748472213745115,0.0656186342239379,0.2206490760319941,2400.0,False,120,180
3,SP120_MOI180,3600,1200,900,120.0,180.0,36228.79999999997,32739.099999999984,3489.699999999984,0.6020645878247315,9,17,0,76,10894,1.056351900100708,0.0621383470647475,0.1560492013952634,1700.0,False,120,180
4,SP120_MOI180,3600,1200,900,120.0,180.0,40269.59999999993,38080.69999999995,2188.8999999999787,0.3246704215804021,11,21,0,73,10903,1.3438737392425537,0.0639939875829787,0.1926075392093919,2100.0,False,120,180
5,SP120_MOI180,3600,1200,900,120.0,180.0,39792.499999999935,37303.699999999946,2488.7999999999893,0.3768424467926115,12,19,0,74,10901,1.228583812713623,0.0646623059322959,0.1742959361526465,1900.0,False,120,180
6,SP120_MOI180,3600,1200,900,120.0,180.0,40779.99999999998,36732.59999999999,4047.399999999988,0.6223664663415712,15,28,0,66,10882,1.7127573490142822,0.0611699053219386,0.2573056423451571,2800.0,False,120,180
7,SP120_MOI180,3600,1200,900,120.0,180.0,38862.39999999998,36387.49999999999,2474.8999999999887,0.3841732873790569,13,21,0,73,10887,1.3047113418579102,0.0621291115170433,0.1928906034720308,2100.0,False,120,180
8,SP120_MOI180,3600,1200,900,120.0,180.0,41436.799999999974,36231.699999999975,5205.100000000001,0.8114506127185638,10,21,0,73,10892,1.4685637950897217,0.0699316092899867,0.1928020565552699,2100.0,False,120,180
9,SP120_MOI180,3600,1200,900,120.0,180.0,39833.59999999994,35949.799999999945,3883.7999999999943,0.6102139130639985,11,21,0,73,10894,1.4017133712768557,0.0667482557750883,0.1927666605470901,2100.0,False,120,180
10,SP120_MOI180,3600,1200,900,120.0,180.0,34400.69999999996,30074.199999999975,4326.499999999987,0.748076424310537,11,24,0,51,8404,129.75446462631226,5.406436026096344,0.2855782960495002,2400.0,True,120,180
11,SP120_MOI180,3600,1200,900,120.0,180.0,40512.59999999999,37534.399999999994,2978.2000000000007,0.4481734323479498,13,22,0,72,10893,1.5512917041778564,0.0705132592808116,0.2019645643991554,2200.0,False,120,180
12,SP120_MOI180,3600,1200,900,120.0,180.0,45601.99999999999,38364.59999999999,7237.400000000002,1.0655494966656824,14,25,0,69,10901,1.6325833797454834,0.0653033351898193,0.2293367580955875,2500.0,False,120,180
13,SP120_MOI180,3600,1200,900,120.0,180.0,42539.70000000001,37665.4,4874.300000000007,0.7309562739161267,14,21,0,73,10915,1.4446299076080322,0.0687919003622872,0.1923957856161246,2100.0,False,120,180
14,SP120_MOI180,3600,1200,900,120.0,180.0,40369.59999999993,35157.29999999996,5212.299999999972,0.8374051277175203,11,22,0,72,10861,1.468954086303711,0.0667706402865323,0.2025596169781788,2200.0,False,120,180
15,SP120_MOI180,3600,1200,900,120.0,180.0,38635.29999999997,36067.2,2568.099999999959,0.4021807034682935,14,24,0,71,10889,1.4142968654632568,0.058929036060969,0.220405914225365,2400.0,False,120,180
16,SP120_MOI180,3600,1200,900,120.0,180.0,42138.29999999996,37776.399999999965,4361.899999999995,0.6521940961802886,11,21,0,73,10887,1.3722410202026367,0.0653448104858398,0.1928906034720308,2100.0,False,120,180
17,SP120_MOI180,3600,1200,900,120.0,180.0,39615.49999999999,36850.09999999999,2765.4000000000024,0.4238781346143339,12,18,0,76,10899,1.102527141571045,0.061251507865058,0.1651527663088356,1800.0,False,120,180
18,SP120_MOI180,3600,1200,900,120.0,180.0,45848.3,39868.29999999999,5980.000000000007,0.8472180368147854,11,23,0,70,10914,1.4878261089324951,0.0646880916927171,0.2107385010078797,2300.0,False,120,180
19,SP120_MOI180,3600,1200,900,120.0,180.0,39331.699999999975,37127.29999999999,2204.3999999999864,0.3353657921159443,12,18,0,76,10904,0.973891019821167,0.0541050566567315,0.16507703595011,1800.0,False,120,180
20,SP120_MOI180,3600,1200,900,120.0,180.0,42448.0,40158.8,2289.200000000002,0.3219769164767525,13,20,0,74,10913,1.3587369918823242,0.0679368495941162,0.1832676624209658,2000.0,False,120,180
21,SP120_MOI180,3600,1200,900,120.0,180.0,39475.39999999995,37800.19999999997,1675.1999999999794,0.2503192755942713,13,22,0,73,10888,1.4601545333862305,0.066370660608465,0.2020573108008817,2200.0,False,120,180
22,SP120_MOI180,3600,1200,900,120.0,180.0,38082.49999999996,35190.49999999998,2891.9999999999845,0.464188714767704,13,21,0,73,10869,1.4183335304260254,0.0675396919250488,0.1932100469224399,2100.0,False,120,180
23,SP120_MOI180,3600,1200,900,120.0,180.0,40245.99999999997,35238.999999999985,5006.999999999983,0.8025567326909565,14,18,0,76,10870,1.0033094882965088,0.0557394160164727,0.1655933762649494,1800.0,False,120,180
24,SP120_MOI180,3600,1200,900,120.0,180.0,38265.99999999995,34411.49999999997,3854.499999999989,0.6326830108705342,11,18,0,76,10881,0.9505548477172852,0.0528086026509602,0.1654259718775848,1800.0,False,120,180
0,SP120_MOI300,3600,1200,900,120.0,300.0,43279.19999999995,37220.29999999995,6058.899999999998,0.9194659312847514,6,12,0,82,10907,0.8759276866912842,0.0729939738909403,0.1100210873750802,1200.0,False,120,300
1,SP120_MOI300,3600,1200,900,120.0,300.0,39813.69999999997,36376.49999999996,3437.2000000000044,0.5337103428233703,10,12,0,83,10913,0.9081852436065674,0.0756821036338806,0.1099605974525795,1200.0,False,120,300
2,SP120_MOI300,3600,1200,900,120.0,300.0,43261.2,38561.49999999999,4699.700000000008,0.6883953747068524,9,13,0,81,10926,0.9635672569274902,0.0741205582251915,0.118982244188175,1300.0,False,120,300
3,SP120_MOI300,3600,1200,900,120.0,300.0,40772.49999999999,36093.9,4678.599999999989,0.7321563483574222,5,12,0,81,10900,0.7605996131896973,0.0633833010991414,0.110091743119266,1200.0,False,120,300
4,SP120_MOI300,3600,1200,900,120.0,300.0,39796.00000000001,36847.09999999999,2948.900000000015,0.4520416579818836,8,14,0,80,10889,1.0381667613983154,0.0741547686713082,0.1285701166314629,1400.0,False,120,300
5,SP120_MOI300,3600,1200,900,120.0,300.0,39878.799999999945,36182.69999999996,3696.0999999999863,0.5769849272572936,12,12,0,81,10884,0.6962196826934814,0.0580183068911234,0.1102535832414553,1200.0,False,120,300
6,SP120_MOI300,3600,1200,900,120.0,300.0,39730.499999999985,34386.999999999985,5343.499999999996,0.8777144570031414,12,15,0,79,10888,1.1777501106262207,0.078516674041748,0.1377663482733284,1500.0,False,120,300
7,SP120_MOI300,3600,1200,900,120.0,300.0,40857.79999999997,35504.199999999975,5353.599999999994,0.8517024854697578,9,15,0,80,10905,1.0090231895446775,0.0672682126363118,0.1375515818431912,1500.0,False,120,300
8,SP120_MOI300,3600,1200,900,120.0,300.0,41237.79999999996,36285.69999999998,4952.099999999979,0.7708602065773045,10,11,0,83,10907,0.7761881351470947,0.0705625577406449,0.1008526634271568,1100.0,False,120,300
9,SP120_MOI300,3600,1200,900,120.0,300.0,42628.59999999995,38304.59999999996,4323.999999999988,0.6376119977097393,11,11,0,83,10902,0.7728614807128906,0.0702601346102627,0.1008989176297927,1100.0,False,120,300
10,SP120_MOI300,3600,1200,900,120.0,300.0,40027.19999999997,34549.999999999985,5477.199999999984,0.8954313067540253,10,16,0,78,10902,1.1523656845092771,0.0720228552818298,0.1467620620069712,1600.0,False,120,300
11,SP120_MOI300,3600,1200,900,120.0,300.0,42068.799999999974,38089.09999999997,3979.700000000003,0.5901621475683356,8,15,0,79,10923,1.03265380859375,0.0688435872395833,0.137324910738808,1500.0,False,120,300
12,SP120_MOI300,3600,1200,900,120.0,300.0,45697.09999999999,37013.09999999999,8684.000000000002,1.3252142002233191,8,11,0,83,10903,0.7515919208526611,0.0683265382593328,0.1008896633953957,1100.0,False,120,300
13,SP120_MOI300,3600,1200,900,120.0,300.0,42929.899999999965,36824.79999999998,6105.099999999984,0.9364273980673778,10,10,0,84,10907,0.7002036571502686,0.0700203657150268,0.0916842394792335,1000.0,False,120,300
14,SP120_MOI300,3600,1200,900,120.0,300.0,42734.99999999998,37356.599999999984,5378.399999999992,0.8132189360245439,12,15,0,79,10902,1.05031418800354,0.0700209458669026,0.1375894331315355,1500.0,False,120,300
15,SP120_MOI300,3600,1200,900,120.0,300.0,40296.100000000006,37162.10000000001,3133.9999999999914,0.4763437498401331,13,16,0,78,10898,1.1067590713500977,0.0691724419593811,0.1468159295283538,1600.0,False,120,300
16,SP120_MOI300,3600,1200,900,120.0,300.0,42048.19999999996,37437.899999999965,4610.299999999998,0.6955677429662354,9,14,0,80,10897,1.0362019538879397,0.0740144252777099,0.1284757272643847,1400.0,False,120,300
17,SP120_MOI300,3600,1200,900,120.0,300.0,44015.799999999945,39971.99999999994,4043.8000000000047,0.5714201039628855,8,12,0,82,10933,0.8340616226196289,0.0695051352183024,0.1097594438854843,1200.0,False,120,300
18,SP120_MOI300,3600,1200,900,120.0,300.0,45214.99999999995,37688.699999999975,7526.299999999985,1.127955833207008,9,12,0,81,10895,0.7226686477661133,0.0602223873138427,0.1101422670949977,1200.0,False,120,300
19,SP120_MOI300,3600,1200,900,120.0,300.0,43329.59999999996,39508.89999999997,3820.69999999999,0.5462226774943645,10,15,0,79,10902,0.9699273109436036,0.0646618207295735,0.1375894331315355,1500.0,False,120,300
20,SP120_MOI300,3600,1200,900,120.0,300.0,44458.09999999997,39279.49999999997,5178.599999999998,0.7446773468642385,9,12,0,81,10923,0.8707253932952881,0.072560449441274,0.1098599285910464,1200.0,False,120,300
21,SP120_MOI300,3600,1200,900,120.0,300.0,40382.09999999993,37421.199999999946,2960.8999999999855,0.446917907378821,8,11,0,83,10903,0.7422142028808594,0.0674740184437144,0.1008896633953957,1100.0,False,120,300
22,SP120_MOI300,3600,1200,900,120.0,300.0,41074.59999999997,36404.79999999999,4669.79999999998,0.7245383171304999,10,13,0,81,10880,1.0258378982543943,0.0789106075580303,0.119485294117647,1300.0,False,120,300
23,SP120_MOI300,3600,1200,900,120.0,300.0,41065.79999999996,34551.99999999996,6513.799999999993,1.0648365642229962,14,14,0,80,10875,0.9584672451019288,0.0684619460787091,0.128735632183908,1400.0,False,120,300
24,SP120_MOI300,3600,1200,900,120.0,300.0,42152.29999999995,35800.799999999974,6351.499999999981,1.00208669902643,9,11,0,83,10891,0.601121187210083,0.054647380655462,0.1010008263703975,1100.0,False,120,300
0,SP180_MOI-10000,3600,1200,900,180.0,-10000.0,39280.4,36709.50000000001,2570.8999999999924,0.3955746401543798,10,94,0,0,10893,4.425882816314697,0.0470838597480286,0.862939502432755,9400.0,False,180,-10000
1,SP180_MOI-10000,3600,1200,900,180.0,-10000.0,41863.49999999999,39565.8,2297.6999999999925,0.3280160538247056,10,94,0,0,10890,4.4615771770477295,0.0474635869898694,0.8631772268135905,9400.0,False,180,-10000
2,SP180_MOI-10000,3600,1200,900,180.0,-10000.0,39100.29999999998,35205.999999999985,3894.299999999994,0.6247905420716867,10,94,0,0,10873,4.495286703109741,0.0478221989692525,0.864526809528189,9400.0,False,180,-10000
3,SP180_MOI-10000,3600,1200,900,180.0,-10000.0,40471.50000000001,37624.600000000006,2846.899999999999,0.4273877279145107,8,93,0,0,10904,4.359877586364746,0.0468804041544596,0.8528980190755686,9300.0,False,180,-10000
4,SP180_MOI-10000,3600,1200,900,180.0,-10000.0,44956.199999999975,42164.19999999997,2792.0000000000073,0.3740186651756195,10,94,0,0,10912,4.595394849777222,0.0488871792529491,0.8614369501466275,9400.0,False,180,-10000
5,SP180_MOI-10000,3600,1200,900,180.0,-10000.0,46695.89999999998,44555.999999999985,2139.899999999997,0.2712745240216285,9,94,0,0,10935,4.730017423629761,0.0503193342939336,0.8596250571559213,9400.0,False,180,-10000
6,SP180_MOI-10000,3600,1200,900,180.0,-10000.0,41746.19999999998,37567.49999999999,4178.69999999999,0.6282762236765018,10,94,0,0,10871,4.326878309249878,0.0460306203111689,0.8646858614662865,9400.0,False,180,-10000
7,SP180_MOI-10000,3600,1200,900,180.0,-10000.0,40925.49999999998,38938.499999999985,1986.9999999999895,0.2882307927956821,10,94,0,0,10912,4.491900682449341,0.0477861774728653,0.8614369501466275,9400.0,False,180,-10000
8,SP180_MOI-10000,3600,1200,900,180.0,-10000.0,39520.89999999999,36984.30000000001,2536.5999999999767,0.3873970520250121,10,93,0,0,10875,4.373804092407227,0.0470301515312605,0.8551724137931035,9300.0,False,180,-10000
9,SP180_MOI-10000,3600,1200,900,180.0,-10000.0,39197.399999999994,36258.89999999999,2938.500000000011,0.4577546841928847,12,94,0,0,10869,4.358906269073486,0.0463713432880158,0.8648449719385408,9400.0,False,180,-10000
10,SP180_MOI-10000,3600,1200,900,180.0,-10000.0,37727.49999999996,33940.29999999998,3787.1999999999825,0.6302665964248187,10,94,0,0,10871,4.457376718521118,0.0474189012608629,0.8646858614662865,9400.0,False,180,-10000
11,SP180_MOI-10000,3600,1200,900,180.0,-10000.0,40334.3,36977.1,3357.199999999995,0.5128213449363558,11,94,0,0,10887,4.397002220153809,0.0467766193633383,0.8634150822081382,9400.0,False,180,-10000
12,SP180_MOI-10000,3600,1200,900,180.0,-10000.0,48353.89999999998,39366.49999999998,8987.399999999998,1.2895227059656211,14,94,0,0,10894,4.574622869491577,0.048666200739272,0.8628602900679273,9400.0,False,180,-10000
13,SP180_MOI-10000,3600,1200,900,180.0,-10000.0,39355.19999999999,35828.799999999996,3526.399999999998,0.5559311853242989,11,94,0,0,10869,4.356611013412476,0.0463469256746008,0.8648449719385408,9400.0,False,180,-10000
14,SP180_MOI-10000,3600,1200,900,180.0,-10000.0,36687.200000000026,33468.50000000003,3218.7,0.5014632095424477,10,74,0,0,8374,124.13280510902403,1.677470339311136,0.8836876044900884,7400.0,True,180,-10000
15,SP180_MOI-10000,3600,1200,900,180.0,-10000.0,40730.2,37967.899999999994,2762.3,0.4109377068060588,11,93,0,0,10889,4.702939987182617,0.0505692471740066,0.8540729176232895,9300.0,False,180,-10000
16,SP180_MOI-10000,3600,1200,900,180.0,-10000.0,40294.49999999996,36728.799999999974,3565.69999999999,0.5483524501896994,10,94,0,0,10885,4.7184624671936035,0.0501964092254638,0.8635737253100597,9400.0,False,180,-10000
17,SP180_MOI-10000,3600,1200,900,180.0,-10000.0,41790.600000000035,39735.70000000003,2054.9000000000024,0.2920999957770419,9,93,0,0,10905,4.763773441314697,0.0512233703367171,0.8528198074277854,9300.0,False,180,-10000
18,SP180_MOI-10000,3600,1200,900,180.0,-10000.0,45340.49999999999,38729.0,6611.4999999999945,0.9642406703781892,13,94,0,0,10882,4.678209543228149,0.0497681866300867,0.863811799301599,9400.0,False,180,-10000
19,SP180_MOI-10000,3600,1200,900,180.0,-10000.0,44178.8,40623.80000000001,3554.9999999999914,0.4942888186208591,10,94,0,0,10897,4.7624335289001465,0.0506641864776611,0.8626227402037258,9400.0,False,180,-10000
20,SP180_MOI-10000,3600,1200,900,180.0,-10000.0,43312.60000000002,40807.7,2504.9000000000137,0.3467129008485193,9,94,0,0,10900,4.965517997741699,0.0528246595504436,0.8623853211009175,9400.0,False,180,-10000
21,SP180_MOI-10000,3600,1200,900,180.0,-10000.0,39731.29999999997,37435.89999999999,2295.3999999999783,0.3463313657111557,10,94,0,0,10885,4.775487184524536,0.0508030551545163,0.8635737253100597,9400.0,False,180,-10000
22,SP180_MOI-10000,3600,1200,900,180.0,-10000.0,40075.80000000001,37699.00000000001,2376.800000000001,0.3561102999496591,14,94,0,0,10871,4.904214382171631,0.0521724934273577,0.8646858614662865,9400.0,False,180,-10000
23,SP180_MOI-10000,3600,1200,900,180.0,-10000.0,42260.99999999995,37528.49999999997,4732.499999999986,0.7122806447319803,14,94,0,0,10868,4.682071924209595,0.0498092757894637,0.8649245491350755,9400.0,False,180,-10000
24,SP180_MOI-10000,3600,1200,900,180.0,-10000.0,38343.50000000001,36141.90000000001,2201.5999999999954,0.3440718664212717,12,94,0,0,10865,4.833171606063843,0.0514167192134451,0.8651633686148182,9400.0,False,180,-10000
0,SP180_MOI60,3600,1200,900,180.0,60.0,42517.500000000015,38015.1,4502.400000000014,0.668974656427013,10,45,0,49,10899,2.8700032234191895,0.0637778494093153,0.4128819157720891,4500.0,False,180,60
1,SP180_MOI60,3600,1200,900,180.0,60.0,39614.89999999998,37341.799999999974,2273.100000000003,0.3438309918608144,9,42,0,52,10897,2.9848473072052,0.0710677930286952,0.3854271817931541,4200.0,False,180,60
2,SP180_MOI60,3600,1200,900,180.0,60.0,41934.3,36155.7,5778.599999999997,0.9027501842078792,9,44,0,50,10878,2.698533535003662,0.0613303076137196,0.404486118771833,4400.0,False,180,60
3,SP180_MOI60,3600,1200,900,180.0,60.0,39691.7,36120.000000000015,3571.699999999991,0.5585331556593999,8,45,0,48,10866,2.8435871601104736,0.0631908257802327,0.4141358365543898,4500.0,False,180,60
4,SP180_MOI60,3600,1200,900,180.0,60.0,47769.89999999998,40461.5,7308.399999999982,1.0202393185327556,11,38,0,56,10906,2.449103593826294,0.0644500945743761,0.3484320557491289,3800.0,False,180,60
5,SP180_MOI60,3600,1200,900,180.0,60.0,42573.799999999974,39119.7,3454.0999999999804,0.498724975615133,11,45,0,49,10912,2.7757232189178467,0.0616827381981743,0.4123900293255131,4500.0,False,180,60
6,SP180_MOI60,3600,1200,900,180.0,60.0,40570.3,36250.100000000006,4320.199999999991,0.6731570062209136,13,46,0,48,10902,2.908898115158081,0.0632369155469148,0.4219409282700421,4600.0,False,180,60
7,SP180_MOI60,3600,1200,900,180.0,60.0,37670.89999999998,34193.49999999999,3477.3999999999837,0.574424321054526,11,39,0,55,10877,2.3096981048583984,0.0592230283297025,0.3585547485519904,3900.0,False,180,60
8,SP180_MOI60,3600,1200,900,180.0,60.0,40789.59999999996,35824.39999999999,4965.199999999977,0.7828517882894197,8,38,0,55,10891,2.5586607456207275,0.0673331775163349,0.3489119456431916,3800.0,False,180,60
9,SP180_MOI60,3600,1200,900,180.0,60.0,39464.29999999998,36249.39999999998,3214.9000000000015,0.5009430697966237,10,43,0,51,10893,2.799749851226806,0.0651104616564373,0.3947489213256219,4300.0,False,180,60
10,SP180_MOI60,3600,1200,900,180.0,60.0,36851.09999999996,33392.39999999999,3458.6999999999753,0.5850419211004214,10,46,0,48,10869,2.8635849952697754,0.0622518477232559,0.4232220075443922,4600.0,False,180,60
11,SP180_MOI60,3600,1200,900,180.0,60.0,42411.79999999999,39039.89999999999,3371.899999999999,0.4878515806412651,9,44,0,50,10924,2.7023847103118896,0.0614178343252702,0.4027828634199927,4400.0,False,180,60
12,SP180_MOI60,3600,1200,900,180.0,60.0,48688.69999999998,40429.69999999999,8258.999999999993,1.153848192386692,11,45,0,49,10910,3.0901131629943848,0.0686691813998752,0.4124656278643446,4500.0,False,180,60
13,SP180_MOI60,3600,1200,900,180.0,60.0,38538.499999999985,35037.19999999998,3501.3000000000015,0.5644450363149351,9,43,0,51,10894,2.728546619415283,0.0634545725445414,0.3947126858821369,4300.0,False,180,60
14,SP180_MOI60,3600,1200,900,180.0,60.0,40047.99999999995,38430.29999999997,1617.6999999999834,0.2377639118492017,9,43,0,51,10891,2.86336898803711,0.0665899764659792,0.3948214121751905,4300.0,False,180,60
15,SP180_MOI60,3600,1200,900,180.0,60.0,43056.69999999999,39349.9,3706.7999999999897,0.5320803836886455,9,44,0,51,10889,2.832303524017334,0.0643705346367575,0.4040775094131693,4400.0,False,180,60
16,SP180_MOI60,3600,1200,900,180.0,60.0,40522.69999999998,36662.89999999998,3859.800000000004,0.5946476599589157,9,40,0,54,10904,2.6229562759399414,0.0655739068984985,0.3668378576669112,4000.0,False,180,60
17,SP180_MOI60,3600,1200,900,180.0,60.0,43355.70000000003,40940.00000000003,2415.7000000000053,0.3332858592311455,9,42,0,51,10913,2.67248010635376,0.0636304787227085,0.3848620910840282,4200.0,False,180,60
18,SP180_MOI60,3600,1200,900,180.0,60.0,43561.699999999975,37139.099999999984,6422.599999999989,0.9767900486738572,12,46,0,48,10893,2.951183557510376,0.0641561642937038,0.4222895437436886,4600.0,False,180,60
19,SP180_MOI60,3600,1200,900,180.0,60.0,41586.599999999955,39431.099999999984,2155.499999999974,0.3087669879364724,9,44,0,51,10898,2.819613218307495,0.0640821185978976,0.403743806202973,4400.0,False,180,60
20,SP180_MOI60,3600,1200,900,180.0,60.0,41447.8,38393.7,3054.100000000003,0.4493088910219851,7,45,0,49,10903,2.834934949874878,0.0629985544416639,0.4127304411629827,4500.0,False,180,60
21,SP180_MOI60,3600,1200,900,180.0,60.0,40215.39999999992,38451.299999999945,1764.09999999998,0.2591396686940895,9,40,0,55,10889,2.369797945022583,0.0592449486255645,0.3673431903756084,4000.0,False,180,60
22,SP180_MOI60,3600,1200,900,180.0,60.0,39437.099999999984,36876.59999999999,2560.4999999999955,0.3921892038746624,8,43,0,51,10882,2.73860239982605,0.0636884279029313,0.3951479507443485,4300.0,False,180,60
23,SP180_MOI60,3600,1200,900,180.0,60.0,40780.400000000016,38315.90000000001,2464.5000000000105,0.3633051197378293,9,39,0,55,10886,2.47943115234375,0.0635751577524038,0.3582583134300937,3900.0,False,180,60
24,SP180_MOI60,3600,1200,900,180.0,60.0,39282.59999999997,35494.89999999997,3787.6999999999966,0.6027418456866067,12,41,0,53,10871,2.6294541358947754,0.0641330277047506,0.3771502161714654,4100.0,False,180,60
0,SP180_MOI120,3600,1200,900,180.0,120.0,42312.899999999965,36499.39999999997,5813.499999999993,0.8996501944605196,5,31,0,63,10899,2.1522648334503174,0.069427897853236,0.2844297641985503,3100.0,False,180,120
1,SP180_MOI120,3600,1200,900,180.0,120.0,42159.399999999994,37380.79999999998,4778.60000000001,0.7220608758189567,9,27,0,68,10902,1.7465753555297852,0.0646879761307327,0.2476609796367638,2700.0,False,180,120
2,SP180_MOI120,3600,1200,900,180.0,120.0,45907.600000000006,39969.0,5938.600000000002,0.8392329329955994,8,25,0,69,10903,1.6899428367614746,0.0675977134704589,0.2292946895349903,2500.0,False,180,120
3,SP180_MOI120,3600,1200,900,180.0,120.0,39671.19999999997,34993.29999999999,4677.899999999981,0.7550709471762903,7,23,0,70,10885,1.4617700576782229,0.0635552198990531,0.2112999540652274,2300.0,False,180,120
4,SP180_MOI120,3600,1200,900,180.0,120.0,46680.29999999995,41164.89999999998,5515.39999999997,0.756783538434893,9,30,0,64,10910,2.0064175128936768,0.0668805837631225,0.2749770852428964,3000.0,False,180,120
5,SP180_MOI120,3600,1200,900,180.0,120.0,43077.69999999997,40360.89999999999,2716.799999999982,0.3802056385819359,8,26,0,67,10915,1.6054174900054932,0.0617468265386728,0.2382043060009161,2600.0,False,180,120
6,SP180_MOI120,3600,1200,900,180.0,120.0,42981.69999999999,38345.399999999994,4636.299999999993,0.6829359648680862,9,34,0,60,10895,2.1238996982574463,0.0624676381840425,0.3120697567691601,3400.0,False,180,120
7,SP180_MOI120,3600,1200,900,180.0,120.0,42279.699999999946,37903.09999999997,4376.599999999978,0.6522045907637031,9,28,0,66,10914,1.974642992019653,0.0705229640007019,0.2565512186182884,2800.0,False,180,120
8,SP180_MOI120,3600,1200,900,180.0,120.0,41306.599999999955,35760.69999999998,5545.8999999999705,0.8759670086601565,6,30,0,64,10883,2.0573675632476807,0.0685789187749226,0.2756592851235873,3000.0,False,180,120
9,SP180_MOI120,3600,1200,900,180.0,120.0,40138.39999999998,36484.59999999998,3653.800000000002,0.5656618752226221,9,29,0,65,10895,1.8939592838287351,0.0653089408216805,0.2661771454795777,2900.0,False,180,120
10,SP180_MOI120,3600,1200,900,180.0,120.0,40791.09999999997,34764.29999999999,6026.799999999981,0.9792081449730216,7,31,0,63,10879,1.9174597263336184,0.0618535395591489,0.2849526610901737,3100.0,False,180,120
11,SP180_MOI120,3600,1200,900,180.0,120.0,38712.7,35213.200000000004,3499.4999999999977,0.5613351411801989,9,25,0,69,10875,1.702883005142212,0.0681153202056884,0.2298850574712643,2500.0,False,180,120
12,SP180_MOI120,3600,1200,900,180.0,120.0,49872.29999999998,40408.399999999994,9463.899999999989,1.322879281655178,8,24,0,70,10931,1.4821996688842771,0.0617583195368448,0.2195590522367578,2400.0,False,180,120
13,SP180_MOI120,3600,1200,900,180.0,120.0,39380.299999999974,35887.299999999974,3492.999999999998,0.5497680880894443,8,30,0,63,10898,1.917604923248291,0.0639201641082763,0.2752798678656634,3000.0,False,180,120
14,SP180_MOI120,3600,1200,900,180.0,120.0,40198.79999999995,35988.19999999996,4210.599999999992,0.6608540980251703,9,24,0,68,10878,1.482825517654419,0.0617843965689341,0.2206287920573635,2400.0,False,180,120
15,SP180_MOI120,3600,1200,900,180.0,120.0,41680.999999999985,38458.19999999999,3222.7999999999965,0.4733322852423586,8,27,0,67,10904,1.7465472221374512,0.0646869341532389,0.247615553925165,2700.0,False,180,120
16,SP180_MOI120,3600,1200,900,180.0,120.0,41145.29999999999,36968.39999999998,4176.900000000011,0.6381828805141708,9,28,0,65,10908,1.773249864578247,0.0633303523063659,0.2566923359002567,2800.0,False,180,120
17,SP180_MOI120,3600,1200,900,180.0,120.0,44112.99999999999,40342.3,3770.699999999997,0.5279381582220039,10,21,0,73,10931,1.2483303546905518,0.0594443026043119,0.1921141707071631,2100.0,False,180,120
18,SP180_MOI120,3600,1200,900,180.0,120.0,42749.59999999998,37617.39999999998,5132.199999999993,0.7706133419553268,11,20,0,73,10911,1.3236587047576904,0.0661829352378845,0.1833012556136009,2000.0,False,180,120
19,SP180_MOI120,3600,1200,900,180.0,120.0,46679.70000000001,42672.400000000016,4007.299999999995,0.5304280884234195,7,29,0,65,10942,2.785970687866211,0.0960679547540072,0.2650338146591117,2900.0,False,180,120
20,SP180_MOI120,3600,1200,900,180.0,120.0,43414.49999999997,39972.29999999998,3442.1999999999925,0.4864057370718225,6,32,0,62,10923,2.1445696353912354,0.0670178011059761,0.2929598095761238,3200.0,False,180,120
21,SP180_MOI120,3600,1200,900,180.0,120.0,38305.69999999998,36250.599999999984,2055.1,0.3202133888136328,9,24,0,70,10885,1.490980625152588,0.0621241927146911,0.2204869085898024,2400.0,False,180,120
22,SP180_MOI120,3600,1200,900,180.0,120.0,38158.699999999946,34160.49999999996,3998.1999999999807,0.6610921842607537,9,24,0,70,10881,1.6584441661834717,0.0691018402576446,0.2205679625034463,2400.0,False,180,120
23,SP180_MOI120,3600,1200,900,180.0,120.0,40623.899999999994,36971.69999999998,3652.200000000015,0.5579648728651909,9,20,0,74,10887,1.2686514854431152,0.0634325742721557,0.1837053366400294,2000.0,False,180,120
24,SP180_MOI120,3600,1200,900,180.0,120.0,39768.49999999998,35009.09999999999,4759.399999999987,0.7678793466602902,8,25,0,69,10878,1.5091586112976074,0.0603663444519042,0.2298216583930869,2500.0,False,180,120
0,SP180_MOI180,3600,1200,900,180.0,180.0,41697.499999999985,35772.19999999999,5925.299999999996,0.9355918289056308,6,27,0,67,10901,1.84375,0.068287037037037,0.2476836987432345,2700.0,False,180,180
1,SP180_MOI180,3600,1200,900,180.0,180.0,41496.19999999999,37821.69999999999,3674.5000000000023,0.5487555591596399,7,22,0,73,10915,1.5480539798736572,0.0703660899942571,0.2015574896930829,2200.0,False,180,180
2,SP180_MOI180,3600,1200,900,180.0,180.0,40081.40000000002,35405.600000000006,4675.800000000014,0.7459430891543346,7,16,0,78,10904,1.1339569091796875,0.0708723068237304,0.1467351430667645,1600.0,False,180,180
3,SP180_MOI180,3600,1200,900,180.0,180.0,38607.3,33971.799999999996,4635.5000000000055,0.7707255448911774,5,16,0,77,10890,1.0727808475494385,0.0670488029718399,0.1469237832874196,1600.0,False,180,180
4,SP180_MOI180,3600,1200,900,180.0,180.0,48159.299999999974,42488.49999999999,5670.79999999998,0.7538668705054877,6,23,0,71,10915,1.5739152431488037,0.0684310975282088,0.2107191937700412,2300.0,False,180,180
5,SP180_MOI180,3600,1200,900,180.0,180.0,41061.999999999935,37662.89999999996,3399.099999999979,0.5097672268442418,8,19,0,74,10901,1.1455764770507812,0.0602934987921463,0.1742959361526465,1900.0,False,180,180
6,SP180_MOI180,3600,1200,900,180.0,180.0,42358.49999999999,36447.899999999994,5910.599999999998,0.9159690202384018,9,27,0,67,10890,1.729552984237671,0.0640575179347285,0.2479338842975206,2700.0,False,180,180
7,SP180_MOI180,3600,1200,900,180.0,180.0,44626.799999999974,40742.999999999985,3883.799999999991,0.5384254505526861,7,19,0,75,10910,1.330413818359375,0.0700217799136513,0.1741521539871677,1900.0,False,180,180
8,SP180_MOI180,3600,1200,900,180.0,180.0,41876.79999999997,36248.59999999999,5628.199999999973,0.8770008427153766,7,21,0,73,10894,1.4981226921081543,0.071339175814674,0.1927666605470901,2100.0,False,180,180
9,SP180_MOI180,3600,1200,900,180.0,180.0,40074.19999999992,36233.399999999936,3840.799999999991,0.5987345656490697,8,18,0,76,10896,1.2388420104980469,0.0688245561387803,0.1651982378854625,1800.0,False,180,180
10,SP180_MOI180,3600,1200,900,180.0,180.0,39753.89999999994,33765.19999999998,5988.699999999961,1.001809067219602,6,25,0,69,10879,1.6550819873809814,0.0662032794952392,0.2298005331372369,2500.0,False,180,180
11,SP180_MOI180,3600,1200,900,180.0,180.0,44259.8,39768.7,4491.099999999996,0.6378712929492808,5,20,0,74,10913,1.325143814086914,0.0662571907043457,0.1832676624209658,2000.0,False,180,180
12,SP180_MOI180,3600,1200,900,180.0,180.0,45745.599999999984,39744.899999999994,6000.699999999989,0.852790263310857,5,22,0,72,10927,1.4458794593811035,0.0657217936082319,0.2013361398371007,2200.0,False,180,180
13,SP180_MOI180,3600,1200,900,180.0,180.0,42545.59999999999,38189.99999999999,4355.6,0.6441990164849554,5,21,0,73,10915,1.564838409423828,0.074516114734468,0.1923957856161246,2100.0,False,180,180
14,SP180_MOI180,3600,1200,900,180.0,180.0,40180.09999999998,35587.39999999999,4592.699999999991,0.7289429577711374,9,19,0,74,10882,1.1164186000823977,0.0587588736885472,0.1746002573056423,1900.0,False,180,180
15,SP180_MOI180,3600,1200,900,180.0,180.0,42066.8,38242.19999999999,3824.600000000009,0.5648912906235983,9,20,0,74,10894,1.3796603679656982,0.0689830183982849,0.1835872957591334,2000.0,False,180,180
16,SP180_MOI180,3600,1200,900,180.0,180.0,43588.49999999998,38932.49999999997,4656.000000000005,0.675495415776673,8,21,0,73,10900,1.4267005920410156,0.0679381234305245,0.1926605504587156,2100.0,False,180,180
17,SP180_MOI180,3600,1200,900,180.0,180.0,44081.7,39217.49999999999,4864.200000000009,0.7005727567517599,6,15,0,79,10915,1.0122032165527344,0.0674802144368489,0.1374255611543747,1500.0,False,180,180
18,SP180_MOI180,3600,1200,900,180.0,180.0,44626.899999999994,38390.29999999999,6236.600000000002,0.9175888151462718,9,22,0,71,10909,1.5208520889282229,0.0691296404058283,0.2016683472362269,2200.0,False,180,180
19,SP180_MOI180,3600,1200,900,180.0,180.0,43279.999999999985,38992.4,4287.599999999984,0.6210921237849539,6,21,0,73,10918,1.3951590061187744,0.066436143148513,0.1923429199487085,2100.0,False,180,180
20,SP180_MOI180,3600,1200,900,180.0,180.0,42886.29999999996,38290.39999999997,4595.89999999999,0.6779573820241968,6,15,0,79,10919,0.9658041000366212,0.0643869400024414,0.137375217510761,1500.0,False,180,180
21,SP180_MOI180,3600,1200,900,180.0,180.0,41906.89999999999,38769.59999999999,3137.299999999997,0.4570739348967648,7,20,0,74,10903,1.3208391666412354,0.0660419583320617,0.1834357516279922,2000.0,False,180,180
22,SP180_MOI180,3600,1200,900,180.0,180.0,40707.49999999996,36730.99999999998,3976.499999999984,0.611490847776272,9,21,0,73,10877,1.642657995223999,0.0782218092963809,0.1930679415279948,2100.0,False,180,180
23,SP180_MOI180,3600,1200,900,180.0,180.0,41480.7,37774.099999999984,3706.6000000000095,0.5542469633897373,8,19,0,75,10897,1.2517492771148682,0.0658815409007825,0.1743599155730935,1900.0,False,180,180
24,SP180_MOI180,3600,1200,900,180.0,180.0,41161.09999999996,35426.79999999998,5734.299999999985,0.9142610356324248,7,18,0,76,10874,1.1163833141326904,0.0620212952295939,0.1655324627551959,1800.0,False,180,180
0,SP180_MOI300,3600,1200,900,180.0,300.0,45989.19999999997,39697.49999999997,6291.700000000001,0.8952134030086049,5,11,0,83,10920,0.8550550937652588,0.0777322812513871,0.1007326007326007,1100.0,False,180,300
1,SP180_MOI300,3600,1200,900,180.0,300.0,46058.79999999999,39233.2,6825.599999999994,0.98267255821572,6,15,0,80,10911,1.241899013519287,0.0827932675679524,0.1374759417102007,1500.0,False,180,300
2,SP180_MOI300,3600,1200,900,180.0,300.0,44225.59999999999,36489.0,7736.5999999999885,1.1975948193328756,7,15,0,79,10910,1.2567243576049805,0.083781623840332,0.1374885426214482,1500.0,False,180,300
3,SP180_MOI300,3600,1200,900,180.0,300.0,40852.49999999997,36113.899999999994,4738.599999999975,0.7411351064515045,4,14,0,79,10908,1.0301010608673096,0.0735786472048078,0.1283461679501283,1400.0,False,180,300
4,SP180_MOI300,3600,1200,900,180.0,300.0,41372.59999999998,35360.099999999984,6012.499999999992,0.9604247240735816,6,16,0,78,10879,1.2363049983978271,0.0772690623998642,0.1470723412078316,1600.0,False,180,300
5,SP180_MOI300,3600,1200,900,180.0,300.0,41925.89999999992,34787.899999999936,7137.9999999999845,1.1589642969519305,4,11,0,83,10887,0.8003253936767578,0.0727568539706143,0.1010379351520161,1100.0,False,180,300
6,SP180_MOI300,3600,1200,900,180.0,300.0,37001.59999999999,30116.09999999999,6885.499999999997,1.1812646170431542,9,16,0,59,8426,127.39668369293211,7.962292730808258,0.189888440541182,1600.0,True,180,300
7,SP180_MOI300,3600,1200,900,180.0,300.0,42436.79999999994,36075.49999999996,6361.299999999971,0.9959906124837968,5,13,0,81,10917,0.8786251544952393,0.0675865503457876,0.1190803334249336,1300.0,False,180,300
8,SP180_MOI300,3600,1200,900,180.0,300.0,41428.399999999965,35812.899999999994,5615.499999999969,0.8856674182017795,6,12,0,82,10889,0.8927452564239502,0.0743954380353291,0.1102029571126825,1200.0,False,180,300
9,SP180_MOI300,3600,1200,900,180.0,300.0,41126.49999999996,36587.49999999997,4538.999999999994,0.700727519832405,8,12,0,81,10890,0.7795064449310303,0.0649588704109191,0.1101928374655647,1200.0,False,180,300
10,SP180_MOI300,3600,1200,900,180.0,300.0,38594.899999999994,34289.1,4305.799999999996,0.7092829070308786,7,17,0,77,10904,1.2690420150756836,0.0746495302985696,0.1559060895084372,1700.0,False,180,300
11,SP180_MOI300,3600,1200,900,180.0,300.0,42021.89999999998,37564.29999999999,4457.5999999999885,0.670266511227209,5,14,0,80,10915,1.0662941932678225,0.0761638709477015,0.1282638570774164,1400.0,False,180,300
12,SP180_MOI300,3600,1200,900,180.0,300.0,45712.7,36578.6,9134.100000000006,1.4104588144764652,6,12,0,82,10904,0.8934779167175293,0.0744564930597941,0.1100513573000733,1200.0,False,180,300
13,SP180_MOI300,3600,1200,900,180.0,300.0,43859.59999999998,39326.59999999997,4533.000000000009,0.6510600464311203,5,13,0,81,10897,0.9841511249542236,0.0757039326887864,0.1192988896026429,1300.0,False,180,300
14,SP180_MOI300,3600,1200,900,180.0,300.0,41167.69999999991,35654.49999999995,5513.199999999963,0.873395849267053,6,14,0,79,10890,1.084255933761597,0.0774468524115426,0.1285583103764921,1400.0,False,180,300
15,SP180_MOI300,3600,1200,900,180.0,300.0,43064.40000000002,38868.50000000002,4195.900000000001,0.6097461615786222,7,15,0,79,10916,1.014911651611328,0.0676607767740885,0.1374129717845364,1500.0,False,180,300
16,SP180_MOI300,3600,1200,900,180.0,300.0,45919.69999999997,39118.69999999997,6800.999999999997,0.981996834261864,8,11,0,83,10911,0.7821817398071289,0.0711074308915571,0.1008156905874805,1100.0,False,180,300
17,SP180_MOI300,3600,1200,900,180.0,300.0,43925.1,38769.99999999999,5155.100000000003,0.75103991700845,6,15,0,79,10897,1.2047460079193115,0.0803164005279541,0.1376525649261264,1500.0,False,180,300
18,SP180_MOI300,3600,1200,900,180.0,300.0,47927.59999999997,38819.699999999975,9107.899999999994,1.3252194627475735,8,17,0,76,10901,1.090580701828003,0.0641518059898825,0.1559489955049995,1700.0,False,180,300
19,SP180_MOI300,3600,1200,900,180.0,300.0,43641.99999999995,39560.79999999998,4081.199999999975,0.5826993576280716,6,15,0,79,10911,1.1118617057800293,0.0741241137186686,0.1374759417102007,1500.0,False,180,300
20,SP180_MOI300,3600,1200,900,180.0,300.0,45658.19999999997,39755.89999999997,5902.299999999996,0.8385740464702329,6,11,0,82,10924,0.8554728031158447,0.0777702548287131,0.1006957158549981,1100.0,False,180,300
21,SP180_MOI300,3600,1200,900,180.0,300.0,41776.99999999996,38549.79999999997,3227.1999999999985,0.4728522700392854,6,13,0,81,10922,0.933880090713501,0.0718369300548846,0.1190258194469877,1300.0,False,180,300
22,SP180_MOI300,3600,1200,900,180.0,300.0,42278.799999999945,36683.09999999998,5595.699999999972,0.8616087876619255,6,13,0,81,10889,1.085099458694458,0.0834691891303429,0.1193865368720727,1300.0,False,180,300
23,SP180_MOI300,3600,1200,900,180.0,300.0,36610.79999999999,32988.39999999998,3622.400000000012,0.6202358711240644,8,13,0,81,10861,0.8848938941955566,0.0680687610919659,0.1196943191234693,1300.0,False,180,300
24,SP180_MOI300,3600,1200,900,180.0,300.0,44527.59999999997,37245.599999999984,7281.999999999983,1.104326328567579,6,12,0,82,10887,0.8277907371520996,0.0689825614293416,0.1102232019840176,1200.0,False,180,300
